--------------------------------------------------------
--  파일이 생성됨 - 수요일-11월-04-2020   
--------------------------------------------------------
--------------------------------------------------------
--  DDL for Table BOARD
--------------------------------------------------------

  CREATE TABLE "YUSUNGHO"."BOARD" 
   (	"BOARD_NUM" NUMBER, 
	"GROUP_NUM" NUMBER, 
	"BOARD_NAME" VARCHAR2(50 BYTE)
   ) SEGMENT CREATION IMMEDIATE 
  PCTFREE 10 PCTUSED 40 INITRANS 1 MAXTRANS 255 NOCOMPRESS LOGGING
  STORAGE(INITIAL 65536 NEXT 1048576 MINEXTENTS 1 MAXEXTENTS 2147483645
  PCTINCREASE 0 FREELISTS 1 FREELIST GROUPS 1 BUFFER_POOL DEFAULT FLASH_CACHE DEFAULT CELL_FLASH_CACHE DEFAULT)
  TABLESPACE "SYSTEM" ;

   COMMENT ON COLUMN "YUSUNGHO"."BOARD"."BOARD_NUM" IS '게시판번호';
   COMMENT ON COLUMN "YUSUNGHO"."BOARD"."GROUP_NUM" IS '그룹번호';
   COMMENT ON COLUMN "YUSUNGHO"."BOARD"."BOARD_NAME" IS '이름';
   COMMENT ON TABLE "YUSUNGHO"."BOARD"  IS '게시판';
--------------------------------------------------------
--  DDL for Table CALENDER
--------------------------------------------------------

  CREATE TABLE "YUSUNGHO"."CALENDER" 
   (	"CAL_ID" VARCHAR2(50 BYTE), 
	"CAL_DATE" DATE, 
	"USER_ID" VARCHAR2(30 BYTE), 
	"CAL_STARTDATE" DATE, 
	"CAL_ENDDATE" DATE, 
	"CAL_CONTENT" VARCHAR2(500 BYTE), 
	"CAL_NAME" VARCHAR2(50 BYTE), 
	"CAL_CATEGORY" VARCHAR2(50 BYTE)
   ) SEGMENT CREATION IMMEDIATE 
  PCTFREE 10 PCTUSED 40 INITRANS 1 MAXTRANS 255 NOCOMPRESS LOGGING
  STORAGE(INITIAL 65536 NEXT 1048576 MINEXTENTS 1 MAXEXTENTS 2147483645
  PCTINCREASE 0 FREELISTS 1 FREELIST GROUPS 1 BUFFER_POOL DEFAULT FLASH_CACHE DEFAULT CELL_FLASH_CACHE DEFAULT)
  TABLESPACE "SYSTEM" ;

   COMMENT ON COLUMN "YUSUNGHO"."CALENDER"."CAL_ID" IS '일정번호';
   COMMENT ON COLUMN "YUSUNGHO"."CALENDER"."CAL_DATE" IS '날짜';
   COMMENT ON COLUMN "YUSUNGHO"."CALENDER"."USER_ID" IS '회원ID';
   COMMENT ON COLUMN "YUSUNGHO"."CALENDER"."CAL_STARTDATE" IS '일정시작일자';
   COMMENT ON COLUMN "YUSUNGHO"."CALENDER"."CAL_ENDDATE" IS '일정종료일자';
   COMMENT ON COLUMN "YUSUNGHO"."CALENDER"."CAL_CONTENT" IS '일정내용';
   COMMENT ON COLUMN "YUSUNGHO"."CALENDER"."CAL_NAME" IS '일정제목';
   COMMENT ON COLUMN "YUSUNGHO"."CALENDER"."CAL_CATEGORY" IS '일정분류';
   COMMENT ON TABLE "YUSUNGHO"."CALENDER"  IS '일정';
--------------------------------------------------------
--  DDL for Table COL_ANSWER
--------------------------------------------------------

  CREATE TABLE "YUSUNGHO"."COL_ANSWER" 
   (	"USER_ID" VARCHAR2(30 BYTE), 
	"COL_NUM" NUMBER, 
	"COL_SOLVEDATE" VARCHAR2(100 BYTE), 
	"COL_WRONGCONTENT" VARCHAR2(1000 BYTE), 
	"COL_REALANSWER" VARCHAR2(200 BYTE), 
	"PRO_NUM" NUMBER, 
	"COL_LIST_NUM" VARCHAR2(50 BYTE)
   ) SEGMENT CREATION IMMEDIATE 
  PCTFREE 10 PCTUSED 40 INITRANS 1 MAXTRANS 255 NOCOMPRESS LOGGING
  STORAGE(INITIAL 65536 NEXT 1048576 MINEXTENTS 1 MAXEXTENTS 2147483645
  PCTINCREASE 0 FREELISTS 1 FREELIST GROUPS 1 BUFFER_POOL DEFAULT FLASH_CACHE DEFAULT CELL_FLASH_CACHE DEFAULT)
  TABLESPACE "SYSTEM" ;

   COMMENT ON COLUMN "YUSUNGHO"."COL_ANSWER"."USER_ID" IS '아이디';
   COMMENT ON COLUMN "YUSUNGHO"."COL_ANSWER"."COL_NUM" IS '문제집번호';
   COMMENT ON COLUMN "YUSUNGHO"."COL_ANSWER"."COL_SOLVEDATE" IS '문제집푼시각';
   COMMENT ON COLUMN "YUSUNGHO"."COL_ANSWER"."COL_WRONGCONTENT" IS '오답내역';
   COMMENT ON COLUMN "YUSUNGHO"."COL_ANSWER"."COL_REALANSWER" IS '정답';
   COMMENT ON COLUMN "YUSUNGHO"."COL_ANSWER"."PRO_NUM" IS '문제번호';
   COMMENT ON COLUMN "YUSUNGHO"."COL_ANSWER"."COL_LIST_NUM" IS '문제순서번호';
   COMMENT ON TABLE "YUSUNGHO"."COL_ANSWER"  IS '문제집오답문제';
--------------------------------------------------------
--  DDL for Table COL_EVAL
--------------------------------------------------------

  CREATE TABLE "YUSUNGHO"."COL_EVAL" 
   (	"COL_EVAL_CONTENT" BLOB, 
	"COL_EVAL_SCORE" VARCHAR2(50 BYTE), 
	"USER_ID" VARCHAR2(30 BYTE), 
	"COL_NUM" NUMBER
   ) SEGMENT CREATION IMMEDIATE 
  PCTFREE 10 PCTUSED 40 INITRANS 1 MAXTRANS 255 NOCOMPRESS LOGGING
  STORAGE(INITIAL 65536 NEXT 1048576 MINEXTENTS 1 MAXEXTENTS 2147483645
  PCTINCREASE 0 FREELISTS 1 FREELIST GROUPS 1 BUFFER_POOL DEFAULT FLASH_CACHE DEFAULT CELL_FLASH_CACHE DEFAULT)
  TABLESPACE "SYSTEM" 
 LOB ("COL_EVAL_CONTENT") STORE AS BASICFILE (
  TABLESPACE "SYSTEM" ENABLE STORAGE IN ROW CHUNK 8192 RETENTION 
  NOCACHE LOGGING 
  STORAGE(INITIAL 65536 NEXT 1048576 MINEXTENTS 1 MAXEXTENTS 2147483645
  PCTINCREASE 0 FREELISTS 1 FREELIST GROUPS 1 BUFFER_POOL DEFAULT FLASH_CACHE DEFAULT CELL_FLASH_CACHE DEFAULT)) ;

   COMMENT ON COLUMN "YUSUNGHO"."COL_EVAL"."COL_EVAL_CONTENT" IS '내용';
   COMMENT ON COLUMN "YUSUNGHO"."COL_EVAL"."COL_EVAL_SCORE" IS '점수';
   COMMENT ON COLUMN "YUSUNGHO"."COL_EVAL"."USER_ID" IS '아이디';
   COMMENT ON COLUMN "YUSUNGHO"."COL_EVAL"."COL_NUM" IS '문제집번호';
   COMMENT ON TABLE "YUSUNGHO"."COL_EVAL"  IS '문제집평가';
--------------------------------------------------------
--  DDL for Table COL_HISTORY
--------------------------------------------------------

  CREATE TABLE "YUSUNGHO"."COL_HISTORY" 
   (	"COL_SOLVEDATE" VARCHAR2(100 BYTE), 
	"USER_ID" VARCHAR2(30 BYTE), 
	"COL_NUM" NUMBER, 
	"COL_SCORE" VARCHAR2(50 BYTE)
   ) SEGMENT CREATION IMMEDIATE 
  PCTFREE 10 PCTUSED 40 INITRANS 1 MAXTRANS 255 NOCOMPRESS LOGGING
  STORAGE(INITIAL 65536 NEXT 1048576 MINEXTENTS 1 MAXEXTENTS 2147483645
  PCTINCREASE 0 FREELISTS 1 FREELIST GROUPS 1 BUFFER_POOL DEFAULT FLASH_CACHE DEFAULT CELL_FLASH_CACHE DEFAULT)
  TABLESPACE "SYSTEM" ;

   COMMENT ON COLUMN "YUSUNGHO"."COL_HISTORY"."COL_SOLVEDATE" IS '문제집푼시각';
   COMMENT ON COLUMN "YUSUNGHO"."COL_HISTORY"."USER_ID" IS '아이디';
   COMMENT ON COLUMN "YUSUNGHO"."COL_HISTORY"."COL_NUM" IS '문제집번호';
   COMMENT ON COLUMN "YUSUNGHO"."COL_HISTORY"."COL_SCORE" IS '점수';
   COMMENT ON TABLE "YUSUNGHO"."COL_HISTORY"  IS '문제집히스토리';
--------------------------------------------------------
--  DDL for Table COL_LIST
--------------------------------------------------------

  CREATE TABLE "YUSUNGHO"."COL_LIST" 
   (	"PRO_NUM" NUMBER, 
	"COL_NUM" NUMBER, 
	"COL_LIST_NUM" VARCHAR2(50 BYTE), 
	"COL_LIST_POINT" NUMBER
   ) SEGMENT CREATION IMMEDIATE 
  PCTFREE 10 PCTUSED 40 INITRANS 1 MAXTRANS 255 NOCOMPRESS LOGGING
  STORAGE(INITIAL 65536 NEXT 1048576 MINEXTENTS 1 MAXEXTENTS 2147483645
  PCTINCREASE 0 FREELISTS 1 FREELIST GROUPS 1 BUFFER_POOL DEFAULT FLASH_CACHE DEFAULT CELL_FLASH_CACHE DEFAULT)
  TABLESPACE "SYSTEM" ;

   COMMENT ON COLUMN "YUSUNGHO"."COL_LIST"."PRO_NUM" IS '문제번호';
   COMMENT ON COLUMN "YUSUNGHO"."COL_LIST"."COL_NUM" IS '문제집번호';
   COMMENT ON COLUMN "YUSUNGHO"."COL_LIST"."COL_LIST_NUM" IS '문제순서번호';
   COMMENT ON COLUMN "YUSUNGHO"."COL_LIST"."COL_LIST_POINT" IS '문제점수';
   COMMENT ON TABLE "YUSUNGHO"."COL_LIST"  IS '문제집문제';
--------------------------------------------------------
--  DDL for Table GROUP_TABLE
--------------------------------------------------------

  CREATE TABLE "YUSUNGHO"."GROUP_TABLE" 
   (	"GROUP_NUM" NUMBER, 
	"GROUP_NAME" VARCHAR2(50 BYTE), 
	"GROUP_LEADER" VARCHAR2(50 BYTE), 
	"GROUP_CATEGORY" VARCHAR2(50 BYTE), 
	"GROUP_ICON" VARCHAR2(500 BYTE), 
	"GROUP_JOINMANNER" VARCHAR2(50 BYTE), 
	"GROUP_DESC" VARCHAR2(1000 BYTE), 
	"GROUP_DATE" DATE
   ) SEGMENT CREATION IMMEDIATE 
  PCTFREE 10 PCTUSED 40 INITRANS 1 MAXTRANS 255 NOCOMPRESS LOGGING
  STORAGE(INITIAL 65536 NEXT 1048576 MINEXTENTS 1 MAXEXTENTS 2147483645
  PCTINCREASE 0 FREELISTS 1 FREELIST GROUPS 1 BUFFER_POOL DEFAULT FLASH_CACHE DEFAULT CELL_FLASH_CACHE DEFAULT)
  TABLESPACE "SYSTEM" ;

   COMMENT ON COLUMN "YUSUNGHO"."GROUP_TABLE"."GROUP_NUM" IS '그룹번호';
   COMMENT ON COLUMN "YUSUNGHO"."GROUP_TABLE"."GROUP_NAME" IS '그룹명';
   COMMENT ON COLUMN "YUSUNGHO"."GROUP_TABLE"."GROUP_LEADER" IS '그룹장';
   COMMENT ON COLUMN "YUSUNGHO"."GROUP_TABLE"."GROUP_CATEGORY" IS '그룹카테고리';
   COMMENT ON COLUMN "YUSUNGHO"."GROUP_TABLE"."GROUP_ICON" IS '그룹아이콘';
   COMMENT ON COLUMN "YUSUNGHO"."GROUP_TABLE"."GROUP_JOINMANNER" IS '가입방식';
   COMMENT ON COLUMN "YUSUNGHO"."GROUP_TABLE"."GROUP_DESC" IS '그룹설명';
   COMMENT ON COLUMN "YUSUNGHO"."GROUP_TABLE"."GROUP_DATE" IS '카페개설일';
   COMMENT ON TABLE "YUSUNGHO"."GROUP_TABLE"  IS '그룹';
--------------------------------------------------------
--  DDL for Table JOIN_GROUP_LIST
--------------------------------------------------------

  CREATE TABLE "YUSUNGHO"."JOIN_GROUP_LIST" 
   (	"GROUP_NUM" NUMBER, 
	"USER_ID" VARCHAR2(30 BYTE), 
	"G_LIST_STATE" VARCHAR2(50 BYTE), 
	"G_LIST_JOINDATE" DATE, 
	"G_LIST_CANDIDATE" DATE
   ) SEGMENT CREATION IMMEDIATE 
  PCTFREE 10 PCTUSED 40 INITRANS 1 MAXTRANS 255 NOCOMPRESS LOGGING
  STORAGE(INITIAL 65536 NEXT 1048576 MINEXTENTS 1 MAXEXTENTS 2147483645
  PCTINCREASE 0 FREELISTS 1 FREELIST GROUPS 1 BUFFER_POOL DEFAULT FLASH_CACHE DEFAULT CELL_FLASH_CACHE DEFAULT)
  TABLESPACE "SYSTEM" ;

   COMMENT ON COLUMN "YUSUNGHO"."JOIN_GROUP_LIST"."GROUP_NUM" IS '그룹번호';
   COMMENT ON COLUMN "YUSUNGHO"."JOIN_GROUP_LIST"."USER_ID" IS '아이디';
   COMMENT ON COLUMN "YUSUNGHO"."JOIN_GROUP_LIST"."G_LIST_STATE" IS '등급-승인상태';
   COMMENT ON COLUMN "YUSUNGHO"."JOIN_GROUP_LIST"."G_LIST_JOINDATE" IS '가입일자';
   COMMENT ON COLUMN "YUSUNGHO"."JOIN_GROUP_LIST"."G_LIST_CANDIDATE" IS '가입신청일자';
   COMMENT ON TABLE "YUSUNGHO"."JOIN_GROUP_LIST"  IS '참여그룹';
--------------------------------------------------------
--  DDL for Table LEC_CONTENT
--------------------------------------------------------

  CREATE TABLE "YUSUNGHO"."LEC_CONTENT" 
   (	"LECTURE_ID" NUMBER, 
	"LEC_CONTENT_ID" VARCHAR2(50 BYTE)
   ) SEGMENT CREATION IMMEDIATE 
  PCTFREE 10 PCTUSED 40 INITRANS 1 MAXTRANS 255 NOCOMPRESS LOGGING
  STORAGE(INITIAL 65536 NEXT 1048576 MINEXTENTS 1 MAXEXTENTS 2147483645
  PCTINCREASE 0 FREELISTS 1 FREELIST GROUPS 1 BUFFER_POOL DEFAULT FLASH_CACHE DEFAULT CELL_FLASH_CACHE DEFAULT)
  TABLESPACE "SYSTEM" ;

   COMMENT ON COLUMN "YUSUNGHO"."LEC_CONTENT"."LECTURE_ID" IS '강의번호';
   COMMENT ON COLUMN "YUSUNGHO"."LEC_CONTENT"."LEC_CONTENT_ID" IS '강의내용번호';
   COMMENT ON TABLE "YUSUNGHO"."LEC_CONTENT"  IS '강의내용';
--------------------------------------------------------
--  DDL for Table LEC_FILE
--------------------------------------------------------

  CREATE TABLE "YUSUNGHO"."LEC_FILE" 
   (	"LEC_FILE_ID" VARCHAR2(50 BYTE), 
	"LEC_FILE_NAME" VARCHAR2(50 BYTE), 
	"LECTURE_ID" NUMBER, 
	"LEC_CONTENT_ID" VARCHAR2(50 BYTE), 
	"LEC_FILE_ORDER" VARCHAR2(50 BYTE)
   ) SEGMENT CREATION IMMEDIATE 
  PCTFREE 10 PCTUSED 40 INITRANS 1 MAXTRANS 255 NOCOMPRESS LOGGING
  STORAGE(INITIAL 65536 NEXT 1048576 MINEXTENTS 1 MAXEXTENTS 2147483645
  PCTINCREASE 0 FREELISTS 1 FREELIST GROUPS 1 BUFFER_POOL DEFAULT FLASH_CACHE DEFAULT CELL_FLASH_CACHE DEFAULT)
  TABLESPACE "SYSTEM" ;

   COMMENT ON COLUMN "YUSUNGHO"."LEC_FILE"."LEC_FILE_ID" IS '파일번호';
   COMMENT ON COLUMN "YUSUNGHO"."LEC_FILE"."LEC_FILE_NAME" IS '파일명';
   COMMENT ON COLUMN "YUSUNGHO"."LEC_FILE"."LECTURE_ID" IS '강의번호';
   COMMENT ON COLUMN "YUSUNGHO"."LEC_FILE"."LEC_CONTENT_ID" IS '강의내용번호';
   COMMENT ON COLUMN "YUSUNGHO"."LEC_FILE"."LEC_FILE_ORDER" IS '순서';
   COMMENT ON TABLE "YUSUNGHO"."LEC_FILE"  IS '강의파일';
--------------------------------------------------------
--  DDL for Table LECTURE
--------------------------------------------------------

  CREATE TABLE "YUSUNGHO"."LECTURE" 
   (	"LECTURE_ID" NUMBER, 
	"LECTURE_CATEGORY" VARCHAR2(50 BYTE), 
	"LECTURE_NAME" VARCHAR2(50 BYTE), 
	"USER_ID" VARCHAR2(30 BYTE)
   ) SEGMENT CREATION IMMEDIATE 
  PCTFREE 10 PCTUSED 40 INITRANS 1 MAXTRANS 255 NOCOMPRESS LOGGING
  STORAGE(INITIAL 65536 NEXT 1048576 MINEXTENTS 1 MAXEXTENTS 2147483645
  PCTINCREASE 0 FREELISTS 1 FREELIST GROUPS 1 BUFFER_POOL DEFAULT FLASH_CACHE DEFAULT CELL_FLASH_CACHE DEFAULT)
  TABLESPACE "SYSTEM" ;

   COMMENT ON COLUMN "YUSUNGHO"."LECTURE"."LECTURE_ID" IS '강의번호';
   COMMENT ON COLUMN "YUSUNGHO"."LECTURE"."LECTURE_CATEGORY" IS '분야';
   COMMENT ON COLUMN "YUSUNGHO"."LECTURE"."LECTURE_NAME" IS '강의명';
   COMMENT ON COLUMN "YUSUNGHO"."LECTURE"."USER_ID" IS '강사아이디';
   COMMENT ON TABLE "YUSUNGHO"."LECTURE"  IS '강의';
--------------------------------------------------------
--  DDL for Table ORDERS
--------------------------------------------------------

  CREATE TABLE "YUSUNGHO"."ORDERS" 
   (	"ORDER_ID" VARCHAR2(30 BYTE), 
	"USER_ID" VARCHAR2(30 BYTE), 
	"LECTURE_ID" VARCHAR2(30 BYTE), 
	"DISCOUNT_POINT" NUMBER, 
	"TOTAL_PRICE" NUMBER, 
	"POINT_OVER" CHAR(1 BYTE), 
	"ORDER_DATE" VARCHAR2(200 BYTE), 
	"ORDER_PRICE" NUMBER
   ) SEGMENT CREATION IMMEDIATE 
  PCTFREE 10 PCTUSED 40 INITRANS 1 MAXTRANS 255 NOCOMPRESS LOGGING
  STORAGE(INITIAL 65536 NEXT 1048576 MINEXTENTS 1 MAXEXTENTS 2147483645
  PCTINCREASE 0 FREELISTS 1 FREELIST GROUPS 1 BUFFER_POOL DEFAULT FLASH_CACHE DEFAULT CELL_FLASH_CACHE DEFAULT)
  TABLESPACE "USERS" ;

   COMMENT ON COLUMN "YUSUNGHO"."ORDERS"."ORDER_ID" IS '주문번호';
   COMMENT ON COLUMN "YUSUNGHO"."ORDERS"."USER_ID" IS '아이디';
   COMMENT ON COLUMN "YUSUNGHO"."ORDERS"."LECTURE_ID" IS '강의번호';
   COMMENT ON COLUMN "YUSUNGHO"."ORDERS"."DISCOUNT_POINT" IS '할인포인트';
   COMMENT ON COLUMN "YUSUNGHO"."ORDERS"."TOTAL_PRICE" IS '주문합계가격';
   COMMENT ON COLUMN "YUSUNGHO"."ORDERS"."ORDER_DATE" IS '주문날짜';
   COMMENT ON COLUMN "YUSUNGHO"."ORDERS"."ORDER_PRICE" IS '주문가격';
   COMMENT ON TABLE "YUSUNGHO"."ORDERS"  IS '주문';
--------------------------------------------------------
--  DDL for Table P_FILE
--------------------------------------------------------

  CREATE TABLE "YUSUNGHO"."P_FILE" 
   (	"P_FILE_NUM" VARCHAR2(50 BYTE), 
	"P_FILE_NAME" VARCHAR2(50 BYTE), 
	"P_FILE_ORDER" VARCHAR2(50 BYTE), 
	"PRO_NUM" NUMBER
   ) SEGMENT CREATION IMMEDIATE 
  PCTFREE 10 PCTUSED 40 INITRANS 1 MAXTRANS 255 NOCOMPRESS LOGGING
  STORAGE(INITIAL 65536 NEXT 1048576 MINEXTENTS 1 MAXEXTENTS 2147483645
  PCTINCREASE 0 FREELISTS 1 FREELIST GROUPS 1 BUFFER_POOL DEFAULT FLASH_CACHE DEFAULT CELL_FLASH_CACHE DEFAULT)
  TABLESPACE "SYSTEM" ;

   COMMENT ON COLUMN "YUSUNGHO"."P_FILE"."P_FILE_NUM" IS '파일번호';
   COMMENT ON COLUMN "YUSUNGHO"."P_FILE"."P_FILE_NAME" IS '파일명';
   COMMENT ON COLUMN "YUSUNGHO"."P_FILE"."P_FILE_ORDER" IS '순서';
   COMMENT ON COLUMN "YUSUNGHO"."P_FILE"."PRO_NUM" IS '문제번호';
   COMMENT ON TABLE "YUSUNGHO"."P_FILE"  IS '문제파일';
--------------------------------------------------------
--  DDL for Table PAY
--------------------------------------------------------

  CREATE TABLE "YUSUNGHO"."PAY" 
   (	"PAY_ID" VARCHAR2(50 BYTE), 
	"PAY_CONTENT" VARCHAR2(500 BYTE), 
	"PAY_WAY" VARCHAR2(50 BYTE), 
	"USER_ID" VARCHAR2(30 BYTE), 
	"PAY_DATE" DATE, 
	"PAY_AMOUNT" NUMBER
   ) SEGMENT CREATION IMMEDIATE 
  PCTFREE 10 PCTUSED 40 INITRANS 1 MAXTRANS 255 NOCOMPRESS LOGGING
  STORAGE(INITIAL 65536 NEXT 1048576 MINEXTENTS 1 MAXEXTENTS 2147483645
  PCTINCREASE 0 FREELISTS 1 FREELIST GROUPS 1 BUFFER_POOL DEFAULT FLASH_CACHE DEFAULT CELL_FLASH_CACHE DEFAULT)
  TABLESPACE "SYSTEM" ;

   COMMENT ON COLUMN "YUSUNGHO"."PAY"."PAY_ID" IS '결제번호';
   COMMENT ON COLUMN "YUSUNGHO"."PAY"."PAY_CONTENT" IS '결제내역';
   COMMENT ON COLUMN "YUSUNGHO"."PAY"."PAY_WAY" IS '결제수단';
   COMMENT ON COLUMN "YUSUNGHO"."PAY"."USER_ID" IS '아이디';
   COMMENT ON COLUMN "YUSUNGHO"."PAY"."PAY_DATE" IS '결제시각';
   COMMENT ON COLUMN "YUSUNGHO"."PAY"."PAY_AMOUNT" IS '결제금액';
   COMMENT ON TABLE "YUSUNGHO"."PAY"  IS '결제';
--------------------------------------------------------
--  DDL for Table POINT
--------------------------------------------------------

  CREATE TABLE "YUSUNGHO"."POINT" 
   (	"POINT_DATE" DATE, 
	"POINT_CHANGE" NUMBER, 
	"POINT_REST" NUMBER, 
	"USER_ID" VARCHAR2(30 BYTE), 
	"POINT_CONTENT" VARCHAR2(500 BYTE)
   ) SEGMENT CREATION IMMEDIATE 
  PCTFREE 10 PCTUSED 40 INITRANS 1 MAXTRANS 255 NOCOMPRESS LOGGING
  STORAGE(INITIAL 65536 NEXT 1048576 MINEXTENTS 1 MAXEXTENTS 2147483645
  PCTINCREASE 0 FREELISTS 1 FREELIST GROUPS 1 BUFFER_POOL DEFAULT FLASH_CACHE DEFAULT CELL_FLASH_CACHE DEFAULT)
  TABLESPACE "SYSTEM" ;

   COMMENT ON COLUMN "YUSUNGHO"."POINT"."POINT_DATE" IS '변동시각';
   COMMENT ON COLUMN "YUSUNGHO"."POINT"."POINT_CHANGE" IS '변동금액';
   COMMENT ON COLUMN "YUSUNGHO"."POINT"."POINT_REST" IS '포인트 잔액';
   COMMENT ON COLUMN "YUSUNGHO"."POINT"."USER_ID" IS '아이디';
   COMMENT ON COLUMN "YUSUNGHO"."POINT"."POINT_CONTENT" IS '변동내역';
   COMMENT ON TABLE "YUSUNGHO"."POINT"  IS '포인트';
--------------------------------------------------------
--  DDL for Table POST
--------------------------------------------------------

  CREATE TABLE "YUSUNGHO"."POST" 
   (	"POST_NUM" NUMBER, 
	"BOARD_NUM" NUMBER, 
	"USER_ID" VARCHAR2(30 BYTE), 
	"POST_TITLE" VARCHAR2(100 BYTE), 
	"POST_CONTENT" VARCHAR2(4000 BYTE), 
	"POST_DATE" DATE, 
	"POST_CATEGORY" VARCHAR2(50 BYTE), 
	"POST_PARENT" VARCHAR2(50 BYTE)
   ) SEGMENT CREATION IMMEDIATE 
  PCTFREE 10 PCTUSED 40 INITRANS 1 MAXTRANS 255 NOCOMPRESS LOGGING
  STORAGE(INITIAL 65536 NEXT 1048576 MINEXTENTS 1 MAXEXTENTS 2147483645
  PCTINCREASE 0 FREELISTS 1 FREELIST GROUPS 1 BUFFER_POOL DEFAULT FLASH_CACHE DEFAULT CELL_FLASH_CACHE DEFAULT)
  TABLESPACE "SYSTEM" ;

   COMMENT ON COLUMN "YUSUNGHO"."POST"."POST_NUM" IS '글번호';
   COMMENT ON COLUMN "YUSUNGHO"."POST"."BOARD_NUM" IS '게시판번호';
   COMMENT ON COLUMN "YUSUNGHO"."POST"."USER_ID" IS '작성자아이디';
   COMMENT ON COLUMN "YUSUNGHO"."POST"."POST_TITLE" IS '제목';
   COMMENT ON COLUMN "YUSUNGHO"."POST"."POST_CONTENT" IS '내용';
   COMMENT ON COLUMN "YUSUNGHO"."POST"."POST_DATE" IS '작성시각';
   COMMENT ON COLUMN "YUSUNGHO"."POST"."POST_CATEGORY" IS '분류';
   COMMENT ON COLUMN "YUSUNGHO"."POST"."POST_PARENT" IS '상위글';
   COMMENT ON TABLE "YUSUNGHO"."POST"  IS '게시글/댓글';
--------------------------------------------------------
--  DDL for Table POST_FILE
--------------------------------------------------------

  CREATE TABLE "YUSUNGHO"."POST_FILE" 
   (	"POST_FILE_NUM" VARCHAR2(50 BYTE), 
	"POST_NUM" NUMBER, 
	"POST_FILE_NAME" VARCHAR2(100 BYTE), 
	"POST_FILE_ORDER" VARCHAR2(50 BYTE)
   ) SEGMENT CREATION IMMEDIATE 
  PCTFREE 10 PCTUSED 40 INITRANS 1 MAXTRANS 255 NOCOMPRESS LOGGING
  STORAGE(INITIAL 65536 NEXT 1048576 MINEXTENTS 1 MAXEXTENTS 2147483645
  PCTINCREASE 0 FREELISTS 1 FREELIST GROUPS 1 BUFFER_POOL DEFAULT FLASH_CACHE DEFAULT CELL_FLASH_CACHE DEFAULT)
  TABLESPACE "SYSTEM" ;

   COMMENT ON COLUMN "YUSUNGHO"."POST_FILE"."POST_FILE_NUM" IS '파일번호';
   COMMENT ON COLUMN "YUSUNGHO"."POST_FILE"."POST_NUM" IS '글번호';
   COMMENT ON COLUMN "YUSUNGHO"."POST_FILE"."POST_FILE_NAME" IS '파일명';
   COMMENT ON COLUMN "YUSUNGHO"."POST_FILE"."POST_FILE_ORDER" IS '순서';
   COMMENT ON TABLE "YUSUNGHO"."POST_FILE"  IS '게시글파일';
--------------------------------------------------------
--  DDL for Table PRO_CATEGORY
--------------------------------------------------------

  CREATE TABLE "YUSUNGHO"."PRO_CATEGORY" 
   (	"CATEGORY_ID" VARCHAR2(50 BYTE), 
	"CATEGORY_NAME" VARCHAR2(100 BYTE)
   ) SEGMENT CREATION IMMEDIATE 
  PCTFREE 10 PCTUSED 40 INITRANS 1 MAXTRANS 255 NOCOMPRESS LOGGING
  STORAGE(INITIAL 65536 NEXT 1048576 MINEXTENTS 1 MAXEXTENTS 2147483645
  PCTINCREASE 0 FREELISTS 1 FREELIST GROUPS 1 BUFFER_POOL DEFAULT FLASH_CACHE DEFAULT CELL_FLASH_CACHE DEFAULT)
  TABLESPACE "SYSTEM" ;

   COMMENT ON COLUMN "YUSUNGHO"."PRO_CATEGORY"."CATEGORY_ID" IS '카테고리id';
   COMMENT ON COLUMN "YUSUNGHO"."PRO_CATEGORY"."CATEGORY_NAME" IS '카테고리이름';
   COMMENT ON TABLE "YUSUNGHO"."PRO_CATEGORY"  IS '문제카테고리';
--------------------------------------------------------
--  DDL for Table PRO_CHOICE
--------------------------------------------------------

  CREATE TABLE "YUSUNGHO"."PRO_CHOICE" 
   (	"CHO_CONTENT" VARCHAR2(50 BYTE), 
	"PRO_NUM" NUMBER, 
	"CHO_NUM" VARCHAR2(50 BYTE)
   ) SEGMENT CREATION IMMEDIATE 
  PCTFREE 10 PCTUSED 40 INITRANS 1 MAXTRANS 255 NOCOMPRESS LOGGING
  STORAGE(INITIAL 65536 NEXT 1048576 MINEXTENTS 1 MAXEXTENTS 2147483645
  PCTINCREASE 0 FREELISTS 1 FREELIST GROUPS 1 BUFFER_POOL DEFAULT FLASH_CACHE DEFAULT CELL_FLASH_CACHE DEFAULT)
  TABLESPACE "SYSTEM" ;

   COMMENT ON COLUMN "YUSUNGHO"."PRO_CHOICE"."CHO_CONTENT" IS '내용';
   COMMENT ON COLUMN "YUSUNGHO"."PRO_CHOICE"."PRO_NUM" IS '문제번호';
   COMMENT ON COLUMN "YUSUNGHO"."PRO_CHOICE"."CHO_NUM" IS '번호';
   COMMENT ON TABLE "YUSUNGHO"."PRO_CHOICE"  IS '객관식문제 선택지';
--------------------------------------------------------
--  DDL for Table PRO_COLLECTION
--------------------------------------------------------

  CREATE TABLE "YUSUNGHO"."PRO_COLLECTION" 
   (	"COL_NUM" NUMBER, 
	"USER_ID" VARCHAR2(30 BYTE), 
	"COL_NAME" VARCHAR2(50 BYTE), 
	"COL_TAG" VARCHAR2(50 BYTE), 
	"CATEGORY_ID" VARCHAR2(50 BYTE), 
	"CATEGORY_NAME" VARCHAR2(100 BYTE), 
	"COL_MAXSCORE" VARCHAR2(50 BYTE)
   ) SEGMENT CREATION IMMEDIATE 
  PCTFREE 10 PCTUSED 40 INITRANS 1 MAXTRANS 255 NOCOMPRESS LOGGING
  STORAGE(INITIAL 65536 NEXT 1048576 MINEXTENTS 1 MAXEXTENTS 2147483645
  PCTINCREASE 0 FREELISTS 1 FREELIST GROUPS 1 BUFFER_POOL DEFAULT FLASH_CACHE DEFAULT CELL_FLASH_CACHE DEFAULT)
  TABLESPACE "SYSTEM" ;

   COMMENT ON COLUMN "YUSUNGHO"."PRO_COLLECTION"."COL_NUM" IS '문제집번호';
   COMMENT ON COLUMN "YUSUNGHO"."PRO_COLLECTION"."USER_ID" IS '제작자아이디';
   COMMENT ON COLUMN "YUSUNGHO"."PRO_COLLECTION"."COL_NAME" IS '제목';
   COMMENT ON COLUMN "YUSUNGHO"."PRO_COLLECTION"."COL_TAG" IS '기출분류';
   COMMENT ON COLUMN "YUSUNGHO"."PRO_COLLECTION"."CATEGORY_ID" IS '카테고리id';
   COMMENT ON COLUMN "YUSUNGHO"."PRO_COLLECTION"."CATEGORY_NAME" IS '카테고리이름';
   COMMENT ON COLUMN "YUSUNGHO"."PRO_COLLECTION"."COL_MAXSCORE" IS '만점';
   COMMENT ON TABLE "YUSUNGHO"."PRO_COLLECTION"  IS '문제집';
--------------------------------------------------------
--  DDL for Table PRO_EVAL
--------------------------------------------------------

  CREATE TABLE "YUSUNGHO"."PRO_EVAL" 
   (	"PRO_EVAL_CONTENT" VARCHAR2(1000 BYTE), 
	"PRO_EVAL_SCORE" VARCHAR2(50 BYTE), 
	"USER_ID" VARCHAR2(100 BYTE), 
	"PRO_NUM" NUMBER, 
	"PRO_EVAL_DATE" DATE
   ) SEGMENT CREATION IMMEDIATE 
  PCTFREE 10 PCTUSED 40 INITRANS 1 MAXTRANS 255 NOCOMPRESS LOGGING
  STORAGE(INITIAL 65536 NEXT 1048576 MINEXTENTS 1 MAXEXTENTS 2147483645
  PCTINCREASE 0 FREELISTS 1 FREELIST GROUPS 1 BUFFER_POOL DEFAULT FLASH_CACHE DEFAULT CELL_FLASH_CACHE DEFAULT)
  TABLESPACE "SYSTEM" ;

   COMMENT ON COLUMN "YUSUNGHO"."PRO_EVAL"."PRO_EVAL_CONTENT" IS '내용';
   COMMENT ON COLUMN "YUSUNGHO"."PRO_EVAL"."PRO_EVAL_SCORE" IS '점수';
   COMMENT ON COLUMN "YUSUNGHO"."PRO_EVAL"."USER_ID" IS '아이디';
   COMMENT ON COLUMN "YUSUNGHO"."PRO_EVAL"."PRO_NUM" IS '문제번호';
   COMMENT ON TABLE "YUSUNGHO"."PRO_EVAL"  IS '문제평가';
--------------------------------------------------------
--  DDL for Table PRO_TAG
--------------------------------------------------------

  CREATE TABLE "YUSUNGHO"."PRO_TAG" 
   (	"CATEGORY_ID" VARCHAR2(50 BYTE), 
	"CATEGORY_NAME" VARCHAR2(100 BYTE), 
	"TAG_ID" VARCHAR2(50 BYTE), 
	"TAG_NAME" VARCHAR2(50 BYTE), 
	"TAG_ISCHOICE" VARCHAR2(10 BYTE)
   ) SEGMENT CREATION IMMEDIATE 
  PCTFREE 10 PCTUSED 40 INITRANS 1 MAXTRANS 255 NOCOMPRESS LOGGING
  STORAGE(INITIAL 65536 NEXT 1048576 MINEXTENTS 1 MAXEXTENTS 2147483645
  PCTINCREASE 0 FREELISTS 1 FREELIST GROUPS 1 BUFFER_POOL DEFAULT FLASH_CACHE DEFAULT CELL_FLASH_CACHE DEFAULT)
  TABLESPACE "SYSTEM" ;

   COMMENT ON COLUMN "YUSUNGHO"."PRO_TAG"."CATEGORY_ID" IS '카테고리id';
   COMMENT ON COLUMN "YUSUNGHO"."PRO_TAG"."CATEGORY_NAME" IS '카테고리이름';
   COMMENT ON COLUMN "YUSUNGHO"."PRO_TAG"."TAG_ID" IS '태그ID';
   COMMENT ON COLUMN "YUSUNGHO"."PRO_TAG"."TAG_NAME" IS '태그이름';
   COMMENT ON COLUMN "YUSUNGHO"."PRO_TAG"."TAG_ISCHOICE" IS '태그객관식여부';
   COMMENT ON TABLE "YUSUNGHO"."PRO_TAG"  IS '문제태그';
--------------------------------------------------------
--  DDL for Table PROBLEM
--------------------------------------------------------

  CREATE TABLE "YUSUNGHO"."PROBLEM" 
   (	"PRO_NUM" NUMBER, 
	"PRO_FIELD" VARCHAR2(50 BYTE), 
	"PRO_NAME" VARCHAR2(50 BYTE), 
	"PRO_CONTENT" VARCHAR2(2000 BYTE), 
	"PRO_ANSWER" VARCHAR2(200 BYTE), 
	"PRO_COMMENT" VARCHAR2(500 BYTE), 
	"CATEGORY_ID" VARCHAR2(50 BYTE), 
	"CATEGORY_NAME" VARCHAR2(100 BYTE), 
	"TAG_ID" VARCHAR2(50 BYTE), 
	"TAG_NAME" VARCHAR2(50 BYTE), 
	"TAG_ISCHOICE" VARCHAR2(10 BYTE), 
	"USER_ID" VARCHAR2(30 BYTE)
   ) SEGMENT CREATION IMMEDIATE 
  PCTFREE 10 PCTUSED 40 INITRANS 1 MAXTRANS 255 NOCOMPRESS LOGGING
  STORAGE(INITIAL 65536 NEXT 1048576 MINEXTENTS 1 MAXEXTENTS 2147483645
  PCTINCREASE 0 FREELISTS 1 FREELIST GROUPS 1 BUFFER_POOL DEFAULT FLASH_CACHE DEFAULT CELL_FLASH_CACHE DEFAULT)
  TABLESPACE "SYSTEM" ;

   COMMENT ON COLUMN "YUSUNGHO"."PROBLEM"."PRO_NUM" IS '문제번호';
   COMMENT ON COLUMN "YUSUNGHO"."PROBLEM"."PRO_FIELD" IS '분야';
   COMMENT ON COLUMN "YUSUNGHO"."PROBLEM"."PRO_NAME" IS '제목';
   COMMENT ON COLUMN "YUSUNGHO"."PROBLEM"."PRO_CONTENT" IS '내용';
   COMMENT ON COLUMN "YUSUNGHO"."PROBLEM"."PRO_ANSWER" IS '정답';
   COMMENT ON COLUMN "YUSUNGHO"."PROBLEM"."PRO_COMMENT" IS '해설';
   COMMENT ON COLUMN "YUSUNGHO"."PROBLEM"."CATEGORY_ID" IS '카테고리id';
   COMMENT ON COLUMN "YUSUNGHO"."PROBLEM"."CATEGORY_NAME" IS '카테고리이름';
   COMMENT ON COLUMN "YUSUNGHO"."PROBLEM"."TAG_ID" IS '태그ID';
   COMMENT ON COLUMN "YUSUNGHO"."PROBLEM"."TAG_NAME" IS '태그이름';
   COMMENT ON COLUMN "YUSUNGHO"."PROBLEM"."TAG_ISCHOICE" IS '태그객관식여부';
   COMMENT ON COLUMN "YUSUNGHO"."PROBLEM"."USER_ID" IS '제작자아이디';
   COMMENT ON TABLE "YUSUNGHO"."PROBLEM"  IS '문제';
--------------------------------------------------------
--  DDL for Table SCORE
--------------------------------------------------------

  CREATE TABLE "YUSUNGHO"."SCORE" 
   (	"SCORE_CONTENT" VARCHAR2(500 BYTE), 
	"SCORE_DATE" DATE, 
	"SCORE_POINT" VARCHAR2(50 BYTE), 
	"USER_ID" VARCHAR2(30 BYTE), 
	"SCORE_CATEGORY" VARCHAR2(50 BYTE)
   ) SEGMENT CREATION IMMEDIATE 
  PCTFREE 10 PCTUSED 40 INITRANS 1 MAXTRANS 255 NOCOMPRESS LOGGING
  STORAGE(INITIAL 65536 NEXT 1048576 MINEXTENTS 1 MAXEXTENTS 2147483645
  PCTINCREASE 0 FREELISTS 1 FREELIST GROUPS 1 BUFFER_POOL DEFAULT FLASH_CACHE DEFAULT CELL_FLASH_CACHE DEFAULT)
  TABLESPACE "SYSTEM" ;

   COMMENT ON COLUMN "YUSUNGHO"."SCORE"."SCORE_CONTENT" IS '내역';
   COMMENT ON COLUMN "YUSUNGHO"."SCORE"."SCORE_DATE" IS '시각';
   COMMENT ON COLUMN "YUSUNGHO"."SCORE"."SCORE_POINT" IS '변동점수';
   COMMENT ON COLUMN "YUSUNGHO"."SCORE"."USER_ID" IS '아이디';
   COMMENT ON COLUMN "YUSUNGHO"."SCORE"."SCORE_CATEGORY" IS '분류';
   COMMENT ON TABLE "YUSUNGHO"."SCORE"  IS '점수';
--------------------------------------------------------
--  DDL for Table STUDENT
--------------------------------------------------------

  CREATE TABLE "YUSUNGHO"."STUDENT" 
   (	"LECTURE_ID" NUMBER, 
	"USER_ID" VARCHAR2(30 BYTE), 
	"STU_EVALSCORE" NUMBER, 
	"STU_EVALCONTENT" VARCHAR2(500 BYTE)
   ) SEGMENT CREATION IMMEDIATE 
  PCTFREE 10 PCTUSED 40 INITRANS 1 MAXTRANS 255 NOCOMPRESS LOGGING
  STORAGE(INITIAL 65536 NEXT 1048576 MINEXTENTS 1 MAXEXTENTS 2147483645
  PCTINCREASE 0 FREELISTS 1 FREELIST GROUPS 1 BUFFER_POOL DEFAULT FLASH_CACHE DEFAULT CELL_FLASH_CACHE DEFAULT)
  TABLESPACE "SYSTEM" ;

   COMMENT ON COLUMN "YUSUNGHO"."STUDENT"."LECTURE_ID" IS '강의번호';
   COMMENT ON COLUMN "YUSUNGHO"."STUDENT"."USER_ID" IS '수강생아이디';
   COMMENT ON COLUMN "YUSUNGHO"."STUDENT"."STU_EVALSCORE" IS '강의평가점수';
   COMMENT ON COLUMN "YUSUNGHO"."STUDENT"."STU_EVALCONTENT" IS '강의평가내용';
   COMMENT ON TABLE "YUSUNGHO"."STUDENT"  IS '강의수강생';
--------------------------------------------------------
--  DDL for Table USER_PRO_HISTORY
--------------------------------------------------------

  CREATE TABLE "YUSUNGHO"."USER_PRO_HISTORY" 
   (	"HISTORY_ANSWER" VARCHAR2(200 BYTE), 
	"USER_ID" VARCHAR2(30 BYTE), 
	"PRO_NUM" NUMBER, 
	"HISTORY_DATE" VARCHAR2(200 BYTE), 
	"HISTORY_OX" VARCHAR2(50 BYTE)
   ) SEGMENT CREATION IMMEDIATE 
  PCTFREE 10 PCTUSED 40 INITRANS 1 MAXTRANS 255 NOCOMPRESS LOGGING
  STORAGE(INITIAL 65536 NEXT 1048576 MINEXTENTS 1 MAXEXTENTS 2147483645
  PCTINCREASE 0 FREELISTS 1 FREELIST GROUPS 1 BUFFER_POOL DEFAULT FLASH_CACHE DEFAULT CELL_FLASH_CACHE DEFAULT)
  TABLESPACE "SYSTEM" ;

   COMMENT ON COLUMN "YUSUNGHO"."USER_PRO_HISTORY"."HISTORY_ANSWER" IS '사용자정답';
   COMMENT ON COLUMN "YUSUNGHO"."USER_PRO_HISTORY"."USER_ID" IS '아이디';
   COMMENT ON COLUMN "YUSUNGHO"."USER_PRO_HISTORY"."PRO_NUM" IS '문제번호';
   COMMENT ON COLUMN "YUSUNGHO"."USER_PRO_HISTORY"."HISTORY_DATE" IS '푼 일시';
   COMMENT ON COLUMN "YUSUNGHO"."USER_PRO_HISTORY"."HISTORY_OX" IS '정답여부';
   COMMENT ON TABLE "YUSUNGHO"."USER_PRO_HISTORY"  IS '문제히스토리';
--------------------------------------------------------
--  DDL for Table USER_PRO_LIST
--------------------------------------------------------

  CREATE TABLE "YUSUNGHO"."USER_PRO_LIST" 
   (	"USER_ID" VARCHAR2(30 BYTE), 
	"PRO_NUM" VARCHAR2(50 BYTE)
   ) SEGMENT CREATION IMMEDIATE 
  PCTFREE 10 PCTUSED 40 INITRANS 1 MAXTRANS 255 NOCOMPRESS LOGGING
  STORAGE(INITIAL 65536 NEXT 1048576 MINEXTENTS 1 MAXEXTENTS 2147483645
  PCTINCREASE 0 FREELISTS 1 FREELIST GROUPS 1 BUFFER_POOL DEFAULT FLASH_CACHE DEFAULT CELL_FLASH_CACHE DEFAULT)
  TABLESPACE "SYSTEM" ;

   COMMENT ON COLUMN "YUSUNGHO"."USER_PRO_LIST"."USER_ID" IS '아이디';
   COMMENT ON COLUMN "YUSUNGHO"."USER_PRO_LIST"."PRO_NUM" IS '문제번호';
   COMMENT ON TABLE "YUSUNGHO"."USER_PRO_LIST"  IS '사용자기출문제';
--------------------------------------------------------
--  DDL for Table USER_TABLE
--------------------------------------------------------

  CREATE TABLE "YUSUNGHO"."USER_TABLE" 
   (	"USER_ID" VARCHAR2(100 BYTE), 
	"USER_PW" VARCHAR2(300 BYTE), 
	"USER_TYPE" VARCHAR2(20 BYTE), 
	"USER_EMAIL" VARCHAR2(50 BYTE), 
	"USER_PHONE" VARCHAR2(50 BYTE), 
	"USER_NICKNAME" VARCHAR2(50 BYTE), 
	"USER_SIGNDATE" DATE, 
	"USER_ENABLE" VARCHAR2(1 BYTE), 
	"USER_AUTHKEY" VARCHAR2(50 BYTE), 
	"USER_IMAGE" VARCHAR2(500 BYTE)
   ) SEGMENT CREATION IMMEDIATE 
  PCTFREE 10 PCTUSED 40 INITRANS 1 MAXTRANS 255 NOCOMPRESS LOGGING
  STORAGE(INITIAL 65536 NEXT 1048576 MINEXTENTS 1 MAXEXTENTS 2147483645
  PCTINCREASE 0 FREELISTS 1 FREELIST GROUPS 1 BUFFER_POOL DEFAULT FLASH_CACHE DEFAULT CELL_FLASH_CACHE DEFAULT)
  TABLESPACE "SYSTEM" ;

   COMMENT ON COLUMN "YUSUNGHO"."USER_TABLE"."USER_ID" IS '아이디';
   COMMENT ON COLUMN "YUSUNGHO"."USER_TABLE"."USER_PW" IS '비밀번호';
   COMMENT ON COLUMN "YUSUNGHO"."USER_TABLE"."USER_TYPE" IS '사용자분류';
   COMMENT ON COLUMN "YUSUNGHO"."USER_TABLE"."USER_EMAIL" IS '이메일';
   COMMENT ON COLUMN "YUSUNGHO"."USER_TABLE"."USER_PHONE" IS '전화번호';
   COMMENT ON COLUMN "YUSUNGHO"."USER_TABLE"."USER_NICKNAME" IS '닉네임';
   COMMENT ON COLUMN "YUSUNGHO"."USER_TABLE"."USER_SIGNDATE" IS '가입날짜';
   COMMENT ON COLUMN "YUSUNGHO"."USER_TABLE"."USER_ENABLE" IS '가입완료여부';
   COMMENT ON COLUMN "YUSUNGHO"."USER_TABLE"."USER_IMAGE" IS '프로필이미지
';
   COMMENT ON TABLE "YUSUNGHO"."USER_TABLE"  IS '사용자';
REM INSERTING into YUSUNGHO.BOARD
SET DEFINE OFF;
Insert into YUSUNGHO.BOARD (BOARD_NUM,GROUP_NUM,BOARD_NAME) values (6,5,'자유게시판');
Insert into YUSUNGHO.BOARD (BOARD_NUM,GROUP_NUM,BOARD_NAME) values (7,5,'ㅁㄴㅇㄹ');
Insert into YUSUNGHO.BOARD (BOARD_NUM,GROUP_NUM,BOARD_NAME) values (8,6,'자유게시판');
Insert into YUSUNGHO.BOARD (BOARD_NUM,GROUP_NUM,BOARD_NAME) values (5,3,'자유게시판');
REM INSERTING into YUSUNGHO.CALENDER
SET DEFINE OFF;
REM INSERTING into YUSUNGHO.COL_ANSWER
SET DEFINE OFF;
REM INSERTING into YUSUNGHO.COL_EVAL
SET DEFINE OFF;
REM INSERTING into YUSUNGHO.COL_HISTORY
SET DEFINE OFF;
REM INSERTING into YUSUNGHO.COL_LIST
SET DEFINE OFF;
Insert into YUSUNGHO.COL_LIST (PRO_NUM,COL_NUM,COL_LIST_NUM,COL_LIST_POINT) values (4,1,'1',5);
Insert into YUSUNGHO.COL_LIST (PRO_NUM,COL_NUM,COL_LIST_NUM,COL_LIST_POINT) values (2,1,'2',2);
Insert into YUSUNGHO.COL_LIST (PRO_NUM,COL_NUM,COL_LIST_NUM,COL_LIST_POINT) values (1,1,'3',3);
REM INSERTING into YUSUNGHO.GROUP_TABLE
SET DEFINE OFF;
Insert into YUSUNGHO.GROUP_TABLE (GROUP_NUM,GROUP_NAME,GROUP_LEADER,GROUP_CATEGORY,GROUP_ICON,GROUP_JOINMANNER,GROUP_DESC,GROUP_DATE) values (1,'123','123','123','noimagecafe.png','free','123',to_date('20/10/22','RR/MM/DD'));
Insert into YUSUNGHO.GROUP_TABLE (GROUP_NUM,GROUP_NAME,GROUP_LEADER,GROUP_CATEGORY,GROUP_ICON,GROUP_JOINMANNER,GROUP_DESC,GROUP_DATE) values (2,'test','test','test','noimagecafe.png','free','test',to_date('20/10/22','RR/MM/DD'));
Insert into YUSUNGHO.GROUP_TABLE (GROUP_NUM,GROUP_NAME,GROUP_LEADER,GROUP_CATEGORY,GROUP_ICON,GROUP_JOINMANNER,GROUP_DESC,GROUP_DATE) values (3,'test','test','test','noimagecafe.png','need','test',to_date('20/10/22','RR/MM/DD'));
Insert into YUSUNGHO.GROUP_TABLE (GROUP_NUM,GROUP_NAME,GROUP_LEADER,GROUP_CATEGORY,GROUP_ICON,GROUP_JOINMANNER,GROUP_DESC,GROUP_DATE) values (4,'test','test','test','noimagecafe.png','need','test',to_date('20/10/22','RR/MM/DD'));
Insert into YUSUNGHO.GROUP_TABLE (GROUP_NUM,GROUP_NAME,GROUP_LEADER,GROUP_CATEGORY,GROUP_ICON,GROUP_JOINMANNER,GROUP_DESC,GROUP_DATE) values (5,'test','test','test','noimagecafe.png','need','test',to_date('20/10/22','RR/MM/DD'));
Insert into YUSUNGHO.GROUP_TABLE (GROUP_NUM,GROUP_NAME,GROUP_LEADER,GROUP_CATEGORY,GROUP_ICON,GROUP_JOINMANNER,GROUP_DESC,GROUP_DATE) values (6,'카카오모여라','kakao-1515179669','카카오','1604379630726Jellyfish.jpg','free','카카오들의 모임',to_date('20/10/29','RR/MM/DD'));
REM INSERTING into YUSUNGHO.JOIN_GROUP_LIST
SET DEFINE OFF;
Insert into YUSUNGHO.JOIN_GROUP_LIST (GROUP_NUM,USER_ID,G_LIST_STATE,G_LIST_JOINDATE,G_LIST_CANDIDATE) values (3,'test','manager',to_date('20/10/22','RR/MM/DD'),to_date('20/10/22','RR/MM/DD'));
Insert into YUSUNGHO.JOIN_GROUP_LIST (GROUP_NUM,USER_ID,G_LIST_STATE,G_LIST_JOINDATE,G_LIST_CANDIDATE) values (4,'test','manager',to_date('20/10/22','RR/MM/DD'),to_date('20/10/22','RR/MM/DD'));
Insert into YUSUNGHO.JOIN_GROUP_LIST (GROUP_NUM,USER_ID,G_LIST_STATE,G_LIST_JOINDATE,G_LIST_CANDIDATE) values (5,'test','manager',to_date('20/10/22','RR/MM/DD'),to_date('20/10/22','RR/MM/DD'));
Insert into YUSUNGHO.JOIN_GROUP_LIST (GROUP_NUM,USER_ID,G_LIST_STATE,G_LIST_JOINDATE,G_LIST_CANDIDATE) values (6,'kakao-1515179669','manager',to_date('20/10/29','RR/MM/DD'),to_date('20/10/29','RR/MM/DD'));
Insert into YUSUNGHO.JOIN_GROUP_LIST (GROUP_NUM,USER_ID,G_LIST_STATE,G_LIST_JOINDATE,G_LIST_CANDIDATE) values (2,'kakao-1515179669','user',to_date('20/10/29','RR/MM/DD'),to_date('20/10/29','RR/MM/DD'));
Insert into YUSUNGHO.JOIN_GROUP_LIST (GROUP_NUM,USER_ID,G_LIST_STATE,G_LIST_JOINDATE,G_LIST_CANDIDATE) values (3,'yusungho','user',to_date('20/10/30','RR/MM/DD'),to_date('20/10/30','RR/MM/DD'));
Insert into YUSUNGHO.JOIN_GROUP_LIST (GROUP_NUM,USER_ID,G_LIST_STATE,G_LIST_JOINDATE,G_LIST_CANDIDATE) values (4,'kakao-1515179669','candidate',to_date('20/10/30','RR/MM/DD'),to_date('20/10/30','RR/MM/DD'));
Insert into YUSUNGHO.JOIN_GROUP_LIST (GROUP_NUM,USER_ID,G_LIST_STATE,G_LIST_JOINDATE,G_LIST_CANDIDATE) values (3,'kakao-1515179669','user',to_date('20/10/29','RR/MM/DD'),to_date('20/10/29','RR/MM/DD'));
Insert into YUSUNGHO.JOIN_GROUP_LIST (GROUP_NUM,USER_ID,G_LIST_STATE,G_LIST_JOINDATE,G_LIST_CANDIDATE) values (1,'kakao-1515179669','user',to_date('20/10/29','RR/MM/DD'),to_date('20/10/29','RR/MM/DD'));
Insert into YUSUNGHO.JOIN_GROUP_LIST (GROUP_NUM,USER_ID,G_LIST_STATE,G_LIST_JOINDATE,G_LIST_CANDIDATE) values (5,'kakao-1515179669','candidate',to_date('20/10/30','RR/MM/DD'),to_date('20/10/30','RR/MM/DD'));
REM INSERTING into YUSUNGHO.LEC_CONTENT
SET DEFINE OFF;
REM INSERTING into YUSUNGHO.LEC_FILE
SET DEFINE OFF;
REM INSERTING into YUSUNGHO.LECTURE
SET DEFINE OFF;
REM INSERTING into YUSUNGHO.ORDERS
SET DEFINE OFF;
Insert into YUSUNGHO.ORDERS (ORDER_ID,USER_ID,LECTURE_ID,DISCOUNT_POINT,TOTAL_PRICE,POINT_OVER,ORDER_DATE,ORDER_PRICE) values ('2010161098','abcd','a01',100,99900,'1','20/10/16',100000);
Insert into YUSUNGHO.ORDERS (ORDER_ID,USER_ID,LECTURE_ID,DISCOUNT_POINT,TOTAL_PRICE,POINT_OVER,ORDER_DATE,ORDER_PRICE) values ('2010161099','abcd','a01',100,99900,'1','20/10/16',100000);
Insert into YUSUNGHO.ORDERS (ORDER_ID,USER_ID,LECTURE_ID,DISCOUNT_POINT,TOTAL_PRICE,POINT_OVER,ORDER_DATE,ORDER_PRICE) values ('2010161021','abcd','a01',null,null,null,'20/10/16',100000);
Insert into YUSUNGHO.ORDERS (ORDER_ID,USER_ID,LECTURE_ID,DISCOUNT_POINT,TOTAL_PRICE,POINT_OVER,ORDER_DATE,ORDER_PRICE) values ('2010161022','abcd','a01',null,null,null,'20/10/16',100000);
Insert into YUSUNGHO.ORDERS (ORDER_ID,USER_ID,LECTURE_ID,DISCOUNT_POINT,TOTAL_PRICE,POINT_OVER,ORDER_DATE,ORDER_PRICE) values ('2010161023','abcd','a01',null,null,null,'20/10/16',100000);
Insert into YUSUNGHO.ORDERS (ORDER_ID,USER_ID,LECTURE_ID,DISCOUNT_POINT,TOTAL_PRICE,POINT_OVER,ORDER_DATE,ORDER_PRICE) values ('2010161027','abcd','a01',null,null,null,'20/10/16',100000);
Insert into YUSUNGHO.ORDERS (ORDER_ID,USER_ID,LECTURE_ID,DISCOUNT_POINT,TOTAL_PRICE,POINT_OVER,ORDER_DATE,ORDER_PRICE) values ('2010161028','abcd','a01',null,null,null,'20/10/16',100000);
Insert into YUSUNGHO.ORDERS (ORDER_ID,USER_ID,LECTURE_ID,DISCOUNT_POINT,TOTAL_PRICE,POINT_OVER,ORDER_DATE,ORDER_PRICE) values ('2010161029','abcd','a01',400,99600,'1','20/10/16',100000);
Insert into YUSUNGHO.ORDERS (ORDER_ID,USER_ID,LECTURE_ID,DISCOUNT_POINT,TOTAL_PRICE,POINT_OVER,ORDER_DATE,ORDER_PRICE) values ('2010161030','abcd','a01',null,null,null,'20/10/16',100000);
Insert into YUSUNGHO.ORDERS (ORDER_ID,USER_ID,LECTURE_ID,DISCOUNT_POINT,TOTAL_PRICE,POINT_OVER,ORDER_DATE,ORDER_PRICE) values ('2010161031','abcd','a01',null,null,null,'20/10/16',100000);
Insert into YUSUNGHO.ORDERS (ORDER_ID,USER_ID,LECTURE_ID,DISCOUNT_POINT,TOTAL_PRICE,POINT_OVER,ORDER_DATE,ORDER_PRICE) values ('2010161032','abcd','a01',null,null,null,'20/10/16',100000);
Insert into YUSUNGHO.ORDERS (ORDER_ID,USER_ID,LECTURE_ID,DISCOUNT_POINT,TOTAL_PRICE,POINT_OVER,ORDER_DATE,ORDER_PRICE) values ('2010161033','abcd','a01',null,null,null,'20/10/16',100000);
Insert into YUSUNGHO.ORDERS (ORDER_ID,USER_ID,LECTURE_ID,DISCOUNT_POINT,TOTAL_PRICE,POINT_OVER,ORDER_DATE,ORDER_PRICE) values ('2010161034','abcd','a01',null,null,null,'20/10/16',100000);
Insert into YUSUNGHO.ORDERS (ORDER_ID,USER_ID,LECTURE_ID,DISCOUNT_POINT,TOTAL_PRICE,POINT_OVER,ORDER_DATE,ORDER_PRICE) values ('2010161035','abcd','a01',null,null,null,'20/10/16',100000);
Insert into YUSUNGHO.ORDERS (ORDER_ID,USER_ID,LECTURE_ID,DISCOUNT_POINT,TOTAL_PRICE,POINT_OVER,ORDER_DATE,ORDER_PRICE) values ('2010161036','abcd','a01',null,null,null,'20/10/16',100000);
Insert into YUSUNGHO.ORDERS (ORDER_ID,USER_ID,LECTURE_ID,DISCOUNT_POINT,TOTAL_PRICE,POINT_OVER,ORDER_DATE,ORDER_PRICE) values ('2010161037','abcd','a01',null,null,null,'20/10/16',100000);
Insert into YUSUNGHO.ORDERS (ORDER_ID,USER_ID,LECTURE_ID,DISCOUNT_POINT,TOTAL_PRICE,POINT_OVER,ORDER_DATE,ORDER_PRICE) values ('2010161038','abcd','a01',null,null,null,'20/10/16',100000);
Insert into YUSUNGHO.ORDERS (ORDER_ID,USER_ID,LECTURE_ID,DISCOUNT_POINT,TOTAL_PRICE,POINT_OVER,ORDER_DATE,ORDER_PRICE) values ('2010161039','abcd','a01',null,null,null,'20/10/16',100000);
Insert into YUSUNGHO.ORDERS (ORDER_ID,USER_ID,LECTURE_ID,DISCOUNT_POINT,TOTAL_PRICE,POINT_OVER,ORDER_DATE,ORDER_PRICE) values ('2010161040','abcd','a01',null,null,null,'20/10/16',100000);
Insert into YUSUNGHO.ORDERS (ORDER_ID,USER_ID,LECTURE_ID,DISCOUNT_POINT,TOTAL_PRICE,POINT_OVER,ORDER_DATE,ORDER_PRICE) values ('2010161041','abcd','a01',null,null,null,'20/10/16',100000);
Insert into YUSUNGHO.ORDERS (ORDER_ID,USER_ID,LECTURE_ID,DISCOUNT_POINT,TOTAL_PRICE,POINT_OVER,ORDER_DATE,ORDER_PRICE) values ('2010161020','abcd','a01',null,null,null,'20/10/16',100000);
Insert into YUSUNGHO.ORDERS (ORDER_ID,USER_ID,LECTURE_ID,DISCOUNT_POINT,TOTAL_PRICE,POINT_OVER,ORDER_DATE,ORDER_PRICE) values ('2010161024','abcd','a01',null,null,null,'20/10/16',100000);
Insert into YUSUNGHO.ORDERS (ORDER_ID,USER_ID,LECTURE_ID,DISCOUNT_POINT,TOTAL_PRICE,POINT_OVER,ORDER_DATE,ORDER_PRICE) values ('2010161025','abcd','a01',2000,98000,'1','20/10/16',100000);
Insert into YUSUNGHO.ORDERS (ORDER_ID,USER_ID,LECTURE_ID,DISCOUNT_POINT,TOTAL_PRICE,POINT_OVER,ORDER_DATE,ORDER_PRICE) values ('2010161026','abcd','a01',null,null,null,'20/10/16',100000);
Insert into YUSUNGHO.ORDERS (ORDER_ID,USER_ID,LECTURE_ID,DISCOUNT_POINT,TOTAL_PRICE,POINT_OVER,ORDER_DATE,ORDER_PRICE) values ('2010191061','abcd','a01',null,null,null,'20/10/19',100000);
Insert into YUSUNGHO.ORDERS (ORDER_ID,USER_ID,LECTURE_ID,DISCOUNT_POINT,TOTAL_PRICE,POINT_OVER,ORDER_DATE,ORDER_PRICE) values ('2010191060','abcd','a01',null,null,null,'20/10/19',100000);
Insert into YUSUNGHO.ORDERS (ORDER_ID,USER_ID,LECTURE_ID,DISCOUNT_POINT,TOTAL_PRICE,POINT_OVER,ORDER_DATE,ORDER_PRICE) values ('2010221080','abcd','a01',null,null,null,'20/10/22',100000);
REM INSERTING into YUSUNGHO.P_FILE
SET DEFINE OFF;
REM INSERTING into YUSUNGHO.PAY
SET DEFINE OFF;
REM INSERTING into YUSUNGHO.POINT
SET DEFINE OFF;
REM INSERTING into YUSUNGHO.POST
SET DEFINE OFF;
Insert into YUSUNGHO.POST (POST_NUM,BOARD_NUM,USER_ID,POST_TITLE,POST_CONTENT,POST_DATE,POST_CATEGORY,POST_PARENT) values (25,6,'test',null,'ㅎㅇㅎㅇ',to_date('20/10/26','RR/MM/DD'),null,'24');
Insert into YUSUNGHO.POST (POST_NUM,BOARD_NUM,USER_ID,POST_TITLE,POST_CONTENT,POST_DATE,POST_CATEGORY,POST_PARENT) values (20,5,'test',null,'안녕하세요.',to_date('20/10/26','RR/MM/DD'),null,'19');
Insert into YUSUNGHO.POST (POST_NUM,BOARD_NUM,USER_ID,POST_TITLE,POST_CONTENT,POST_DATE,POST_CATEGORY,POST_PARENT) values (21,5,'test','사진','<p><img alt="" src="/devFw/resources/ckstorage/images/Desert(1).jpg" style="height:384px; width:512px" /></p>

<p>&nbsp;</p>

<p>사진입니다.</p>

<p>&nbsp;</p>

<p>&nbsp;</p>

<p>&nbsp;</p>
',to_date('20/10/26','RR/MM/DD'),null,null);
Insert into YUSUNGHO.POST (POST_NUM,BOARD_NUM,USER_ID,POST_TITLE,POST_CONTENT,POST_DATE,POST_CATEGORY,POST_PARENT) values (22,5,'test','ㅇㅇㅇㅇㅇㅇㅇㅇㅇㅇㅇㅇㅇㅇㅇㅇㅇㅇㅇㅇㅇㅇㅇㅇㅇㅇㅇㅇㅇㅇ','<p>ㅇㅇㅇㅇㅇㅇ</p>
',to_date('20/10/26','RR/MM/DD'),null,null);
Insert into YUSUNGHO.POST (POST_NUM,BOARD_NUM,USER_ID,POST_TITLE,POST_CONTENT,POST_DATE,POST_CATEGORY,POST_PARENT) values (26,5,'kakao-1515179669','카카오',null,to_date('20/10/30','RR/MM/DD'),null,null);
Insert into YUSUNGHO.POST (POST_NUM,BOARD_NUM,USER_ID,POST_TITLE,POST_CONTENT,POST_DATE,POST_CATEGORY,POST_PARENT) values (23,5,'test',null,'반갑습니다.',to_date('20/10/26','RR/MM/DD'),null,'19');
Insert into YUSUNGHO.POST (POST_NUM,BOARD_NUM,USER_ID,POST_TITLE,POST_CONTENT,POST_DATE,POST_CATEGORY,POST_PARENT) values (24,6,'test','첫글','<p>ㅎ</p>
',to_date('20/10/26','RR/MM/DD'),null,null);
Insert into YUSUNGHO.POST (POST_NUM,BOARD_NUM,USER_ID,POST_TITLE,POST_CONTENT,POST_DATE,POST_CATEGORY,POST_PARENT) values (27,5,'kakao-1515179669',null,'ㅋ',to_date('20/10/30','RR/MM/DD'),null,'26');
Insert into YUSUNGHO.POST (POST_NUM,BOARD_NUM,USER_ID,POST_TITLE,POST_CONTENT,POST_DATE,POST_CATEGORY,POST_PARENT) values (18,0,'test',null,'123',to_date('20/10/22','RR/MM/DD'),null,'17');
Insert into YUSUNGHO.POST (POST_NUM,BOARD_NUM,USER_ID,POST_TITLE,POST_CONTENT,POST_DATE,POST_CATEGORY,POST_PARENT) values (19,5,'test','안녕하세요','<p>안녕하세요.</p>
',to_date('20/10/26','RR/MM/DD'),null,null);
REM INSERTING into YUSUNGHO.POST_FILE
SET DEFINE OFF;
REM INSERTING into YUSUNGHO.PRO_CATEGORY
SET DEFINE OFF;
Insert into YUSUNGHO.PRO_CATEGORY (CATEGORY_ID,CATEGORY_NAME) values ('1001','TOEIC');
REM INSERTING into YUSUNGHO.PRO_CHOICE
SET DEFINE OFF;
Insert into YUSUNGHO.PRO_CHOICE (CHO_CONTENT,PRO_NUM,CHO_NUM) values ('1',2,'1');
Insert into YUSUNGHO.PRO_CHOICE (CHO_CONTENT,PRO_NUM,CHO_NUM) values ('2',2,'2');
Insert into YUSUNGHO.PRO_CHOICE (CHO_CONTENT,PRO_NUM,CHO_NUM) values ('3',2,'3');
Insert into YUSUNGHO.PRO_CHOICE (CHO_CONTENT,PRO_NUM,CHO_NUM) values ('4',2,'4');
Insert into YUSUNGHO.PRO_CHOICE (CHO_CONTENT,PRO_NUM,CHO_NUM) values ('5',2,'5');
Insert into YUSUNGHO.PRO_CHOICE (CHO_CONTENT,PRO_NUM,CHO_NUM) values ('123',5,'1');
Insert into YUSUNGHO.PRO_CHOICE (CHO_CONTENT,PRO_NUM,CHO_NUM) values ('123',5,'2');
Insert into YUSUNGHO.PRO_CHOICE (CHO_CONTENT,PRO_NUM,CHO_NUM) values ('123',5,'3');
Insert into YUSUNGHO.PRO_CHOICE (CHO_CONTENT,PRO_NUM,CHO_NUM) values ('123',5,'4');
Insert into YUSUNGHO.PRO_CHOICE (CHO_CONTENT,PRO_NUM,CHO_NUM) values ('123',5,'5');
REM INSERTING into YUSUNGHO.PRO_COLLECTION
SET DEFINE OFF;
Insert into YUSUNGHO.PRO_COLLECTION (COL_NUM,USER_ID,COL_NAME,COL_TAG,CATEGORY_ID,CATEGORY_NAME,COL_MAXSCORE) values (1,'kakao-1515179669','성호 문제집','창작','1001','TOEIC','10');
REM INSERTING into YUSUNGHO.PRO_EVAL
SET DEFINE OFF;
Insert into YUSUNGHO.PRO_EVAL (PRO_EVAL_CONTENT,PRO_EVAL_SCORE,USER_ID,PRO_NUM,PRO_EVAL_DATE) values ('sadfdasf','5','dsfads',2,null);
Insert into YUSUNGHO.PRO_EVAL (PRO_EVAL_CONTENT,PRO_EVAL_SCORE,USER_ID,PRO_NUM,PRO_EVAL_DATE) values (null,'10','kakao-1515179669',2,to_date('20/11/04','RR/MM/DD'));
Insert into YUSUNGHO.PRO_EVAL (PRO_EVAL_CONTENT,PRO_EVAL_SCORE,USER_ID,PRO_NUM,PRO_EVAL_DATE) values ('<p>ㅁㄴㅇㄴㅁㅇ</p>
','1','kakao-1515179669',5,to_date('20/11/04','RR/MM/DD'));
Insert into YUSUNGHO.PRO_EVAL (PRO_EVAL_CONTENT,PRO_EVAL_SCORE,USER_ID,PRO_NUM,PRO_EVAL_DATE) values (null,'7','kakao-1515179669',4,to_date('20/11/04','RR/MM/DD'));
REM INSERTING into YUSUNGHO.PRO_TAG
SET DEFINE OFF;
Insert into YUSUNGHO.PRO_TAG (CATEGORY_ID,CATEGORY_NAME,TAG_ID,TAG_NAME,TAG_ISCHOICE) values ('1001','TOEIC','100101','TOEIC 객관식','5');
Insert into YUSUNGHO.PRO_TAG (CATEGORY_ID,CATEGORY_NAME,TAG_ID,TAG_NAME,TAG_ISCHOICE) values ('1001','TOEIC','100102','주관식','N');
REM INSERTING into YUSUNGHO.PROBLEM
SET DEFINE OFF;
Insert into YUSUNGHO.PROBLEM (PRO_NUM,PRO_FIELD,PRO_NAME,PRO_CONTENT,PRO_ANSWER,PRO_COMMENT,CATEGORY_ID,CATEGORY_NAME,TAG_ID,TAG_NAME,TAG_ISCHOICE,USER_ID) values (1,'0','test','<p>test</p>
','test',null,'1001','TOEIC','100102','주관식','N','123');
Insert into YUSUNGHO.PROBLEM (PRO_NUM,PRO_FIELD,PRO_NAME,PRO_CONTENT,PRO_ANSWER,PRO_COMMENT,CATEGORY_ID,CATEGORY_NAME,TAG_ID,TAG_NAME,TAG_ISCHOICE,USER_ID) values (2,'0','test2','<p>test</p>
','2','zz','1001','TOEIC','100101','TOEIC 객관식','5','123');
Insert into YUSUNGHO.PROBLEM (PRO_NUM,PRO_FIELD,PRO_NAME,PRO_CONTENT,PRO_ANSWER,PRO_COMMENT,CATEGORY_ID,CATEGORY_NAME,TAG_ID,TAG_NAME,TAG_ISCHOICE,USER_ID) values (3,'0','12e12','<p>12e12</p>
','214','12e12e','1001','TOEIC','100102','주관식','N','123');
Insert into YUSUNGHO.PROBLEM (PRO_NUM,PRO_FIELD,PRO_NAME,PRO_CONTENT,PRO_ANSWER,PRO_COMMENT,CATEGORY_ID,CATEGORY_NAME,TAG_ID,TAG_NAME,TAG_ISCHOICE,USER_ID) values (4,'0','tes','<p>set</p>
','set','set','1001','TOEIC','100102','주관식','N','123');
Insert into YUSUNGHO.PROBLEM (PRO_NUM,PRO_FIELD,PRO_NAME,PRO_CONTENT,PRO_ANSWER,PRO_COMMENT,CATEGORY_ID,CATEGORY_NAME,TAG_ID,TAG_NAME,TAG_ISCHOICE,USER_ID) values (5,'0','123','<p>123</p>
','2','123','1001','TOEIC','100101','TOEIC 객관식','5','123');
REM INSERTING into YUSUNGHO.SCORE
SET DEFINE OFF;
REM INSERTING into YUSUNGHO.STUDENT
SET DEFINE OFF;
REM INSERTING into YUSUNGHO.USER_PRO_HISTORY
SET DEFINE OFF;
Insert into YUSUNGHO.USER_PRO_HISTORY (HISTORY_ANSWER,USER_ID,PRO_NUM,HISTORY_DATE,HISTORY_OX) values ('test','123',1,'2020.10.22 18:00:39:99','true');
Insert into YUSUNGHO.USER_PRO_HISTORY (HISTORY_ANSWER,USER_ID,PRO_NUM,HISTORY_DATE,HISTORY_OX) values ('2','123',2,'2020.10.22 18:02:36:15','true');
Insert into YUSUNGHO.USER_PRO_HISTORY (HISTORY_ANSWER,USER_ID,PRO_NUM,HISTORY_DATE,HISTORY_OX) values ('12312','test',3,'2020.10.23 09:39:50:49','false');
Insert into YUSUNGHO.USER_PRO_HISTORY (HISTORY_ANSWER,USER_ID,PRO_NUM,HISTORY_DATE,HISTORY_OX) values ('12e12e','test',3,'2020.10.23 09:39:55:78','false');
Insert into YUSUNGHO.USER_PRO_HISTORY (HISTORY_ANSWER,USER_ID,PRO_NUM,HISTORY_DATE,HISTORY_OX) values ('3','test',5,'2020.10.28 12:38:20:40','false');
Insert into YUSUNGHO.USER_PRO_HISTORY (HISTORY_ANSWER,USER_ID,PRO_NUM,HISTORY_DATE,HISTORY_OX) values ('3','kakao-1515179669',5,'2020.11.03 16:53:28:04','false');
Insert into YUSUNGHO.USER_PRO_HISTORY (HISTORY_ANSWER,USER_ID,PRO_NUM,HISTORY_DATE,HISTORY_OX) values ('4','kakao-1515179669',5,'2020.11.03 16:53:31:82','false');
Insert into YUSUNGHO.USER_PRO_HISTORY (HISTORY_ANSWER,USER_ID,PRO_NUM,HISTORY_DATE,HISTORY_OX) values ('5','kakao-1515179669',5,'2020.11.03 16:53:34:64','false');
Insert into YUSUNGHO.USER_PRO_HISTORY (HISTORY_ANSWER,USER_ID,PRO_NUM,HISTORY_DATE,HISTORY_OX) values ('2','kakao-1515179669',5,'2020.11.03 16:53:36:49','true');
Insert into YUSUNGHO.USER_PRO_HISTORY (HISTORY_ANSWER,USER_ID,PRO_NUM,HISTORY_DATE,HISTORY_OX) values ('2','kakao-1515179669',5,'2020.11.03 16:53:43:98','true');
Insert into YUSUNGHO.USER_PRO_HISTORY (HISTORY_ANSWER,USER_ID,PRO_NUM,HISTORY_DATE,HISTORY_OX) values ('1','kakao-1515179669',5,'2020.11.03 16:53:46:06','false');
Insert into YUSUNGHO.USER_PRO_HISTORY (HISTORY_ANSWER,USER_ID,PRO_NUM,HISTORY_DATE,HISTORY_OX) values ('2','kakao-1515179669',5,'2020.11.03 16:53:49:33','true');
Insert into YUSUNGHO.USER_PRO_HISTORY (HISTORY_ANSWER,USER_ID,PRO_NUM,HISTORY_DATE,HISTORY_OX) values ('3','kakao-1515179669',5,'2020.11.03 17:17:05:30','false');
Insert into YUSUNGHO.USER_PRO_HISTORY (HISTORY_ANSWER,USER_ID,PRO_NUM,HISTORY_DATE,HISTORY_OX) values ('2','kakao-1515179669',5,'2020.11.03 17:17:07:99','true');
Insert into YUSUNGHO.USER_PRO_HISTORY (HISTORY_ANSWER,USER_ID,PRO_NUM,HISTORY_DATE,HISTORY_OX) values ('2','kakao-1515179669',5,'2020.11.03 17:17:29:22','true');
Insert into YUSUNGHO.USER_PRO_HISTORY (HISTORY_ANSWER,USER_ID,PRO_NUM,HISTORY_DATE,HISTORY_OX) values ('1','kakao-1515179669',5,'2020.11.03 17:18:29:86','false');
Insert into YUSUNGHO.USER_PRO_HISTORY (HISTORY_ANSWER,USER_ID,PRO_NUM,HISTORY_DATE,HISTORY_OX) values ('2','kakao-1515179669',5,'2020.11.03 17:18:33:07','true');
Insert into YUSUNGHO.USER_PRO_HISTORY (HISTORY_ANSWER,USER_ID,PRO_NUM,HISTORY_DATE,HISTORY_OX) values ('2','kakao-1515179669',5,'2020.11.03 17:33:04:32','true');
Insert into YUSUNGHO.USER_PRO_HISTORY (HISTORY_ANSWER,USER_ID,PRO_NUM,HISTORY_DATE,HISTORY_OX) values ('2','kakao-1515179669',5,'2020.11.03 17:39:26:67','true');
Insert into YUSUNGHO.USER_PRO_HISTORY (HISTORY_ANSWER,USER_ID,PRO_NUM,HISTORY_DATE,HISTORY_OX) values ('2','kakao-1515179669',5,'2020.11.03 17:47:16:00','true');
Insert into YUSUNGHO.USER_PRO_HISTORY (HISTORY_ANSWER,USER_ID,PRO_NUM,HISTORY_DATE,HISTORY_OX) values ('2','kakao-1515179669',5,'2020.11.03 17:47:20:86','true');
Insert into YUSUNGHO.USER_PRO_HISTORY (HISTORY_ANSWER,USER_ID,PRO_NUM,HISTORY_DATE,HISTORY_OX) values ('2','kakao-1515179669',5,'2020.11.03 17:50:35:71','true');
Insert into YUSUNGHO.USER_PRO_HISTORY (HISTORY_ANSWER,USER_ID,PRO_NUM,HISTORY_DATE,HISTORY_OX) values ('2','kakao-1515179669',5,'2020.11.03 17:57:20:29','true');
Insert into YUSUNGHO.USER_PRO_HISTORY (HISTORY_ANSWER,USER_ID,PRO_NUM,HISTORY_DATE,HISTORY_OX) values ('2','kakao-1515179669',5,'2020.11.03 17:59:11:76','true');
Insert into YUSUNGHO.USER_PRO_HISTORY (HISTORY_ANSWER,USER_ID,PRO_NUM,HISTORY_DATE,HISTORY_OX) values ('2','kakao-1515179669',5,'2020.11.03 17:59:49:52','true');
Insert into YUSUNGHO.USER_PRO_HISTORY (HISTORY_ANSWER,USER_ID,PRO_NUM,HISTORY_DATE,HISTORY_OX) values ('2','kakao-1515179669',5,'2020.11.03 18:00:49:90','true');
Insert into YUSUNGHO.USER_PRO_HISTORY (HISTORY_ANSWER,USER_ID,PRO_NUM,HISTORY_DATE,HISTORY_OX) values ('2','kakao-1515179669',5,'2020.11.03 18:04:31:58','true');
Insert into YUSUNGHO.USER_PRO_HISTORY (HISTORY_ANSWER,USER_ID,PRO_NUM,HISTORY_DATE,HISTORY_OX) values ('2','kakao-1515179669',5,'2020.11.03 18:13:27:94','true');
Insert into YUSUNGHO.USER_PRO_HISTORY (HISTORY_ANSWER,USER_ID,PRO_NUM,HISTORY_DATE,HISTORY_OX) values ('2','kakao-1515179669',5,'2020.11.03 18:14:15:28','true');
Insert into YUSUNGHO.USER_PRO_HISTORY (HISTORY_ANSWER,USER_ID,PRO_NUM,HISTORY_DATE,HISTORY_OX) values ('2','kakao-1515179669',5,'2020.11.03 18:15:41:75','true');
Insert into YUSUNGHO.USER_PRO_HISTORY (HISTORY_ANSWER,USER_ID,PRO_NUM,HISTORY_DATE,HISTORY_OX) values ('2','kakao-1515179669',5,'2020.11.04 09:35:23:25','true');
Insert into YUSUNGHO.USER_PRO_HISTORY (HISTORY_ANSWER,USER_ID,PRO_NUM,HISTORY_DATE,HISTORY_OX) values ('2','kakao-1515179669',5,'2020.11.04 10:17:13:15','true');
Insert into YUSUNGHO.USER_PRO_HISTORY (HISTORY_ANSWER,USER_ID,PRO_NUM,HISTORY_DATE,HISTORY_OX) values ('2','kakao-1515179669',5,'2020.11.04 11:07:35:00','true');
Insert into YUSUNGHO.USER_PRO_HISTORY (HISTORY_ANSWER,USER_ID,PRO_NUM,HISTORY_DATE,HISTORY_OX) values ('2','kakao-1515179669',5,'2020.11.04 11:47:44:38','true');
Insert into YUSUNGHO.USER_PRO_HISTORY (HISTORY_ANSWER,USER_ID,PRO_NUM,HISTORY_DATE,HISTORY_OX) values ('2','kakao-1515179669',5,'2020.11.04 11:50:42:42','true');
Insert into YUSUNGHO.USER_PRO_HISTORY (HISTORY_ANSWER,USER_ID,PRO_NUM,HISTORY_DATE,HISTORY_OX) values ('2','kakao-1515179669',5,'2020.11.04 11:52:17:32','true');
Insert into YUSUNGHO.USER_PRO_HISTORY (HISTORY_ANSWER,USER_ID,PRO_NUM,HISTORY_DATE,HISTORY_OX) values ('2','kakao-1515179669',5,'2020.11.04 11:58:45:16','true');
Insert into YUSUNGHO.USER_PRO_HISTORY (HISTORY_ANSWER,USER_ID,PRO_NUM,HISTORY_DATE,HISTORY_OX) values ('2','kakao-1515179669',5,'2020.11.04 12:07:50:97','true');
Insert into YUSUNGHO.USER_PRO_HISTORY (HISTORY_ANSWER,USER_ID,PRO_NUM,HISTORY_DATE,HISTORY_OX) values ('2','kakao-1515179669',5,'2020.11.04 12:09:44:81','true');
Insert into YUSUNGHO.USER_PRO_HISTORY (HISTORY_ANSWER,USER_ID,PRO_NUM,HISTORY_DATE,HISTORY_OX) values ('2','kakao-1515179669',5,'2020.11.04 12:10:23:07','true');
Insert into YUSUNGHO.USER_PRO_HISTORY (HISTORY_ANSWER,USER_ID,PRO_NUM,HISTORY_DATE,HISTORY_OX) values ('1','kakao-1515179669',2,'2020.11.04 12:13:38:40','false');
Insert into YUSUNGHO.USER_PRO_HISTORY (HISTORY_ANSWER,USER_ID,PRO_NUM,HISTORY_DATE,HISTORY_OX) values ('2','kakao-1515179669',2,'2020.11.04 12:13:41:02','true');
Insert into YUSUNGHO.USER_PRO_HISTORY (HISTORY_ANSWER,USER_ID,PRO_NUM,HISTORY_DATE,HISTORY_OX) values ('2','kakao-1515179669',5,'2020.11.04 12:13:55:18','true');
Insert into YUSUNGHO.USER_PRO_HISTORY (HISTORY_ANSWER,USER_ID,PRO_NUM,HISTORY_DATE,HISTORY_OX) values ('2','kakao-1515179669',5,'2020.11.04 12:17:11:29','true');
Insert into YUSUNGHO.USER_PRO_HISTORY (HISTORY_ANSWER,USER_ID,PRO_NUM,HISTORY_DATE,HISTORY_OX) values ('2','kakao-1515179669',5,'2020.11.04 12:27:46:52','true');
Insert into YUSUNGHO.USER_PRO_HISTORY (HISTORY_ANSWER,USER_ID,PRO_NUM,HISTORY_DATE,HISTORY_OX) values ('2','kakao-1515179669',5,'2020.11.04 12:28:18:88','true');
Insert into YUSUNGHO.USER_PRO_HISTORY (HISTORY_ANSWER,USER_ID,PRO_NUM,HISTORY_DATE,HISTORY_OX) values ('2','kakao-1515179669',5,'2020.11.04 12:29:17:87','true');
Insert into YUSUNGHO.USER_PRO_HISTORY (HISTORY_ANSWER,USER_ID,PRO_NUM,HISTORY_DATE,HISTORY_OX) values ('2','kakao-1515179669',2,'2020.11.04 12:30:25:55','true');
Insert into YUSUNGHO.USER_PRO_HISTORY (HISTORY_ANSWER,USER_ID,PRO_NUM,HISTORY_DATE,HISTORY_OX) values ('2','kakao-1515179669',2,'2020.11.04 12:31:02:89','true');
Insert into YUSUNGHO.USER_PRO_HISTORY (HISTORY_ANSWER,USER_ID,PRO_NUM,HISTORY_DATE,HISTORY_OX) values ('2','kakao-1515179669',5,'2020.11.04 12:31:16:35','true');
Insert into YUSUNGHO.USER_PRO_HISTORY (HISTORY_ANSWER,USER_ID,PRO_NUM,HISTORY_DATE,HISTORY_OX) values ('2','kakao-1515179669',5,'2020.11.04 12:31:21:51','true');
Insert into YUSUNGHO.USER_PRO_HISTORY (HISTORY_ANSWER,USER_ID,PRO_NUM,HISTORY_DATE,HISTORY_OX) values ('2','kakao-1515179669',2,'2020.11.04 15:04:41:14','true');
Insert into YUSUNGHO.USER_PRO_HISTORY (HISTORY_ANSWER,USER_ID,PRO_NUM,HISTORY_DATE,HISTORY_OX) values (null,'kakao-1515179669',3,'2020.11.04 15:05:32:29','false');
Insert into YUSUNGHO.USER_PRO_HISTORY (HISTORY_ANSWER,USER_ID,PRO_NUM,HISTORY_DATE,HISTORY_OX) values (null,'kakao-1515179669',4,'2020.11.04 15:05:36:14','false');
Insert into YUSUNGHO.USER_PRO_HISTORY (HISTORY_ANSWER,USER_ID,PRO_NUM,HISTORY_DATE,HISTORY_OX) values (null,'kakao-1515179669',4,'2020.11.04 15:05:39:23','false');
Insert into YUSUNGHO.USER_PRO_HISTORY (HISTORY_ANSWER,USER_ID,PRO_NUM,HISTORY_DATE,HISTORY_OX) values ('set','kakao-1515179669',4,'2020.11.04 15:05:44:15','true');
REM INSERTING into YUSUNGHO.USER_PRO_LIST
SET DEFINE OFF;
REM INSERTING into YUSUNGHO.USER_TABLE
SET DEFINE OFF;
Insert into YUSUNGHO.USER_TABLE (USER_ID,USER_PW,USER_TYPE,USER_EMAIL,USER_PHONE,USER_NICKNAME,USER_SIGNDATE,USER_ENABLE,USER_AUTHKEY,USER_IMAGE) values ('kakao-1515179669','{bcrpyt}$2a$10$gYoTcP/zZ8SBJQdrMiOmV.y8bjoE8nWonDwvBJP0E3ZRI7tDHFcH6','ROLE_USER',null,null,null,to_date('20/10/29','RR/MM/DD'),'1',null,'1604369379487Koala.jpg');
Insert into YUSUNGHO.USER_TABLE (USER_ID,USER_PW,USER_TYPE,USER_EMAIL,USER_PHONE,USER_NICKNAME,USER_SIGNDATE,USER_ENABLE,USER_AUTHKEY,USER_IMAGE) values ('yusungho','{bcrypt}$2a$10$DzsFrDrbbG56tXFydqd92e.6Y6uRA38BZSFqH923GEQmDlxh5gBqO','ROLE_USER','ryusungho@naver.com','test_phonenum','1234',to_date('20/10/30','RR/MM/DD'),'1','255671',null);
Insert into YUSUNGHO.USER_TABLE (USER_ID,USER_PW,USER_TYPE,USER_EMAIL,USER_PHONE,USER_NICKNAME,USER_SIGNDATE,USER_ENABLE,USER_AUTHKEY,USER_IMAGE) values ('test','{noop}1234','ROLE_USER','efwe@fewef.com','test_phonenum','123456',to_date('20/10/30','RR/MM/DD'),'1','624898',null);
--------------------------------------------------------
--  DDL for Index 엔터티1_PK1
--------------------------------------------------------

  CREATE UNIQUE INDEX "YUSUNGHO"."엔터티1_PK1" ON "YUSUNGHO"."BOARD" ("BOARD_NUM") 
  PCTFREE 10 INITRANS 2 MAXTRANS 255 COMPUTE STATISTICS 
  STORAGE(INITIAL 65536 NEXT 1048576 MINEXTENTS 1 MAXEXTENTS 2147483645
  PCTINCREASE 0 FREELISTS 1 FREELIST GROUPS 1 BUFFER_POOL DEFAULT FLASH_CACHE DEFAULT CELL_FLASH_CACHE DEFAULT)
  TABLESPACE "SYSTEM" ;
--------------------------------------------------------
--  DDL for Index 엔터티1_PK3
--------------------------------------------------------

  CREATE UNIQUE INDEX "YUSUNGHO"."엔터티1_PK3" ON "YUSUNGHO"."CALENDER" ("USER_ID", "CAL_ID") 
  PCTFREE 10 INITRANS 2 MAXTRANS 255 COMPUTE STATISTICS 
  STORAGE(INITIAL 65536 NEXT 1048576 MINEXTENTS 1 MAXEXTENTS 2147483645
  PCTINCREASE 0 FREELISTS 1 FREELIST GROUPS 1 BUFFER_POOL DEFAULT FLASH_CACHE DEFAULT CELL_FLASH_CACHE DEFAULT)
  TABLESPACE "SYSTEM" ;
--------------------------------------------------------
--  DDL for Index 엔터티3_PK8
--------------------------------------------------------

  CREATE UNIQUE INDEX "YUSUNGHO"."엔터티3_PK8" ON "YUSUNGHO"."COL_ANSWER" ("USER_ID", "COL_NUM", "COL_SOLVEDATE", "COL_LIST_NUM") 
  PCTFREE 10 INITRANS 2 MAXTRANS 255 COMPUTE STATISTICS 
  STORAGE(INITIAL 65536 NEXT 1048576 MINEXTENTS 1 MAXEXTENTS 2147483645
  PCTINCREASE 0 FREELISTS 1 FREELIST GROUPS 1 BUFFER_POOL DEFAULT FLASH_CACHE DEFAULT CELL_FLASH_CACHE DEFAULT)
  TABLESPACE "SYSTEM" ;
--------------------------------------------------------
--  DDL for Index 엔터티3_PK6
--------------------------------------------------------

  CREATE UNIQUE INDEX "YUSUNGHO"."엔터티3_PK6" ON "YUSUNGHO"."COL_EVAL" ("USER_ID", "COL_NUM") 
  PCTFREE 10 INITRANS 2 MAXTRANS 255 COMPUTE STATISTICS 
  STORAGE(INITIAL 65536 NEXT 1048576 MINEXTENTS 1 MAXEXTENTS 2147483645
  PCTINCREASE 0 FREELISTS 1 FREELIST GROUPS 1 BUFFER_POOL DEFAULT FLASH_CACHE DEFAULT CELL_FLASH_CACHE DEFAULT)
  TABLESPACE "SYSTEM" ;
--------------------------------------------------------
--  DDL for Index 엔터티3_PK1
--------------------------------------------------------

  CREATE UNIQUE INDEX "YUSUNGHO"."엔터티3_PK1" ON "YUSUNGHO"."COL_HISTORY" ("USER_ID", "COL_NUM", "COL_SOLVEDATE") 
  PCTFREE 10 INITRANS 2 MAXTRANS 255 COMPUTE STATISTICS 
  STORAGE(INITIAL 65536 NEXT 1048576 MINEXTENTS 1 MAXEXTENTS 2147483645
  PCTINCREASE 0 FREELISTS 1 FREELIST GROUPS 1 BUFFER_POOL DEFAULT FLASH_CACHE DEFAULT CELL_FLASH_CACHE DEFAULT)
  TABLESPACE "SYSTEM" ;
--------------------------------------------------------
--  DDL for Index 엔터티2_PK5
--------------------------------------------------------

  CREATE UNIQUE INDEX "YUSUNGHO"."엔터티2_PK5" ON "YUSUNGHO"."COL_LIST" ("PRO_NUM", "COL_NUM", "COL_LIST_NUM") 
  PCTFREE 10 INITRANS 2 MAXTRANS 255 COMPUTE STATISTICS 
  STORAGE(INITIAL 65536 NEXT 1048576 MINEXTENTS 1 MAXEXTENTS 2147483645
  PCTINCREASE 0 FREELISTS 1 FREELIST GROUPS 1 BUFFER_POOL DEFAULT FLASH_CACHE DEFAULT CELL_FLASH_CACHE DEFAULT)
  TABLESPACE "SYSTEM" ;
--------------------------------------------------------
--  DDL for Index 엔터티1_PK4
--------------------------------------------------------

  CREATE UNIQUE INDEX "YUSUNGHO"."엔터티1_PK4" ON "YUSUNGHO"."GROUP_TABLE" ("GROUP_NUM") 
  PCTFREE 10 INITRANS 2 MAXTRANS 255 COMPUTE STATISTICS 
  STORAGE(INITIAL 65536 NEXT 1048576 MINEXTENTS 1 MAXEXTENTS 2147483645
  PCTINCREASE 0 FREELISTS 1 FREELIST GROUPS 1 BUFFER_POOL DEFAULT FLASH_CACHE DEFAULT CELL_FLASH_CACHE DEFAULT)
  TABLESPACE "SYSTEM" ;
--------------------------------------------------------
--  DDL for Index 엔터티1_PK5
--------------------------------------------------------

  CREATE UNIQUE INDEX "YUSUNGHO"."엔터티1_PK5" ON "YUSUNGHO"."JOIN_GROUP_LIST" ("GROUP_NUM", "USER_ID") 
  PCTFREE 10 INITRANS 2 MAXTRANS 255 COMPUTE STATISTICS 
  STORAGE(INITIAL 65536 NEXT 1048576 MINEXTENTS 1 MAXEXTENTS 2147483645
  PCTINCREASE 0 FREELISTS 1 FREELIST GROUPS 1 BUFFER_POOL DEFAULT FLASH_CACHE DEFAULT CELL_FLASH_CACHE DEFAULT)
  TABLESPACE "SYSTEM" ;
--------------------------------------------------------
--  DDL for Index 엔터티3_PK
--------------------------------------------------------

  CREATE UNIQUE INDEX "YUSUNGHO"."엔터티3_PK" ON "YUSUNGHO"."LEC_CONTENT" ("LECTURE_ID", "LEC_CONTENT_ID") 
  PCTFREE 10 INITRANS 2 MAXTRANS 255 COMPUTE STATISTICS 
  STORAGE(INITIAL 65536 NEXT 1048576 MINEXTENTS 1 MAXEXTENTS 2147483645
  PCTINCREASE 0 FREELISTS 1 FREELIST GROUPS 1 BUFFER_POOL DEFAULT FLASH_CACHE DEFAULT CELL_FLASH_CACHE DEFAULT)
  TABLESPACE "SYSTEM" ;
--------------------------------------------------------
--  DDL for Index 엔터티3_PK2
--------------------------------------------------------

  CREATE UNIQUE INDEX "YUSUNGHO"."엔터티3_PK2" ON "YUSUNGHO"."LEC_FILE" ("LECTURE_ID", "LEC_CONTENT_ID", "LEC_FILE_ID") 
  PCTFREE 10 INITRANS 2 MAXTRANS 255 COMPUTE STATISTICS 
  STORAGE(INITIAL 65536 NEXT 1048576 MINEXTENTS 1 MAXEXTENTS 2147483645
  PCTINCREASE 0 FREELISTS 1 FREELIST GROUPS 1 BUFFER_POOL DEFAULT FLASH_CACHE DEFAULT CELL_FLASH_CACHE DEFAULT)
  TABLESPACE "SYSTEM" ;
--------------------------------------------------------
--  DDL for Index 엔터티1_PK2
--------------------------------------------------------

  CREATE UNIQUE INDEX "YUSUNGHO"."엔터티1_PK2" ON "YUSUNGHO"."LECTURE" ("LECTURE_ID") 
  PCTFREE 10 INITRANS 2 MAXTRANS 255 COMPUTE STATISTICS 
  STORAGE(INITIAL 65536 NEXT 1048576 MINEXTENTS 1 MAXEXTENTS 2147483645
  PCTINCREASE 0 FREELISTS 1 FREELIST GROUPS 1 BUFFER_POOL DEFAULT FLASH_CACHE DEFAULT CELL_FLASH_CACHE DEFAULT)
  TABLESPACE "SYSTEM" ;
--------------------------------------------------------
--  DDL for Index ORDERS_PK
--------------------------------------------------------

  CREATE UNIQUE INDEX "YUSUNGHO"."ORDERS_PK" ON "YUSUNGHO"."ORDERS" ("ORDER_ID", "ORDER_DATE") 
  PCTFREE 10 INITRANS 2 MAXTRANS 255 COMPUTE STATISTICS 
  STORAGE(INITIAL 65536 NEXT 1048576 MINEXTENTS 1 MAXEXTENTS 2147483645
  PCTINCREASE 0 FREELISTS 1 FREELIST GROUPS 1 BUFFER_POOL DEFAULT FLASH_CACHE DEFAULT CELL_FLASH_CACHE DEFAULT)
  TABLESPACE "USERS" ;
--------------------------------------------------------
--  DDL for Index 엔터티3_PK3
--------------------------------------------------------

  CREATE UNIQUE INDEX "YUSUNGHO"."엔터티3_PK3" ON "YUSUNGHO"."P_FILE" ("PRO_NUM") 
  PCTFREE 10 INITRANS 2 MAXTRANS 255 COMPUTE STATISTICS 
  STORAGE(INITIAL 65536 NEXT 1048576 MINEXTENTS 1 MAXEXTENTS 2147483645
  PCTINCREASE 0 FREELISTS 1 FREELIST GROUPS 1 BUFFER_POOL DEFAULT FLASH_CACHE DEFAULT CELL_FLASH_CACHE DEFAULT)
  TABLESPACE "SYSTEM" ;
--------------------------------------------------------
--  DDL for Index 엔터티3_PK9
--------------------------------------------------------

  CREATE UNIQUE INDEX "YUSUNGHO"."엔터티3_PK9" ON "YUSUNGHO"."PAY" ("USER_ID", "PAY_ID") 
  PCTFREE 10 INITRANS 2 MAXTRANS 255 COMPUTE STATISTICS 
  STORAGE(INITIAL 65536 NEXT 1048576 MINEXTENTS 1 MAXEXTENTS 2147483645
  PCTINCREASE 0 FREELISTS 1 FREELIST GROUPS 1 BUFFER_POOL DEFAULT FLASH_CACHE DEFAULT CELL_FLASH_CACHE DEFAULT)
  TABLESPACE "SYSTEM" ;
--------------------------------------------------------
--  DDL for Index 엔터티3_PK4
--------------------------------------------------------

  CREATE UNIQUE INDEX "YUSUNGHO"."엔터티3_PK4" ON "YUSUNGHO"."POINT" ("USER_ID", "POINT_DATE") 
  PCTFREE 10 INITRANS 2 MAXTRANS 255 COMPUTE STATISTICS 
  STORAGE(INITIAL 65536 NEXT 1048576 MINEXTENTS 1 MAXEXTENTS 2147483645
  PCTINCREASE 0 FREELISTS 1 FREELIST GROUPS 1 BUFFER_POOL DEFAULT FLASH_CACHE DEFAULT CELL_FLASH_CACHE DEFAULT)
  TABLESPACE "SYSTEM" ;
--------------------------------------------------------
--  DDL for Index 엔터티1_PK6
--------------------------------------------------------

  CREATE UNIQUE INDEX "YUSUNGHO"."엔터티1_PK6" ON "YUSUNGHO"."POST" ("POST_NUM") 
  PCTFREE 10 INITRANS 2 MAXTRANS 255 COMPUTE STATISTICS 
  STORAGE(INITIAL 65536 NEXT 1048576 MINEXTENTS 1 MAXEXTENTS 2147483645
  PCTINCREASE 0 FREELISTS 1 FREELIST GROUPS 1 BUFFER_POOL DEFAULT FLASH_CACHE DEFAULT CELL_FLASH_CACHE DEFAULT)
  TABLESPACE "SYSTEM" ;
--------------------------------------------------------
--  DDL for Index 엔터티2_PK2
--------------------------------------------------------

  CREATE UNIQUE INDEX "YUSUNGHO"."엔터티2_PK2" ON "YUSUNGHO"."POST_FILE" ("POST_NUM", "POST_FILE_NUM") 
  PCTFREE 10 INITRANS 2 MAXTRANS 255 COMPUTE STATISTICS 
  STORAGE(INITIAL 65536 NEXT 1048576 MINEXTENTS 1 MAXEXTENTS 2147483645
  PCTINCREASE 0 FREELISTS 1 FREELIST GROUPS 1 BUFFER_POOL DEFAULT FLASH_CACHE DEFAULT CELL_FLASH_CACHE DEFAULT)
  TABLESPACE "SYSTEM" ;
--------------------------------------------------------
--  DDL for Index 엔터티3_PK10
--------------------------------------------------------

  CREATE UNIQUE INDEX "YUSUNGHO"."엔터티3_PK10" ON "YUSUNGHO"."PRO_CATEGORY" ("CATEGORY_ID", "CATEGORY_NAME") 
  PCTFREE 10 INITRANS 2 MAXTRANS 255 COMPUTE STATISTICS 
  STORAGE(INITIAL 65536 NEXT 1048576 MINEXTENTS 1 MAXEXTENTS 2147483645
  PCTINCREASE 0 FREELISTS 1 FREELIST GROUPS 1 BUFFER_POOL DEFAULT FLASH_CACHE DEFAULT CELL_FLASH_CACHE DEFAULT)
  TABLESPACE "SYSTEM" ;
--------------------------------------------------------
--  DDL for Index 엔터티4_PK
--------------------------------------------------------

  CREATE UNIQUE INDEX "YUSUNGHO"."엔터티4_PK" ON "YUSUNGHO"."PRO_CHOICE" ("PRO_NUM", "CHO_NUM") 
  PCTFREE 10 INITRANS 2 MAXTRANS 255 COMPUTE STATISTICS 
  STORAGE(INITIAL 65536 NEXT 1048576 MINEXTENTS 1 MAXEXTENTS 2147483645
  PCTINCREASE 0 FREELISTS 1 FREELIST GROUPS 1 BUFFER_POOL DEFAULT FLASH_CACHE DEFAULT CELL_FLASH_CACHE DEFAULT)
  TABLESPACE "SYSTEM" ;
--------------------------------------------------------
--  DDL for Index 엔터티2_PK4
--------------------------------------------------------

  CREATE UNIQUE INDEX "YUSUNGHO"."엔터티2_PK4" ON "YUSUNGHO"."PRO_COLLECTION" ("COL_NUM") 
  PCTFREE 10 INITRANS 2 MAXTRANS 255 COMPUTE STATISTICS 
  STORAGE(INITIAL 65536 NEXT 1048576 MINEXTENTS 1 MAXEXTENTS 2147483645
  PCTINCREASE 0 FREELISTS 1 FREELIST GROUPS 1 BUFFER_POOL DEFAULT FLASH_CACHE DEFAULT CELL_FLASH_CACHE DEFAULT)
  TABLESPACE "SYSTEM" ;
--------------------------------------------------------
--  DDL for Index 엔터티3_PK5
--------------------------------------------------------

  CREATE UNIQUE INDEX "YUSUNGHO"."엔터티3_PK5" ON "YUSUNGHO"."PRO_EVAL" ("USER_ID", "PRO_NUM") 
  PCTFREE 10 INITRANS 2 MAXTRANS 255 COMPUTE STATISTICS 
  STORAGE(INITIAL 65536 NEXT 1048576 MINEXTENTS 1 MAXEXTENTS 2147483645
  PCTINCREASE 0 FREELISTS 1 FREELIST GROUPS 1 BUFFER_POOL DEFAULT FLASH_CACHE DEFAULT CELL_FLASH_CACHE DEFAULT)
  TABLESPACE "SYSTEM" ;
--------------------------------------------------------
--  DDL for Index 엔터티3_PK11
--------------------------------------------------------

  CREATE UNIQUE INDEX "YUSUNGHO"."엔터티3_PK11" ON "YUSUNGHO"."PRO_TAG" ("TAG_ID", "TAG_NAME", "TAG_ISCHOICE") 
  PCTFREE 10 INITRANS 2 MAXTRANS 255 COMPUTE STATISTICS 
  STORAGE(INITIAL 65536 NEXT 1048576 MINEXTENTS 1 MAXEXTENTS 2147483645
  PCTINCREASE 0 FREELISTS 1 FREELIST GROUPS 1 BUFFER_POOL DEFAULT FLASH_CACHE DEFAULT CELL_FLASH_CACHE DEFAULT)
  TABLESPACE "SYSTEM" ;
--------------------------------------------------------
--  DDL for Index 엔터티1_PK
--------------------------------------------------------

  CREATE UNIQUE INDEX "YUSUNGHO"."엔터티1_PK" ON "YUSUNGHO"."PROBLEM" ("PRO_NUM") 
  PCTFREE 10 INITRANS 2 MAXTRANS 255 COMPUTE STATISTICS 
  STORAGE(INITIAL 65536 NEXT 1048576 MINEXTENTS 1 MAXEXTENTS 2147483645
  PCTINCREASE 0 FREELISTS 1 FREELIST GROUPS 1 BUFFER_POOL DEFAULT FLASH_CACHE DEFAULT CELL_FLASH_CACHE DEFAULT)
  TABLESPACE "SYSTEM" ;
--------------------------------------------------------
--  DDL for Index 엔터티3_PK7
--------------------------------------------------------

  CREATE UNIQUE INDEX "YUSUNGHO"."엔터티3_PK7" ON "YUSUNGHO"."SCORE" ("USER_ID", "SCORE_DATE") 
  PCTFREE 10 INITRANS 2 MAXTRANS 255 COMPUTE STATISTICS 
  STORAGE(INITIAL 65536 NEXT 1048576 MINEXTENTS 1 MAXEXTENTS 2147483645
  PCTINCREASE 0 FREELISTS 1 FREELIST GROUPS 1 BUFFER_POOL DEFAULT FLASH_CACHE DEFAULT CELL_FLASH_CACHE DEFAULT)
  TABLESPACE "SYSTEM" ;
--------------------------------------------------------
--  DDL for Index 엔터티2_PK3
--------------------------------------------------------

  CREATE UNIQUE INDEX "YUSUNGHO"."엔터티2_PK3" ON "YUSUNGHO"."STUDENT" ("LECTURE_ID", "USER_ID") 
  PCTFREE 10 INITRANS 2 MAXTRANS 255 COMPUTE STATISTICS 
  STORAGE(INITIAL 65536 NEXT 1048576 MINEXTENTS 1 MAXEXTENTS 2147483645
  PCTINCREASE 0 FREELISTS 1 FREELIST GROUPS 1 BUFFER_POOL DEFAULT FLASH_CACHE DEFAULT CELL_FLASH_CACHE DEFAULT)
  TABLESPACE "SYSTEM" ;
--------------------------------------------------------
--  DDL for Index 엔터티1_PK9
--------------------------------------------------------

  CREATE UNIQUE INDEX "YUSUNGHO"."엔터티1_PK9" ON "YUSUNGHO"."USER_PRO_HISTORY" ("USER_ID", "PRO_NUM", "HISTORY_DATE") 
  PCTFREE 10 INITRANS 2 MAXTRANS 255 COMPUTE STATISTICS 
  STORAGE(INITIAL 65536 NEXT 1048576 MINEXTENTS 1 MAXEXTENTS 2147483645
  PCTINCREASE 0 FREELISTS 1 FREELIST GROUPS 1 BUFFER_POOL DEFAULT FLASH_CACHE DEFAULT CELL_FLASH_CACHE DEFAULT)
  TABLESPACE "SYSTEM" ;
--------------------------------------------------------
--  DDL for Index 엔터티1_PK7
--------------------------------------------------------

  CREATE UNIQUE INDEX "YUSUNGHO"."엔터티1_PK7" ON "YUSUNGHO"."USER_PRO_LIST" ("USER_ID", "PRO_NUM") 
  PCTFREE 10 INITRANS 2 MAXTRANS 255 COMPUTE STATISTICS 
  STORAGE(INITIAL 65536 NEXT 1048576 MINEXTENTS 1 MAXEXTENTS 2147483645
  PCTINCREASE 0 FREELISTS 1 FREELIST GROUPS 1 BUFFER_POOL DEFAULT FLASH_CACHE DEFAULT CELL_FLASH_CACHE DEFAULT)
  TABLESPACE "SYSTEM" ;
--------------------------------------------------------
--  DDL for Index 엔터티2_PK
--------------------------------------------------------

  CREATE UNIQUE INDEX "YUSUNGHO"."엔터티2_PK" ON "YUSUNGHO"."USER_TABLE" ("USER_ID") 
  PCTFREE 10 INITRANS 2 MAXTRANS 255 COMPUTE STATISTICS 
  STORAGE(INITIAL 65536 NEXT 1048576 MINEXTENTS 1 MAXEXTENTS 2147483645
  PCTINCREASE 0 FREELISTS 1 FREELIST GROUPS 1 BUFFER_POOL DEFAULT FLASH_CACHE DEFAULT CELL_FLASH_CACHE DEFAULT)
  TABLESPACE "SYSTEM" ;
--------------------------------------------------------
--  Constraints for Table BOARD
--------------------------------------------------------

  ALTER TABLE "YUSUNGHO"."BOARD" ADD CONSTRAINT "엔터티1_PK1" PRIMARY KEY ("BOARD_NUM")
  USING INDEX PCTFREE 10 INITRANS 2 MAXTRANS 255 COMPUTE STATISTICS 
  STORAGE(INITIAL 65536 NEXT 1048576 MINEXTENTS 1 MAXEXTENTS 2147483645
  PCTINCREASE 0 FREELISTS 1 FREELIST GROUPS 1 BUFFER_POOL DEFAULT FLASH_CACHE DEFAULT CELL_FLASH_CACHE DEFAULT)
  TABLESPACE "SYSTEM"  ENABLE;
  ALTER TABLE "YUSUNGHO"."BOARD" MODIFY ("BOARD_NUM" NOT NULL ENABLE);
--------------------------------------------------------
--  Constraints for Table CALENDER
--------------------------------------------------------

  ALTER TABLE "YUSUNGHO"."CALENDER" ADD CONSTRAINT "엔터티1_PK3" PRIMARY KEY ("USER_ID", "CAL_ID")
  USING INDEX PCTFREE 10 INITRANS 2 MAXTRANS 255 COMPUTE STATISTICS 
  STORAGE(INITIAL 65536 NEXT 1048576 MINEXTENTS 1 MAXEXTENTS 2147483645
  PCTINCREASE 0 FREELISTS 1 FREELIST GROUPS 1 BUFFER_POOL DEFAULT FLASH_CACHE DEFAULT CELL_FLASH_CACHE DEFAULT)
  TABLESPACE "SYSTEM"  ENABLE;
  ALTER TABLE "YUSUNGHO"."CALENDER" MODIFY ("USER_ID" NOT NULL ENABLE);
  ALTER TABLE "YUSUNGHO"."CALENDER" MODIFY ("CAL_ID" NOT NULL ENABLE);
--------------------------------------------------------
--  Constraints for Table COL_ANSWER
--------------------------------------------------------

  ALTER TABLE "YUSUNGHO"."COL_ANSWER" ADD CONSTRAINT "엔터티3_PK8" PRIMARY KEY ("USER_ID", "COL_NUM", "COL_SOLVEDATE", "COL_LIST_NUM")
  USING INDEX PCTFREE 10 INITRANS 2 MAXTRANS 255 COMPUTE STATISTICS 
  STORAGE(INITIAL 65536 NEXT 1048576 MINEXTENTS 1 MAXEXTENTS 2147483645
  PCTINCREASE 0 FREELISTS 1 FREELIST GROUPS 1 BUFFER_POOL DEFAULT FLASH_CACHE DEFAULT CELL_FLASH_CACHE DEFAULT)
  TABLESPACE "SYSTEM"  ENABLE;
  ALTER TABLE "YUSUNGHO"."COL_ANSWER" MODIFY ("COL_LIST_NUM" NOT NULL ENABLE);
  ALTER TABLE "YUSUNGHO"."COL_ANSWER" MODIFY ("PRO_NUM" NOT NULL ENABLE);
  ALTER TABLE "YUSUNGHO"."COL_ANSWER" MODIFY ("COL_SOLVEDATE" NOT NULL ENABLE);
  ALTER TABLE "YUSUNGHO"."COL_ANSWER" MODIFY ("COL_NUM" NOT NULL ENABLE);
  ALTER TABLE "YUSUNGHO"."COL_ANSWER" MODIFY ("USER_ID" NOT NULL ENABLE);
--------------------------------------------------------
--  Constraints for Table COL_EVAL
--------------------------------------------------------

  ALTER TABLE "YUSUNGHO"."COL_EVAL" ADD CONSTRAINT "엔터티3_PK6" PRIMARY KEY ("USER_ID", "COL_NUM")
  USING INDEX PCTFREE 10 INITRANS 2 MAXTRANS 255 COMPUTE STATISTICS 
  STORAGE(INITIAL 65536 NEXT 1048576 MINEXTENTS 1 MAXEXTENTS 2147483645
  PCTINCREASE 0 FREELISTS 1 FREELIST GROUPS 1 BUFFER_POOL DEFAULT FLASH_CACHE DEFAULT CELL_FLASH_CACHE DEFAULT)
  TABLESPACE "SYSTEM"  ENABLE;
  ALTER TABLE "YUSUNGHO"."COL_EVAL" MODIFY ("COL_NUM" NOT NULL ENABLE);
  ALTER TABLE "YUSUNGHO"."COL_EVAL" MODIFY ("USER_ID" NOT NULL ENABLE);
--------------------------------------------------------
--  Constraints for Table COL_HISTORY
--------------------------------------------------------

  ALTER TABLE "YUSUNGHO"."COL_HISTORY" ADD CONSTRAINT "엔터티3_PK1" PRIMARY KEY ("USER_ID", "COL_NUM", "COL_SOLVEDATE")
  USING INDEX PCTFREE 10 INITRANS 2 MAXTRANS 255 COMPUTE STATISTICS 
  STORAGE(INITIAL 65536 NEXT 1048576 MINEXTENTS 1 MAXEXTENTS 2147483645
  PCTINCREASE 0 FREELISTS 1 FREELIST GROUPS 1 BUFFER_POOL DEFAULT FLASH_CACHE DEFAULT CELL_FLASH_CACHE DEFAULT)
  TABLESPACE "SYSTEM"  ENABLE;
  ALTER TABLE "YUSUNGHO"."COL_HISTORY" MODIFY ("COL_NUM" NOT NULL ENABLE);
  ALTER TABLE "YUSUNGHO"."COL_HISTORY" MODIFY ("USER_ID" NOT NULL ENABLE);
  ALTER TABLE "YUSUNGHO"."COL_HISTORY" MODIFY ("COL_SOLVEDATE" NOT NULL ENABLE);
--------------------------------------------------------
--  Constraints for Table COL_LIST
--------------------------------------------------------

  ALTER TABLE "YUSUNGHO"."COL_LIST" ADD CONSTRAINT "엔터티2_PK5" PRIMARY KEY ("PRO_NUM", "COL_NUM", "COL_LIST_NUM")
  USING INDEX PCTFREE 10 INITRANS 2 MAXTRANS 255 COMPUTE STATISTICS 
  STORAGE(INITIAL 65536 NEXT 1048576 MINEXTENTS 1 MAXEXTENTS 2147483645
  PCTINCREASE 0 FREELISTS 1 FREELIST GROUPS 1 BUFFER_POOL DEFAULT FLASH_CACHE DEFAULT CELL_FLASH_CACHE DEFAULT)
  TABLESPACE "SYSTEM"  ENABLE;
  ALTER TABLE "YUSUNGHO"."COL_LIST" MODIFY ("COL_LIST_NUM" NOT NULL ENABLE);
  ALTER TABLE "YUSUNGHO"."COL_LIST" MODIFY ("COL_NUM" NOT NULL ENABLE);
  ALTER TABLE "YUSUNGHO"."COL_LIST" MODIFY ("PRO_NUM" NOT NULL ENABLE);
--------------------------------------------------------
--  Constraints for Table GROUP_TABLE
--------------------------------------------------------

  ALTER TABLE "YUSUNGHO"."GROUP_TABLE" ADD CONSTRAINT "엔터티1_PK4" PRIMARY KEY ("GROUP_NUM")
  USING INDEX PCTFREE 10 INITRANS 2 MAXTRANS 255 COMPUTE STATISTICS 
  STORAGE(INITIAL 65536 NEXT 1048576 MINEXTENTS 1 MAXEXTENTS 2147483645
  PCTINCREASE 0 FREELISTS 1 FREELIST GROUPS 1 BUFFER_POOL DEFAULT FLASH_CACHE DEFAULT CELL_FLASH_CACHE DEFAULT)
  TABLESPACE "SYSTEM"  ENABLE;
  ALTER TABLE "YUSUNGHO"."GROUP_TABLE" MODIFY ("GROUP_NUM" NOT NULL ENABLE);
--------------------------------------------------------
--  Constraints for Table JOIN_GROUP_LIST
--------------------------------------------------------

  ALTER TABLE "YUSUNGHO"."JOIN_GROUP_LIST" ADD CONSTRAINT "엔터티1_PK5" PRIMARY KEY ("GROUP_NUM", "USER_ID")
  USING INDEX PCTFREE 10 INITRANS 2 MAXTRANS 255 COMPUTE STATISTICS 
  STORAGE(INITIAL 65536 NEXT 1048576 MINEXTENTS 1 MAXEXTENTS 2147483645
  PCTINCREASE 0 FREELISTS 1 FREELIST GROUPS 1 BUFFER_POOL DEFAULT FLASH_CACHE DEFAULT CELL_FLASH_CACHE DEFAULT)
  TABLESPACE "SYSTEM"  ENABLE;
  ALTER TABLE "YUSUNGHO"."JOIN_GROUP_LIST" MODIFY ("USER_ID" NOT NULL ENABLE);
  ALTER TABLE "YUSUNGHO"."JOIN_GROUP_LIST" MODIFY ("GROUP_NUM" NOT NULL ENABLE);
--------------------------------------------------------
--  Constraints for Table LEC_CONTENT
--------------------------------------------------------

  ALTER TABLE "YUSUNGHO"."LEC_CONTENT" ADD CONSTRAINT "엔터티3_PK" PRIMARY KEY ("LECTURE_ID", "LEC_CONTENT_ID")
  USING INDEX PCTFREE 10 INITRANS 2 MAXTRANS 255 COMPUTE STATISTICS 
  STORAGE(INITIAL 65536 NEXT 1048576 MINEXTENTS 1 MAXEXTENTS 2147483645
  PCTINCREASE 0 FREELISTS 1 FREELIST GROUPS 1 BUFFER_POOL DEFAULT FLASH_CACHE DEFAULT CELL_FLASH_CACHE DEFAULT)
  TABLESPACE "SYSTEM"  ENABLE;
  ALTER TABLE "YUSUNGHO"."LEC_CONTENT" MODIFY ("LEC_CONTENT_ID" NOT NULL ENABLE);
  ALTER TABLE "YUSUNGHO"."LEC_CONTENT" MODIFY ("LECTURE_ID" NOT NULL ENABLE);
--------------------------------------------------------
--  Constraints for Table LEC_FILE
--------------------------------------------------------

  ALTER TABLE "YUSUNGHO"."LEC_FILE" ADD CONSTRAINT "엔터티3_PK2" PRIMARY KEY ("LECTURE_ID", "LEC_CONTENT_ID", "LEC_FILE_ID")
  USING INDEX PCTFREE 10 INITRANS 2 MAXTRANS 255 COMPUTE STATISTICS 
  STORAGE(INITIAL 65536 NEXT 1048576 MINEXTENTS 1 MAXEXTENTS 2147483645
  PCTINCREASE 0 FREELISTS 1 FREELIST GROUPS 1 BUFFER_POOL DEFAULT FLASH_CACHE DEFAULT CELL_FLASH_CACHE DEFAULT)
  TABLESPACE "SYSTEM"  ENABLE;
  ALTER TABLE "YUSUNGHO"."LEC_FILE" MODIFY ("LEC_CONTENT_ID" NOT NULL ENABLE);
  ALTER TABLE "YUSUNGHO"."LEC_FILE" MODIFY ("LECTURE_ID" NOT NULL ENABLE);
  ALTER TABLE "YUSUNGHO"."LEC_FILE" MODIFY ("LEC_FILE_ID" NOT NULL ENABLE);
--------------------------------------------------------
--  Constraints for Table LECTURE
--------------------------------------------------------

  ALTER TABLE "YUSUNGHO"."LECTURE" ADD CONSTRAINT "엔터티1_PK2" PRIMARY KEY ("LECTURE_ID")
  USING INDEX PCTFREE 10 INITRANS 2 MAXTRANS 255 COMPUTE STATISTICS 
  STORAGE(INITIAL 65536 NEXT 1048576 MINEXTENTS 1 MAXEXTENTS 2147483645
  PCTINCREASE 0 FREELISTS 1 FREELIST GROUPS 1 BUFFER_POOL DEFAULT FLASH_CACHE DEFAULT CELL_FLASH_CACHE DEFAULT)
  TABLESPACE "SYSTEM"  ENABLE;
  ALTER TABLE "YUSUNGHO"."LECTURE" MODIFY ("USER_ID" NOT NULL ENABLE);
  ALTER TABLE "YUSUNGHO"."LECTURE" MODIFY ("LECTURE_ID" NOT NULL ENABLE);
--------------------------------------------------------
--  Constraints for Table ORDERS
--------------------------------------------------------

  ALTER TABLE "YUSUNGHO"."ORDERS" ADD CONSTRAINT "ORDERS_PK" PRIMARY KEY ("ORDER_ID", "ORDER_DATE")
  USING INDEX PCTFREE 10 INITRANS 2 MAXTRANS 255 COMPUTE STATISTICS 
  STORAGE(INITIAL 65536 NEXT 1048576 MINEXTENTS 1 MAXEXTENTS 2147483645
  PCTINCREASE 0 FREELISTS 1 FREELIST GROUPS 1 BUFFER_POOL DEFAULT FLASH_CACHE DEFAULT CELL_FLASH_CACHE DEFAULT)
  TABLESPACE "USERS"  ENABLE;
  ALTER TABLE "YUSUNGHO"."ORDERS" MODIFY ("ORDER_ID" NOT NULL ENABLE);
  ALTER TABLE "YUSUNGHO"."ORDERS" MODIFY ("USER_ID" NOT NULL ENABLE);
  ALTER TABLE "YUSUNGHO"."ORDERS" MODIFY ("LECTURE_ID" NOT NULL ENABLE);
  ALTER TABLE "YUSUNGHO"."ORDERS" MODIFY ("ORDER_DATE" NOT NULL ENABLE);
--------------------------------------------------------
--  Constraints for Table P_FILE
--------------------------------------------------------

  ALTER TABLE "YUSUNGHO"."P_FILE" ADD CONSTRAINT "엔터티3_PK3" PRIMARY KEY ("PRO_NUM")
  USING INDEX PCTFREE 10 INITRANS 2 MAXTRANS 255 COMPUTE STATISTICS 
  STORAGE(INITIAL 65536 NEXT 1048576 MINEXTENTS 1 MAXEXTENTS 2147483645
  PCTINCREASE 0 FREELISTS 1 FREELIST GROUPS 1 BUFFER_POOL DEFAULT FLASH_CACHE DEFAULT CELL_FLASH_CACHE DEFAULT)
  TABLESPACE "SYSTEM"  ENABLE;
  ALTER TABLE "YUSUNGHO"."P_FILE" MODIFY ("PRO_NUM" NOT NULL ENABLE);
--------------------------------------------------------
--  Constraints for Table PAY
--------------------------------------------------------

  ALTER TABLE "YUSUNGHO"."PAY" ADD CONSTRAINT "엔터티3_PK9" PRIMARY KEY ("USER_ID", "PAY_ID")
  USING INDEX PCTFREE 10 INITRANS 2 MAXTRANS 255 COMPUTE STATISTICS 
  STORAGE(INITIAL 65536 NEXT 1048576 MINEXTENTS 1 MAXEXTENTS 2147483645
  PCTINCREASE 0 FREELISTS 1 FREELIST GROUPS 1 BUFFER_POOL DEFAULT FLASH_CACHE DEFAULT CELL_FLASH_CACHE DEFAULT)
  TABLESPACE "SYSTEM"  ENABLE;
  ALTER TABLE "YUSUNGHO"."PAY" MODIFY ("USER_ID" NOT NULL ENABLE);
  ALTER TABLE "YUSUNGHO"."PAY" MODIFY ("PAY_ID" NOT NULL ENABLE);
--------------------------------------------------------
--  Constraints for Table POINT
--------------------------------------------------------

  ALTER TABLE "YUSUNGHO"."POINT" ADD CONSTRAINT "엔터티3_PK4" PRIMARY KEY ("USER_ID", "POINT_DATE")
  USING INDEX PCTFREE 10 INITRANS 2 MAXTRANS 255 COMPUTE STATISTICS 
  STORAGE(INITIAL 65536 NEXT 1048576 MINEXTENTS 1 MAXEXTENTS 2147483645
  PCTINCREASE 0 FREELISTS 1 FREELIST GROUPS 1 BUFFER_POOL DEFAULT FLASH_CACHE DEFAULT CELL_FLASH_CACHE DEFAULT)
  TABLESPACE "SYSTEM"  ENABLE;
  ALTER TABLE "YUSUNGHO"."POINT" MODIFY ("USER_ID" NOT NULL ENABLE);
  ALTER TABLE "YUSUNGHO"."POINT" MODIFY ("POINT_DATE" NOT NULL ENABLE);
--------------------------------------------------------
--  Constraints for Table POST
--------------------------------------------------------

  ALTER TABLE "YUSUNGHO"."POST" ADD CONSTRAINT "엔터티1_PK6" PRIMARY KEY ("POST_NUM")
  USING INDEX PCTFREE 10 INITRANS 2 MAXTRANS 255 COMPUTE STATISTICS 
  STORAGE(INITIAL 65536 NEXT 1048576 MINEXTENTS 1 MAXEXTENTS 2147483645
  PCTINCREASE 0 FREELISTS 1 FREELIST GROUPS 1 BUFFER_POOL DEFAULT FLASH_CACHE DEFAULT CELL_FLASH_CACHE DEFAULT)
  TABLESPACE "SYSTEM"  ENABLE;
  ALTER TABLE "YUSUNGHO"."POST" MODIFY ("USER_ID" NOT NULL ENABLE);
  ALTER TABLE "YUSUNGHO"."POST" MODIFY ("BOARD_NUM" NOT NULL ENABLE);
  ALTER TABLE "YUSUNGHO"."POST" MODIFY ("POST_NUM" NOT NULL ENABLE);
--------------------------------------------------------
--  Constraints for Table POST_FILE
--------------------------------------------------------

  ALTER TABLE "YUSUNGHO"."POST_FILE" ADD CONSTRAINT "엔터티2_PK2" PRIMARY KEY ("POST_NUM", "POST_FILE_NUM")
  USING INDEX PCTFREE 10 INITRANS 2 MAXTRANS 255 COMPUTE STATISTICS 
  STORAGE(INITIAL 65536 NEXT 1048576 MINEXTENTS 1 MAXEXTENTS 2147483645
  PCTINCREASE 0 FREELISTS 1 FREELIST GROUPS 1 BUFFER_POOL DEFAULT FLASH_CACHE DEFAULT CELL_FLASH_CACHE DEFAULT)
  TABLESPACE "SYSTEM"  ENABLE;
  ALTER TABLE "YUSUNGHO"."POST_FILE" MODIFY ("POST_NUM" NOT NULL ENABLE);
  ALTER TABLE "YUSUNGHO"."POST_FILE" MODIFY ("POST_FILE_NUM" NOT NULL ENABLE);
--------------------------------------------------------
--  Constraints for Table PRO_CATEGORY
--------------------------------------------------------

  ALTER TABLE "YUSUNGHO"."PRO_CATEGORY" ADD CONSTRAINT "엔터티3_PK10" PRIMARY KEY ("CATEGORY_ID", "CATEGORY_NAME")
  USING INDEX PCTFREE 10 INITRANS 2 MAXTRANS 255 COMPUTE STATISTICS 
  STORAGE(INITIAL 65536 NEXT 1048576 MINEXTENTS 1 MAXEXTENTS 2147483645
  PCTINCREASE 0 FREELISTS 1 FREELIST GROUPS 1 BUFFER_POOL DEFAULT FLASH_CACHE DEFAULT CELL_FLASH_CACHE DEFAULT)
  TABLESPACE "SYSTEM"  ENABLE;
  ALTER TABLE "YUSUNGHO"."PRO_CATEGORY" MODIFY ("CATEGORY_NAME" NOT NULL ENABLE);
  ALTER TABLE "YUSUNGHO"."PRO_CATEGORY" MODIFY ("CATEGORY_ID" NOT NULL ENABLE);
--------------------------------------------------------
--  Constraints for Table PRO_CHOICE
--------------------------------------------------------

  ALTER TABLE "YUSUNGHO"."PRO_CHOICE" ADD CONSTRAINT "엔터티4_PK" PRIMARY KEY ("PRO_NUM", "CHO_NUM")
  USING INDEX PCTFREE 10 INITRANS 2 MAXTRANS 255 COMPUTE STATISTICS 
  STORAGE(INITIAL 65536 NEXT 1048576 MINEXTENTS 1 MAXEXTENTS 2147483645
  PCTINCREASE 0 FREELISTS 1 FREELIST GROUPS 1 BUFFER_POOL DEFAULT FLASH_CACHE DEFAULT CELL_FLASH_CACHE DEFAULT)
  TABLESPACE "SYSTEM"  ENABLE;
  ALTER TABLE "YUSUNGHO"."PRO_CHOICE" MODIFY ("CHO_NUM" NOT NULL ENABLE);
  ALTER TABLE "YUSUNGHO"."PRO_CHOICE" MODIFY ("PRO_NUM" NOT NULL ENABLE);
--------------------------------------------------------
--  Constraints for Table PRO_COLLECTION
--------------------------------------------------------

  ALTER TABLE "YUSUNGHO"."PRO_COLLECTION" ADD CONSTRAINT "엔터티2_PK4" PRIMARY KEY ("COL_NUM")
  USING INDEX PCTFREE 10 INITRANS 2 MAXTRANS 255 COMPUTE STATISTICS 
  STORAGE(INITIAL 65536 NEXT 1048576 MINEXTENTS 1 MAXEXTENTS 2147483645
  PCTINCREASE 0 FREELISTS 1 FREELIST GROUPS 1 BUFFER_POOL DEFAULT FLASH_CACHE DEFAULT CELL_FLASH_CACHE DEFAULT)
  TABLESPACE "SYSTEM"  ENABLE;
  ALTER TABLE "YUSUNGHO"."PRO_COLLECTION" MODIFY ("COL_NAME" NOT NULL ENABLE);
  ALTER TABLE "YUSUNGHO"."PRO_COLLECTION" MODIFY ("USER_ID" NOT NULL ENABLE);
  ALTER TABLE "YUSUNGHO"."PRO_COLLECTION" MODIFY ("COL_NUM" NOT NULL ENABLE);
--------------------------------------------------------
--  Constraints for Table PRO_EVAL
--------------------------------------------------------

  ALTER TABLE "YUSUNGHO"."PRO_EVAL" ADD CONSTRAINT "엔터티3_PK5" PRIMARY KEY ("USER_ID", "PRO_NUM")
  USING INDEX PCTFREE 10 INITRANS 2 MAXTRANS 255 COMPUTE STATISTICS 
  STORAGE(INITIAL 65536 NEXT 1048576 MINEXTENTS 1 MAXEXTENTS 2147483645
  PCTINCREASE 0 FREELISTS 1 FREELIST GROUPS 1 BUFFER_POOL DEFAULT FLASH_CACHE DEFAULT CELL_FLASH_CACHE DEFAULT)
  TABLESPACE "SYSTEM"  ENABLE;
  ALTER TABLE "YUSUNGHO"."PRO_EVAL" MODIFY ("PRO_NUM" NOT NULL ENABLE);
  ALTER TABLE "YUSUNGHO"."PRO_EVAL" MODIFY ("USER_ID" NOT NULL ENABLE);
--------------------------------------------------------
--  Constraints for Table PRO_TAG
--------------------------------------------------------

  ALTER TABLE "YUSUNGHO"."PRO_TAG" ADD CONSTRAINT "엔터티3_PK11" PRIMARY KEY ("TAG_ID", "TAG_NAME", "TAG_ISCHOICE")
  USING INDEX PCTFREE 10 INITRANS 2 MAXTRANS 255 COMPUTE STATISTICS 
  STORAGE(INITIAL 65536 NEXT 1048576 MINEXTENTS 1 MAXEXTENTS 2147483645
  PCTINCREASE 0 FREELISTS 1 FREELIST GROUPS 1 BUFFER_POOL DEFAULT FLASH_CACHE DEFAULT CELL_FLASH_CACHE DEFAULT)
  TABLESPACE "SYSTEM"  ENABLE;
  ALTER TABLE "YUSUNGHO"."PRO_TAG" MODIFY ("TAG_ISCHOICE" NOT NULL ENABLE);
  ALTER TABLE "YUSUNGHO"."PRO_TAG" MODIFY ("TAG_NAME" NOT NULL ENABLE);
  ALTER TABLE "YUSUNGHO"."PRO_TAG" MODIFY ("TAG_ID" NOT NULL ENABLE);
  ALTER TABLE "YUSUNGHO"."PRO_TAG" MODIFY ("CATEGORY_NAME" NOT NULL ENABLE);
  ALTER TABLE "YUSUNGHO"."PRO_TAG" MODIFY ("CATEGORY_ID" NOT NULL ENABLE);
--------------------------------------------------------
--  Constraints for Table PROBLEM
--------------------------------------------------------

  ALTER TABLE "YUSUNGHO"."PROBLEM" ADD CONSTRAINT "엔터티1_PK" PRIMARY KEY ("PRO_NUM")
  USING INDEX PCTFREE 10 INITRANS 2 MAXTRANS 255 COMPUTE STATISTICS 
  STORAGE(INITIAL 65536 NEXT 1048576 MINEXTENTS 1 MAXEXTENTS 2147483645
  PCTINCREASE 0 FREELISTS 1 FREELIST GROUPS 1 BUFFER_POOL DEFAULT FLASH_CACHE DEFAULT CELL_FLASH_CACHE DEFAULT)
  TABLESPACE "SYSTEM"  ENABLE;
  ALTER TABLE "YUSUNGHO"."PROBLEM" MODIFY ("USER_ID" NOT NULL ENABLE);
  ALTER TABLE "YUSUNGHO"."PROBLEM" MODIFY ("CATEGORY_NAME" NOT NULL ENABLE);
  ALTER TABLE "YUSUNGHO"."PROBLEM" MODIFY ("CATEGORY_ID" NOT NULL ENABLE);
  ALTER TABLE "YUSUNGHO"."PROBLEM" MODIFY ("PRO_NUM" NOT NULL ENABLE);
--------------------------------------------------------
--  Constraints for Table SCORE
--------------------------------------------------------

  ALTER TABLE "YUSUNGHO"."SCORE" ADD CONSTRAINT "엔터티3_PK7" PRIMARY KEY ("USER_ID", "SCORE_DATE")
  USING INDEX PCTFREE 10 INITRANS 2 MAXTRANS 255 COMPUTE STATISTICS 
  STORAGE(INITIAL 65536 NEXT 1048576 MINEXTENTS 1 MAXEXTENTS 2147483645
  PCTINCREASE 0 FREELISTS 1 FREELIST GROUPS 1 BUFFER_POOL DEFAULT FLASH_CACHE DEFAULT CELL_FLASH_CACHE DEFAULT)
  TABLESPACE "SYSTEM"  ENABLE;
  ALTER TABLE "YUSUNGHO"."SCORE" MODIFY ("USER_ID" NOT NULL ENABLE);
  ALTER TABLE "YUSUNGHO"."SCORE" MODIFY ("SCORE_DATE" NOT NULL ENABLE);
--------------------------------------------------------
--  Constraints for Table STUDENT
--------------------------------------------------------

  ALTER TABLE "YUSUNGHO"."STUDENT" ADD CONSTRAINT "엔터티2_PK3" PRIMARY KEY ("LECTURE_ID", "USER_ID")
  USING INDEX PCTFREE 10 INITRANS 2 MAXTRANS 255 COMPUTE STATISTICS 
  STORAGE(INITIAL 65536 NEXT 1048576 MINEXTENTS 1 MAXEXTENTS 2147483645
  PCTINCREASE 0 FREELISTS 1 FREELIST GROUPS 1 BUFFER_POOL DEFAULT FLASH_CACHE DEFAULT CELL_FLASH_CACHE DEFAULT)
  TABLESPACE "SYSTEM"  ENABLE;
  ALTER TABLE "YUSUNGHO"."STUDENT" MODIFY ("USER_ID" NOT NULL ENABLE);
  ALTER TABLE "YUSUNGHO"."STUDENT" MODIFY ("LECTURE_ID" NOT NULL ENABLE);
--------------------------------------------------------
--  Constraints for Table USER_PRO_HISTORY
--------------------------------------------------------

  ALTER TABLE "YUSUNGHO"."USER_PRO_HISTORY" ADD CONSTRAINT "엔터티1_PK9" PRIMARY KEY ("USER_ID", "PRO_NUM", "HISTORY_DATE")
  USING INDEX PCTFREE 10 INITRANS 2 MAXTRANS 255 COMPUTE STATISTICS 
  STORAGE(INITIAL 65536 NEXT 1048576 MINEXTENTS 1 MAXEXTENTS 2147483645
  PCTINCREASE 0 FREELISTS 1 FREELIST GROUPS 1 BUFFER_POOL DEFAULT FLASH_CACHE DEFAULT CELL_FLASH_CACHE DEFAULT)
  TABLESPACE "SYSTEM"  ENABLE;
  ALTER TABLE "YUSUNGHO"."USER_PRO_HISTORY" MODIFY ("HISTORY_DATE" NOT NULL ENABLE);
  ALTER TABLE "YUSUNGHO"."USER_PRO_HISTORY" MODIFY ("PRO_NUM" NOT NULL ENABLE);
  ALTER TABLE "YUSUNGHO"."USER_PRO_HISTORY" MODIFY ("USER_ID" NOT NULL ENABLE);
--------------------------------------------------------
--  Constraints for Table USER_PRO_LIST
--------------------------------------------------------

  ALTER TABLE "YUSUNGHO"."USER_PRO_LIST" MODIFY ("USER_ID" NOT NULL ENABLE);
  ALTER TABLE "YUSUNGHO"."USER_PRO_LIST" MODIFY ("PRO_NUM" NOT NULL ENABLE);
  ALTER TABLE "YUSUNGHO"."USER_PRO_LIST" ADD CONSTRAINT "엔터티1_PK7" PRIMARY KEY ("USER_ID", "PRO_NUM")
  USING INDEX PCTFREE 10 INITRANS 2 MAXTRANS 255 COMPUTE STATISTICS 
  STORAGE(INITIAL 65536 NEXT 1048576 MINEXTENTS 1 MAXEXTENTS 2147483645
  PCTINCREASE 0 FREELISTS 1 FREELIST GROUPS 1 BUFFER_POOL DEFAULT FLASH_CACHE DEFAULT CELL_FLASH_CACHE DEFAULT)
  TABLESPACE "SYSTEM"  ENABLE;
--------------------------------------------------------
--  Constraints for Table USER_TABLE
--------------------------------------------------------

  ALTER TABLE "YUSUNGHO"."USER_TABLE" ADD CONSTRAINT "엔터티2_PK" PRIMARY KEY ("USER_ID")
  USING INDEX PCTFREE 10 INITRANS 2 MAXTRANS 255 COMPUTE STATISTICS 
  STORAGE(INITIAL 65536 NEXT 1048576 MINEXTENTS 1 MAXEXTENTS 2147483645
  PCTINCREASE 0 FREELISTS 1 FREELIST GROUPS 1 BUFFER_POOL DEFAULT FLASH_CACHE DEFAULT CELL_FLASH_CACHE DEFAULT)
  TABLESPACE "SYSTEM"  ENABLE;
  ALTER TABLE "YUSUNGHO"."USER_TABLE" MODIFY ("USER_ID" NOT NULL ENABLE);
