--------------------------------------------------------
--  파일이 생성됨 - 금요일-11월-13-2020   
--------------------------------------------------------
--------------------------------------------------------
--  DDL for Table BOARD
--------------------------------------------------------

  CREATE TABLE "YUSUNGHO"."BOARD" 
   (	"BOARD_NUM" NUMBER, 
	"GROUP_NUM" NUMBER, 
	"BOARD_NAME" VARCHAR2(50 BYTE)
   ) SEGMENT CREATION IMMEDIATE 
  PCTFREE 10 PCTUSED 40 INITRANS 1 MAXTRANS 255 NOCOMPRESS LOGGING
  STORAGE(INITIAL 65536 NEXT 1048576 MINEXTENTS 1 MAXEXTENTS 2147483645
  PCTINCREASE 0 FREELISTS 1 FREELIST GROUPS 1 BUFFER_POOL DEFAULT FLASH_CACHE DEFAULT CELL_FLASH_CACHE DEFAULT)
  TABLESPACE "SYSTEM" ;

   COMMENT ON COLUMN "YUSUNGHO"."BOARD"."BOARD_NUM" IS '게시판번호';
   COMMENT ON COLUMN "YUSUNGHO"."BOARD"."GROUP_NUM" IS '그룹번호';
   COMMENT ON COLUMN "YUSUNGHO"."BOARD"."BOARD_NAME" IS '이름';
   COMMENT ON TABLE "YUSUNGHO"."BOARD"  IS '게시판';
--------------------------------------------------------
--  DDL for Table CALENDAR
--------------------------------------------------------

  CREATE TABLE "YUSUNGHO"."CALENDAR" 
   (	"CAL_ID" VARCHAR2(20 BYTE), 
	"CAL_DATE" DATE, 
	"USER_ID" VARCHAR2(30 BYTE), 
	"CAL_STARTDATE" DATE, 
	"CAL_ENDDATE" DATE, 
	"CAL_CONTENT" VARCHAR2(500 BYTE), 
	"CAL_NAME" VARCHAR2(50 BYTE), 
	"CAL_CATEGORY" VARCHAR2(50 BYTE), 
	"CAL_ALLDAY" CHAR(1 BYTE) DEFAULT NULL, 
	"CAL_COLOR" VARCHAR2(30 BYTE)
   ) SEGMENT CREATION IMMEDIATE 
  PCTFREE 10 PCTUSED 40 INITRANS 1 MAXTRANS 255 NOCOMPRESS LOGGING
  STORAGE(INITIAL 65536 NEXT 1048576 MINEXTENTS 1 MAXEXTENTS 2147483645
  PCTINCREASE 0 FREELISTS 1 FREELIST GROUPS 1 BUFFER_POOL DEFAULT FLASH_CACHE DEFAULT CELL_FLASH_CACHE DEFAULT)
  TABLESPACE "SYSTEM" ;

   COMMENT ON COLUMN "YUSUNGHO"."CALENDAR"."CAL_ID" IS '일정번호';
   COMMENT ON COLUMN "YUSUNGHO"."CALENDAR"."CAL_DATE" IS '날짜';
   COMMENT ON COLUMN "YUSUNGHO"."CALENDAR"."USER_ID" IS '회원ID';
   COMMENT ON COLUMN "YUSUNGHO"."CALENDAR"."CAL_STARTDATE" IS '일정시작일자';
   COMMENT ON COLUMN "YUSUNGHO"."CALENDAR"."CAL_ENDDATE" IS '일정종료일자';
   COMMENT ON COLUMN "YUSUNGHO"."CALENDAR"."CAL_CONTENT" IS '일정내용';
   COMMENT ON COLUMN "YUSUNGHO"."CALENDAR"."CAL_NAME" IS '일정제목';
   COMMENT ON COLUMN "YUSUNGHO"."CALENDAR"."CAL_CATEGORY" IS '일정분류';
   COMMENT ON COLUMN "YUSUNGHO"."CALENDAR"."CAL_ALLDAY" IS '종일일정';
   COMMENT ON COLUMN "YUSUNGHO"."CALENDAR"."CAL_COLOR" IS '일정컬러';
   COMMENT ON TABLE "YUSUNGHO"."CALENDAR"  IS '일정';
--------------------------------------------------------
--  DDL for Table COL_ANSWER
--------------------------------------------------------

  CREATE TABLE "YUSUNGHO"."COL_ANSWER" 
   (	"USER_ID" VARCHAR2(30 BYTE), 
	"COL_NUM" NUMBER, 
	"COL_SOLVEDATE" VARCHAR2(100 BYTE), 
	"COL_WRONGCONTENT" VARCHAR2(1000 BYTE), 
	"COL_REALANSWER" VARCHAR2(200 BYTE), 
	"PRO_NUM" NUMBER, 
	"COL_LIST_NUM" VARCHAR2(50 BYTE)
   ) SEGMENT CREATION IMMEDIATE 
  PCTFREE 10 PCTUSED 40 INITRANS 1 MAXTRANS 255 NOCOMPRESS LOGGING
  STORAGE(INITIAL 65536 NEXT 1048576 MINEXTENTS 1 MAXEXTENTS 2147483645
  PCTINCREASE 0 FREELISTS 1 FREELIST GROUPS 1 BUFFER_POOL DEFAULT FLASH_CACHE DEFAULT CELL_FLASH_CACHE DEFAULT)
  TABLESPACE "SYSTEM" ;

   COMMENT ON COLUMN "YUSUNGHO"."COL_ANSWER"."USER_ID" IS '아이디';
   COMMENT ON COLUMN "YUSUNGHO"."COL_ANSWER"."COL_NUM" IS '문제집번호';
   COMMENT ON COLUMN "YUSUNGHO"."COL_ANSWER"."COL_SOLVEDATE" IS '문제집푼시각';
   COMMENT ON COLUMN "YUSUNGHO"."COL_ANSWER"."COL_WRONGCONTENT" IS '오답내역';
   COMMENT ON COLUMN "YUSUNGHO"."COL_ANSWER"."COL_REALANSWER" IS '정답';
   COMMENT ON COLUMN "YUSUNGHO"."COL_ANSWER"."PRO_NUM" IS '문제번호';
   COMMENT ON COLUMN "YUSUNGHO"."COL_ANSWER"."COL_LIST_NUM" IS '문제순서번호';
   COMMENT ON TABLE "YUSUNGHO"."COL_ANSWER"  IS '문제집오답문제';
--------------------------------------------------------
--  DDL for Table COL_EVAL
--------------------------------------------------------

  CREATE TABLE "YUSUNGHO"."COL_EVAL" 
   (	"COL_EVAL_SCORE" NUMBER, 
	"USER_ID" VARCHAR2(30 BYTE), 
	"COL_NUM" NUMBER, 
	"COL_EVAL_CONTENT" VARCHAR2(3000 BYTE), 
	"COL_EVAL_DATE" DATE
   ) SEGMENT CREATION IMMEDIATE 
  PCTFREE 10 PCTUSED 40 INITRANS 1 MAXTRANS 255 NOCOMPRESS LOGGING
  STORAGE(INITIAL 65536 NEXT 1048576 MINEXTENTS 1 MAXEXTENTS 2147483645
  PCTINCREASE 0 FREELISTS 1 FREELIST GROUPS 1 BUFFER_POOL DEFAULT FLASH_CACHE DEFAULT CELL_FLASH_CACHE DEFAULT)
  TABLESPACE "SYSTEM" ;

   COMMENT ON COLUMN "YUSUNGHO"."COL_EVAL"."COL_EVAL_SCORE" IS '점수';
   COMMENT ON COLUMN "YUSUNGHO"."COL_EVAL"."USER_ID" IS '아이디';
   COMMENT ON COLUMN "YUSUNGHO"."COL_EVAL"."COL_NUM" IS '문제집번호';
   COMMENT ON TABLE "YUSUNGHO"."COL_EVAL"  IS '문제집평가';
--------------------------------------------------------
--  DDL for Table COL_HISTORY
--------------------------------------------------------

  CREATE TABLE "YUSUNGHO"."COL_HISTORY" 
   (	"COL_SOLVEDATE" VARCHAR2(100 BYTE), 
	"USER_ID" VARCHAR2(30 BYTE), 
	"COL_NUM" NUMBER, 
	"COL_SCORE" VARCHAR2(50 BYTE)
   ) SEGMENT CREATION IMMEDIATE 
  PCTFREE 10 PCTUSED 40 INITRANS 1 MAXTRANS 255 NOCOMPRESS LOGGING
  STORAGE(INITIAL 65536 NEXT 1048576 MINEXTENTS 1 MAXEXTENTS 2147483645
  PCTINCREASE 0 FREELISTS 1 FREELIST GROUPS 1 BUFFER_POOL DEFAULT FLASH_CACHE DEFAULT CELL_FLASH_CACHE DEFAULT)
  TABLESPACE "SYSTEM" ;

   COMMENT ON COLUMN "YUSUNGHO"."COL_HISTORY"."COL_SOLVEDATE" IS '문제집푼시각';
   COMMENT ON COLUMN "YUSUNGHO"."COL_HISTORY"."USER_ID" IS '아이디';
   COMMENT ON COLUMN "YUSUNGHO"."COL_HISTORY"."COL_NUM" IS '문제집번호';
   COMMENT ON COLUMN "YUSUNGHO"."COL_HISTORY"."COL_SCORE" IS '점수';
   COMMENT ON TABLE "YUSUNGHO"."COL_HISTORY"  IS '문제집히스토리';
--------------------------------------------------------
--  DDL for Table COL_LIST
--------------------------------------------------------

  CREATE TABLE "YUSUNGHO"."COL_LIST" 
   (	"PRO_NUM" NUMBER, 
	"COL_NUM" NUMBER, 
	"COL_LIST_NUM" NUMBER, 
	"COL_LIST_POINT" NUMBER
   ) SEGMENT CREATION IMMEDIATE 
  PCTFREE 10 PCTUSED 40 INITRANS 1 MAXTRANS 255 NOCOMPRESS LOGGING
  STORAGE(INITIAL 65536 NEXT 1048576 MINEXTENTS 1 MAXEXTENTS 2147483645
  PCTINCREASE 0 FREELISTS 1 FREELIST GROUPS 1 BUFFER_POOL DEFAULT FLASH_CACHE DEFAULT CELL_FLASH_CACHE DEFAULT)
  TABLESPACE "SYSTEM" ;

   COMMENT ON COLUMN "YUSUNGHO"."COL_LIST"."PRO_NUM" IS '문제번호';
   COMMENT ON COLUMN "YUSUNGHO"."COL_LIST"."COL_NUM" IS '문제집번호';
   COMMENT ON COLUMN "YUSUNGHO"."COL_LIST"."COL_LIST_NUM" IS '문제순서번호';
   COMMENT ON COLUMN "YUSUNGHO"."COL_LIST"."COL_LIST_POINT" IS '문제점수';
   COMMENT ON TABLE "YUSUNGHO"."COL_LIST"  IS '문제집문제';
--------------------------------------------------------
--  DDL for Table GROUP_TABLE
--------------------------------------------------------

  CREATE TABLE "YUSUNGHO"."GROUP_TABLE" 
   (	"GROUP_NUM" NUMBER, 
	"GROUP_NAME" VARCHAR2(50 BYTE), 
	"GROUP_LEADER" VARCHAR2(50 BYTE), 
	"GROUP_CATEGORY" VARCHAR2(50 BYTE), 
	"GROUP_ICON" VARCHAR2(500 BYTE), 
	"GROUP_JOINMANNER" VARCHAR2(50 BYTE), 
	"GROUP_DESC" VARCHAR2(1000 BYTE), 
	"GROUP_DATE" DATE
   ) SEGMENT CREATION IMMEDIATE 
  PCTFREE 10 PCTUSED 40 INITRANS 1 MAXTRANS 255 NOCOMPRESS LOGGING
  STORAGE(INITIAL 65536 NEXT 1048576 MINEXTENTS 1 MAXEXTENTS 2147483645
  PCTINCREASE 0 FREELISTS 1 FREELIST GROUPS 1 BUFFER_POOL DEFAULT FLASH_CACHE DEFAULT CELL_FLASH_CACHE DEFAULT)
  TABLESPACE "SYSTEM" ;

   COMMENT ON COLUMN "YUSUNGHO"."GROUP_TABLE"."GROUP_NUM" IS '그룹번호';
   COMMENT ON COLUMN "YUSUNGHO"."GROUP_TABLE"."GROUP_NAME" IS '그룹명';
   COMMENT ON COLUMN "YUSUNGHO"."GROUP_TABLE"."GROUP_LEADER" IS '그룹장';
   COMMENT ON COLUMN "YUSUNGHO"."GROUP_TABLE"."GROUP_CATEGORY" IS '그룹카테고리';
   COMMENT ON COLUMN "YUSUNGHO"."GROUP_TABLE"."GROUP_ICON" IS '그룹아이콘';
   COMMENT ON COLUMN "YUSUNGHO"."GROUP_TABLE"."GROUP_JOINMANNER" IS '가입방식';
   COMMENT ON COLUMN "YUSUNGHO"."GROUP_TABLE"."GROUP_DESC" IS '그룹설명';
   COMMENT ON COLUMN "YUSUNGHO"."GROUP_TABLE"."GROUP_DATE" IS '카페개설일';
   COMMENT ON TABLE "YUSUNGHO"."GROUP_TABLE"  IS '그룹';
--------------------------------------------------------
--  DDL for Table JOIN_GROUP_LIST
--------------------------------------------------------

  CREATE TABLE "YUSUNGHO"."JOIN_GROUP_LIST" 
   (	"GROUP_NUM" NUMBER, 
	"USER_ID" VARCHAR2(30 BYTE), 
	"G_LIST_STATE" VARCHAR2(50 BYTE), 
	"G_LIST_JOINDATE" DATE, 
	"G_LIST_CANDIDATE" DATE
   ) SEGMENT CREATION IMMEDIATE 
  PCTFREE 10 PCTUSED 40 INITRANS 1 MAXTRANS 255 NOCOMPRESS LOGGING
  STORAGE(INITIAL 65536 NEXT 1048576 MINEXTENTS 1 MAXEXTENTS 2147483645
  PCTINCREASE 0 FREELISTS 1 FREELIST GROUPS 1 BUFFER_POOL DEFAULT FLASH_CACHE DEFAULT CELL_FLASH_CACHE DEFAULT)
  TABLESPACE "SYSTEM" ;

   COMMENT ON COLUMN "YUSUNGHO"."JOIN_GROUP_LIST"."GROUP_NUM" IS '그룹번호';
   COMMENT ON COLUMN "YUSUNGHO"."JOIN_GROUP_LIST"."USER_ID" IS '아이디';
   COMMENT ON COLUMN "YUSUNGHO"."JOIN_GROUP_LIST"."G_LIST_STATE" IS '등급-승인상태';
   COMMENT ON COLUMN "YUSUNGHO"."JOIN_GROUP_LIST"."G_LIST_JOINDATE" IS '가입일자';
   COMMENT ON COLUMN "YUSUNGHO"."JOIN_GROUP_LIST"."G_LIST_CANDIDATE" IS '가입신청일자';
   COMMENT ON TABLE "YUSUNGHO"."JOIN_GROUP_LIST"  IS '참여그룹';
--------------------------------------------------------
--  DDL for Table LEC_CONTENT
--------------------------------------------------------

  CREATE TABLE "YUSUNGHO"."LEC_CONTENT" 
   (	"LECTURE_ID" NUMBER, 
	"LEC_CONTENT_ID" VARCHAR2(50 BYTE)
   ) SEGMENT CREATION IMMEDIATE 
  PCTFREE 10 PCTUSED 40 INITRANS 1 MAXTRANS 255 NOCOMPRESS LOGGING
  STORAGE(INITIAL 65536 NEXT 1048576 MINEXTENTS 1 MAXEXTENTS 2147483645
  PCTINCREASE 0 FREELISTS 1 FREELIST GROUPS 1 BUFFER_POOL DEFAULT FLASH_CACHE DEFAULT CELL_FLASH_CACHE DEFAULT)
  TABLESPACE "SYSTEM" ;

   COMMENT ON COLUMN "YUSUNGHO"."LEC_CONTENT"."LECTURE_ID" IS '강의번호';
   COMMENT ON COLUMN "YUSUNGHO"."LEC_CONTENT"."LEC_CONTENT_ID" IS '강의내용번호';
   COMMENT ON TABLE "YUSUNGHO"."LEC_CONTENT"  IS '강의내용';
--------------------------------------------------------
--  DDL for Table LEC_FILE
--------------------------------------------------------

  CREATE TABLE "YUSUNGHO"."LEC_FILE" 
   (	"LEC_FILE_ID" VARCHAR2(50 BYTE), 
	"LEC_FILE_NAME" VARCHAR2(50 BYTE), 
	"LECTURE_ID" NUMBER, 
	"LEC_CONTENT_ID" VARCHAR2(50 BYTE), 
	"LEC_FILE_ORDER" VARCHAR2(50 BYTE)
   ) SEGMENT CREATION IMMEDIATE 
  PCTFREE 10 PCTUSED 40 INITRANS 1 MAXTRANS 255 NOCOMPRESS LOGGING
  STORAGE(INITIAL 65536 NEXT 1048576 MINEXTENTS 1 MAXEXTENTS 2147483645
  PCTINCREASE 0 FREELISTS 1 FREELIST GROUPS 1 BUFFER_POOL DEFAULT FLASH_CACHE DEFAULT CELL_FLASH_CACHE DEFAULT)
  TABLESPACE "SYSTEM" ;

   COMMENT ON COLUMN "YUSUNGHO"."LEC_FILE"."LEC_FILE_ID" IS '파일번호';
   COMMENT ON COLUMN "YUSUNGHO"."LEC_FILE"."LEC_FILE_NAME" IS '파일명';
   COMMENT ON COLUMN "YUSUNGHO"."LEC_FILE"."LECTURE_ID" IS '강의번호';
   COMMENT ON COLUMN "YUSUNGHO"."LEC_FILE"."LEC_CONTENT_ID" IS '강의내용번호';
   COMMENT ON COLUMN "YUSUNGHO"."LEC_FILE"."LEC_FILE_ORDER" IS '순서';
   COMMENT ON TABLE "YUSUNGHO"."LEC_FILE"  IS '강의파일';
--------------------------------------------------------
--  DDL for Table LECTURE
--------------------------------------------------------

  CREATE TABLE "YUSUNGHO"."LECTURE" 
   (	"LECTURE_ID" NUMBER, 
	"LECTURE_CATEGORY" VARCHAR2(50 BYTE), 
	"LECTURE_NAME" VARCHAR2(50 BYTE), 
	"USER_ID" VARCHAR2(30 BYTE), 
	"LECTURE_TUITION" NUMBER, 
	"LECTURE_DETAIL" VARCHAR2(2000 BYTE) DEFAULT ' ', 
	"LECTURE_THUMBNAIL" BLOB
   ) SEGMENT CREATION IMMEDIATE 
  PCTFREE 10 PCTUSED 40 INITRANS 1 MAXTRANS 255 NOCOMPRESS LOGGING
  STORAGE(INITIAL 65536 NEXT 1048576 MINEXTENTS 1 MAXEXTENTS 2147483645
  PCTINCREASE 0 FREELISTS 1 FREELIST GROUPS 1 BUFFER_POOL DEFAULT FLASH_CACHE DEFAULT CELL_FLASH_CACHE DEFAULT)
  TABLESPACE "SYSTEM" 
 LOB ("LECTURE_THUMBNAIL") STORE AS BASICFILE (
  TABLESPACE "SYSTEM" ENABLE STORAGE IN ROW CHUNK 8192 RETENTION 
  NOCACHE LOGGING 
  STORAGE(INITIAL 65536 NEXT 1048576 MINEXTENTS 1 MAXEXTENTS 2147483645
  PCTINCREASE 0 FREELISTS 1 FREELIST GROUPS 1 BUFFER_POOL DEFAULT FLASH_CACHE DEFAULT CELL_FLASH_CACHE DEFAULT)) ;

   COMMENT ON COLUMN "YUSUNGHO"."LECTURE"."LECTURE_ID" IS '강의번호';
   COMMENT ON COLUMN "YUSUNGHO"."LECTURE"."LECTURE_CATEGORY" IS '분야';
   COMMENT ON COLUMN "YUSUNGHO"."LECTURE"."LECTURE_NAME" IS '강의명';
   COMMENT ON COLUMN "YUSUNGHO"."LECTURE"."USER_ID" IS '강사아이디';
   COMMENT ON COLUMN "YUSUNGHO"."LECTURE"."LECTURE_TUITION" IS '수강료';
   COMMENT ON COLUMN "YUSUNGHO"."LECTURE"."LECTURE_DETAIL" IS '강의설명';
   COMMENT ON COLUMN "YUSUNGHO"."LECTURE"."LECTURE_THUMBNAIL" IS '강의섬네일';
   COMMENT ON TABLE "YUSUNGHO"."LECTURE"  IS '강의';
--------------------------------------------------------
--  DDL for Table ORDERS
--------------------------------------------------------

  CREATE TABLE "YUSUNGHO"."ORDERS" 
   (	"ORDER_ID" VARCHAR2(30 BYTE), 
	"USER_ID" VARCHAR2(30 BYTE), 
	"LECTURE_ID" VARCHAR2(30 BYTE), 
	"DISCOUNT_POINT" NUMBER, 
	"TOTAL_PRICE" NUMBER, 
	"POINT_OVER" CHAR(1 BYTE), 
	"ORDER_DATE" VARCHAR2(200 BYTE), 
	"ORDER_PRICE" NUMBER
   ) SEGMENT CREATION IMMEDIATE 
  PCTFREE 10 PCTUSED 40 INITRANS 1 MAXTRANS 255 NOCOMPRESS LOGGING
  STORAGE(INITIAL 65536 NEXT 1048576 MINEXTENTS 1 MAXEXTENTS 2147483645
  PCTINCREASE 0 FREELISTS 1 FREELIST GROUPS 1 BUFFER_POOL DEFAULT FLASH_CACHE DEFAULT CELL_FLASH_CACHE DEFAULT)
  TABLESPACE "USERS" ;

   COMMENT ON COLUMN "YUSUNGHO"."ORDERS"."ORDER_ID" IS '주문번호';
   COMMENT ON COLUMN "YUSUNGHO"."ORDERS"."USER_ID" IS '아이디';
   COMMENT ON COLUMN "YUSUNGHO"."ORDERS"."LECTURE_ID" IS '강의번호';
   COMMENT ON COLUMN "YUSUNGHO"."ORDERS"."DISCOUNT_POINT" IS '할인포인트';
   COMMENT ON COLUMN "YUSUNGHO"."ORDERS"."TOTAL_PRICE" IS '주문합계가격';
   COMMENT ON COLUMN "YUSUNGHO"."ORDERS"."ORDER_DATE" IS '주문날짜';
   COMMENT ON COLUMN "YUSUNGHO"."ORDERS"."ORDER_PRICE" IS '주문가격';
   COMMENT ON TABLE "YUSUNGHO"."ORDERS"  IS '주문';
--------------------------------------------------------
--  DDL for Table P_FILE
--------------------------------------------------------

  CREATE TABLE "YUSUNGHO"."P_FILE" 
   (	"P_FILE_NUM" VARCHAR2(50 BYTE), 
	"P_FILE_NAME" VARCHAR2(50 BYTE), 
	"P_FILE_ORDER" VARCHAR2(50 BYTE), 
	"PRO_NUM" NUMBER
   ) SEGMENT CREATION IMMEDIATE 
  PCTFREE 10 PCTUSED 40 INITRANS 1 MAXTRANS 255 NOCOMPRESS LOGGING
  STORAGE(INITIAL 65536 NEXT 1048576 MINEXTENTS 1 MAXEXTENTS 2147483645
  PCTINCREASE 0 FREELISTS 1 FREELIST GROUPS 1 BUFFER_POOL DEFAULT FLASH_CACHE DEFAULT CELL_FLASH_CACHE DEFAULT)
  TABLESPACE "SYSTEM" ;

   COMMENT ON COLUMN "YUSUNGHO"."P_FILE"."P_FILE_NUM" IS '파일번호';
   COMMENT ON COLUMN "YUSUNGHO"."P_FILE"."P_FILE_NAME" IS '파일명';
   COMMENT ON COLUMN "YUSUNGHO"."P_FILE"."P_FILE_ORDER" IS '순서';
   COMMENT ON COLUMN "YUSUNGHO"."P_FILE"."PRO_NUM" IS '문제번호';
   COMMENT ON TABLE "YUSUNGHO"."P_FILE"  IS '문제파일';
--------------------------------------------------------
--  DDL for Table PAY
--------------------------------------------------------

  CREATE TABLE "YUSUNGHO"."PAY" 
   (	"PAY_ID" VARCHAR2(50 BYTE), 
	"PAY_CONTENT" VARCHAR2(500 BYTE), 
	"PAY_WAY" VARCHAR2(50 BYTE), 
	"USER_ID" VARCHAR2(30 BYTE), 
	"PAY_DATE" DATE, 
	"PAY_AMOUNT" NUMBER
   ) SEGMENT CREATION IMMEDIATE 
  PCTFREE 10 PCTUSED 40 INITRANS 1 MAXTRANS 255 NOCOMPRESS LOGGING
  STORAGE(INITIAL 65536 NEXT 1048576 MINEXTENTS 1 MAXEXTENTS 2147483645
  PCTINCREASE 0 FREELISTS 1 FREELIST GROUPS 1 BUFFER_POOL DEFAULT FLASH_CACHE DEFAULT CELL_FLASH_CACHE DEFAULT)
  TABLESPACE "SYSTEM" ;

   COMMENT ON COLUMN "YUSUNGHO"."PAY"."PAY_ID" IS '결제번호';
   COMMENT ON COLUMN "YUSUNGHO"."PAY"."PAY_CONTENT" IS '결제내역';
   COMMENT ON COLUMN "YUSUNGHO"."PAY"."PAY_WAY" IS '결제수단';
   COMMENT ON COLUMN "YUSUNGHO"."PAY"."USER_ID" IS '아이디';
   COMMENT ON COLUMN "YUSUNGHO"."PAY"."PAY_DATE" IS '결제시각';
   COMMENT ON COLUMN "YUSUNGHO"."PAY"."PAY_AMOUNT" IS '결제금액';
   COMMENT ON TABLE "YUSUNGHO"."PAY"  IS '결제';
--------------------------------------------------------
--  DDL for Table POINT
--------------------------------------------------------

  CREATE TABLE "YUSUNGHO"."POINT" 
   (	"POINT_DATE" DATE, 
	"POINT_CHANGE" NUMBER, 
	"POINT_REST" NUMBER, 
	"USER_ID" VARCHAR2(30 BYTE), 
	"POINT_CONTENT" VARCHAR2(500 BYTE)
   ) SEGMENT CREATION IMMEDIATE 
  PCTFREE 10 PCTUSED 40 INITRANS 1 MAXTRANS 255 NOCOMPRESS LOGGING
  STORAGE(INITIAL 65536 NEXT 1048576 MINEXTENTS 1 MAXEXTENTS 2147483645
  PCTINCREASE 0 FREELISTS 1 FREELIST GROUPS 1 BUFFER_POOL DEFAULT FLASH_CACHE DEFAULT CELL_FLASH_CACHE DEFAULT)
  TABLESPACE "SYSTEM" ;

   COMMENT ON COLUMN "YUSUNGHO"."POINT"."POINT_DATE" IS '변동시각';
   COMMENT ON COLUMN "YUSUNGHO"."POINT"."POINT_CHANGE" IS '변동금액';
   COMMENT ON COLUMN "YUSUNGHO"."POINT"."POINT_REST" IS '포인트 잔액';
   COMMENT ON COLUMN "YUSUNGHO"."POINT"."USER_ID" IS '아이디';
   COMMENT ON COLUMN "YUSUNGHO"."POINT"."POINT_CONTENT" IS '변동내역';
   COMMENT ON TABLE "YUSUNGHO"."POINT"  IS '포인트';
--------------------------------------------------------
--  DDL for Table POST
--------------------------------------------------------

  CREATE TABLE "YUSUNGHO"."POST" 
   (	"POST_NUM" NUMBER, 
	"BOARD_NUM" NUMBER, 
	"USER_ID" VARCHAR2(30 BYTE), 
	"POST_TITLE" VARCHAR2(500 BYTE), 
	"POST_CONTENT" VARCHAR2(4000 BYTE), 
	"POST_DATE" DATE, 
	"POST_CATEGORY" VARCHAR2(50 BYTE), 
	"POST_PARENT" VARCHAR2(50 BYTE)
   ) SEGMENT CREATION IMMEDIATE 
  PCTFREE 10 PCTUSED 40 INITRANS 1 MAXTRANS 255 NOCOMPRESS LOGGING
  STORAGE(INITIAL 65536 NEXT 1048576 MINEXTENTS 1 MAXEXTENTS 2147483645
  PCTINCREASE 0 FREELISTS 1 FREELIST GROUPS 1 BUFFER_POOL DEFAULT FLASH_CACHE DEFAULT CELL_FLASH_CACHE DEFAULT)
  TABLESPACE "SYSTEM" ;

   COMMENT ON COLUMN "YUSUNGHO"."POST"."POST_NUM" IS '글번호';
   COMMENT ON COLUMN "YUSUNGHO"."POST"."BOARD_NUM" IS '게시판번호';
   COMMENT ON COLUMN "YUSUNGHO"."POST"."USER_ID" IS '작성자아이디';
   COMMENT ON COLUMN "YUSUNGHO"."POST"."POST_TITLE" IS '제목';
   COMMENT ON COLUMN "YUSUNGHO"."POST"."POST_CONTENT" IS '내용';
   COMMENT ON COLUMN "YUSUNGHO"."POST"."POST_DATE" IS '작성시각';
   COMMENT ON COLUMN "YUSUNGHO"."POST"."POST_CATEGORY" IS '분류';
   COMMENT ON COLUMN "YUSUNGHO"."POST"."POST_PARENT" IS '상위글';
   COMMENT ON TABLE "YUSUNGHO"."POST"  IS '게시글/댓글';
--------------------------------------------------------
--  DDL for Table POST_FILE
--------------------------------------------------------

  CREATE TABLE "YUSUNGHO"."POST_FILE" 
   (	"POST_FILE_NUM" VARCHAR2(50 BYTE), 
	"POST_NUM" NUMBER, 
	"POST_FILE_NAME" VARCHAR2(100 BYTE), 
	"POST_FILE_ORDER" VARCHAR2(50 BYTE)
   ) SEGMENT CREATION IMMEDIATE 
  PCTFREE 10 PCTUSED 40 INITRANS 1 MAXTRANS 255 NOCOMPRESS LOGGING
  STORAGE(INITIAL 65536 NEXT 1048576 MINEXTENTS 1 MAXEXTENTS 2147483645
  PCTINCREASE 0 FREELISTS 1 FREELIST GROUPS 1 BUFFER_POOL DEFAULT FLASH_CACHE DEFAULT CELL_FLASH_CACHE DEFAULT)
  TABLESPACE "SYSTEM" ;

   COMMENT ON COLUMN "YUSUNGHO"."POST_FILE"."POST_FILE_NUM" IS '파일번호';
   COMMENT ON COLUMN "YUSUNGHO"."POST_FILE"."POST_NUM" IS '글번호';
   COMMENT ON COLUMN "YUSUNGHO"."POST_FILE"."POST_FILE_NAME" IS '파일명';
   COMMENT ON COLUMN "YUSUNGHO"."POST_FILE"."POST_FILE_ORDER" IS '순서';
   COMMENT ON TABLE "YUSUNGHO"."POST_FILE"  IS '게시글파일';
--------------------------------------------------------
--  DDL for Table PRO_CATEGORY
--------------------------------------------------------

  CREATE TABLE "YUSUNGHO"."PRO_CATEGORY" 
   (	"CATEGORY_ID" VARCHAR2(50 BYTE), 
	"CATEGORY_NAME" VARCHAR2(100 BYTE)
   ) SEGMENT CREATION IMMEDIATE 
  PCTFREE 10 PCTUSED 40 INITRANS 1 MAXTRANS 255 NOCOMPRESS LOGGING
  STORAGE(INITIAL 65536 NEXT 1048576 MINEXTENTS 1 MAXEXTENTS 2147483645
  PCTINCREASE 0 FREELISTS 1 FREELIST GROUPS 1 BUFFER_POOL DEFAULT FLASH_CACHE DEFAULT CELL_FLASH_CACHE DEFAULT)
  TABLESPACE "SYSTEM" ;

   COMMENT ON COLUMN "YUSUNGHO"."PRO_CATEGORY"."CATEGORY_ID" IS '카테고리id';
   COMMENT ON COLUMN "YUSUNGHO"."PRO_CATEGORY"."CATEGORY_NAME" IS '카테고리이름';
   COMMENT ON TABLE "YUSUNGHO"."PRO_CATEGORY"  IS '문제카테고리';
--------------------------------------------------------
--  DDL for Table PRO_CHOICE
--------------------------------------------------------

  CREATE TABLE "YUSUNGHO"."PRO_CHOICE" 
   (	"CHO_CONTENT" VARCHAR2(50 BYTE), 
	"PRO_NUM" NUMBER, 
	"CHO_NUM" VARCHAR2(50 BYTE)
   ) SEGMENT CREATION IMMEDIATE 
  PCTFREE 10 PCTUSED 40 INITRANS 1 MAXTRANS 255 NOCOMPRESS LOGGING
  STORAGE(INITIAL 65536 NEXT 1048576 MINEXTENTS 1 MAXEXTENTS 2147483645
  PCTINCREASE 0 FREELISTS 1 FREELIST GROUPS 1 BUFFER_POOL DEFAULT FLASH_CACHE DEFAULT CELL_FLASH_CACHE DEFAULT)
  TABLESPACE "SYSTEM" ;

   COMMENT ON COLUMN "YUSUNGHO"."PRO_CHOICE"."CHO_CONTENT" IS '내용';
   COMMENT ON COLUMN "YUSUNGHO"."PRO_CHOICE"."PRO_NUM" IS '문제번호';
   COMMENT ON COLUMN "YUSUNGHO"."PRO_CHOICE"."CHO_NUM" IS '번호';
   COMMENT ON TABLE "YUSUNGHO"."PRO_CHOICE"  IS '객관식문제 선택지';
--------------------------------------------------------
--  DDL for Table PRO_COLLECTION
--------------------------------------------------------

  CREATE TABLE "YUSUNGHO"."PRO_COLLECTION" 
   (	"COL_NUM" NUMBER, 
	"USER_ID" VARCHAR2(30 BYTE), 
	"COL_NAME" VARCHAR2(50 BYTE), 
	"COL_TAG" VARCHAR2(50 BYTE), 
	"CATEGORY_ID" VARCHAR2(50 BYTE), 
	"CATEGORY_NAME" VARCHAR2(100 BYTE), 
	"COL_MAXSCORE" VARCHAR2(50 BYTE), 
	"COL_DATE" DATE
   ) SEGMENT CREATION IMMEDIATE 
  PCTFREE 10 PCTUSED 40 INITRANS 1 MAXTRANS 255 NOCOMPRESS LOGGING
  STORAGE(INITIAL 65536 NEXT 1048576 MINEXTENTS 1 MAXEXTENTS 2147483645
  PCTINCREASE 0 FREELISTS 1 FREELIST GROUPS 1 BUFFER_POOL DEFAULT FLASH_CACHE DEFAULT CELL_FLASH_CACHE DEFAULT)
  TABLESPACE "SYSTEM" ;

   COMMENT ON COLUMN "YUSUNGHO"."PRO_COLLECTION"."COL_NUM" IS '문제집번호';
   COMMENT ON COLUMN "YUSUNGHO"."PRO_COLLECTION"."USER_ID" IS '제작자아이디';
   COMMENT ON COLUMN "YUSUNGHO"."PRO_COLLECTION"."COL_NAME" IS '제목';
   COMMENT ON COLUMN "YUSUNGHO"."PRO_COLLECTION"."COL_TAG" IS '기출분류';
   COMMENT ON COLUMN "YUSUNGHO"."PRO_COLLECTION"."CATEGORY_ID" IS '카테고리id';
   COMMENT ON COLUMN "YUSUNGHO"."PRO_COLLECTION"."CATEGORY_NAME" IS '카테고리이름';
   COMMENT ON COLUMN "YUSUNGHO"."PRO_COLLECTION"."COL_MAXSCORE" IS '만점';
   COMMENT ON TABLE "YUSUNGHO"."PRO_COLLECTION"  IS '문제집';
--------------------------------------------------------
--  DDL for Table PRO_EVAL
--------------------------------------------------------

  CREATE TABLE "YUSUNGHO"."PRO_EVAL" 
   (	"PRO_EVAL_CONTENT" VARCHAR2(1000 BYTE), 
	"PRO_EVAL_SCORE" NUMBER, 
	"USER_ID" VARCHAR2(100 BYTE), 
	"PRO_NUM" NUMBER, 
	"PRO_EVAL_DATE" DATE
   ) SEGMENT CREATION IMMEDIATE 
  PCTFREE 10 PCTUSED 40 INITRANS 1 MAXTRANS 255 NOCOMPRESS LOGGING
  STORAGE(INITIAL 65536 NEXT 1048576 MINEXTENTS 1 MAXEXTENTS 2147483645
  PCTINCREASE 0 FREELISTS 1 FREELIST GROUPS 1 BUFFER_POOL DEFAULT FLASH_CACHE DEFAULT CELL_FLASH_CACHE DEFAULT)
  TABLESPACE "SYSTEM" ;

   COMMENT ON COLUMN "YUSUNGHO"."PRO_EVAL"."PRO_EVAL_CONTENT" IS '내용';
   COMMENT ON COLUMN "YUSUNGHO"."PRO_EVAL"."PRO_EVAL_SCORE" IS '점수';
   COMMENT ON COLUMN "YUSUNGHO"."PRO_EVAL"."USER_ID" IS '아이디';
   COMMENT ON COLUMN "YUSUNGHO"."PRO_EVAL"."PRO_NUM" IS '문제번호';
   COMMENT ON TABLE "YUSUNGHO"."PRO_EVAL"  IS '문제평가';
--------------------------------------------------------
--  DDL for Table PRO_TAG
--------------------------------------------------------

  CREATE TABLE "YUSUNGHO"."PRO_TAG" 
   (	"CATEGORY_ID" VARCHAR2(50 BYTE), 
	"CATEGORY_NAME" VARCHAR2(100 BYTE), 
	"TAG_ID" VARCHAR2(50 BYTE), 
	"TAG_NAME" VARCHAR2(50 BYTE), 
	"TAG_ISCHOICE" VARCHAR2(10 BYTE)
   ) SEGMENT CREATION IMMEDIATE 
  PCTFREE 10 PCTUSED 40 INITRANS 1 MAXTRANS 255 NOCOMPRESS LOGGING
  STORAGE(INITIAL 65536 NEXT 1048576 MINEXTENTS 1 MAXEXTENTS 2147483645
  PCTINCREASE 0 FREELISTS 1 FREELIST GROUPS 1 BUFFER_POOL DEFAULT FLASH_CACHE DEFAULT CELL_FLASH_CACHE DEFAULT)
  TABLESPACE "SYSTEM" ;

   COMMENT ON COLUMN "YUSUNGHO"."PRO_TAG"."CATEGORY_ID" IS '카테고리id';
   COMMENT ON COLUMN "YUSUNGHO"."PRO_TAG"."CATEGORY_NAME" IS '카테고리이름';
   COMMENT ON COLUMN "YUSUNGHO"."PRO_TAG"."TAG_ID" IS '태그ID';
   COMMENT ON COLUMN "YUSUNGHO"."PRO_TAG"."TAG_NAME" IS '태그이름';
   COMMENT ON COLUMN "YUSUNGHO"."PRO_TAG"."TAG_ISCHOICE" IS '태그객관식여부';
   COMMENT ON TABLE "YUSUNGHO"."PRO_TAG"  IS '문제태그';
--------------------------------------------------------
--  DDL for Table PROBLEM
--------------------------------------------------------

  CREATE TABLE "YUSUNGHO"."PROBLEM" 
   (	"PRO_NUM" NUMBER, 
	"PRO_FIELD" VARCHAR2(50 BYTE), 
	"PRO_NAME" VARCHAR2(50 BYTE), 
	"PRO_CONTENT" VARCHAR2(2000 BYTE), 
	"PRO_ANSWER" VARCHAR2(200 BYTE), 
	"PRO_COMMENT" VARCHAR2(1000 BYTE), 
	"CATEGORY_ID" VARCHAR2(50 BYTE), 
	"CATEGORY_NAME" VARCHAR2(100 BYTE), 
	"TAG_ID" VARCHAR2(50 BYTE), 
	"TAG_NAME" VARCHAR2(50 BYTE), 
	"TAG_ISCHOICE" VARCHAR2(10 BYTE), 
	"USER_ID" VARCHAR2(30 BYTE), 
	"PRO_DATE" DATE
   ) SEGMENT CREATION IMMEDIATE 
  PCTFREE 10 PCTUSED 40 INITRANS 1 MAXTRANS 255 NOCOMPRESS LOGGING
  STORAGE(INITIAL 65536 NEXT 1048576 MINEXTENTS 1 MAXEXTENTS 2147483645
  PCTINCREASE 0 FREELISTS 1 FREELIST GROUPS 1 BUFFER_POOL DEFAULT FLASH_CACHE DEFAULT CELL_FLASH_CACHE DEFAULT)
  TABLESPACE "SYSTEM" ;

   COMMENT ON COLUMN "YUSUNGHO"."PROBLEM"."PRO_NUM" IS '문제번호';
   COMMENT ON COLUMN "YUSUNGHO"."PROBLEM"."PRO_FIELD" IS '분야';
   COMMENT ON COLUMN "YUSUNGHO"."PROBLEM"."PRO_NAME" IS '제목';
   COMMENT ON COLUMN "YUSUNGHO"."PROBLEM"."PRO_CONTENT" IS '내용';
   COMMENT ON COLUMN "YUSUNGHO"."PROBLEM"."PRO_ANSWER" IS '정답';
   COMMENT ON COLUMN "YUSUNGHO"."PROBLEM"."PRO_COMMENT" IS '해설';
   COMMENT ON COLUMN "YUSUNGHO"."PROBLEM"."CATEGORY_ID" IS '카테고리id';
   COMMENT ON COLUMN "YUSUNGHO"."PROBLEM"."CATEGORY_NAME" IS '카테고리이름';
   COMMENT ON COLUMN "YUSUNGHO"."PROBLEM"."TAG_ID" IS '태그ID';
   COMMENT ON COLUMN "YUSUNGHO"."PROBLEM"."TAG_NAME" IS '태그이름';
   COMMENT ON COLUMN "YUSUNGHO"."PROBLEM"."TAG_ISCHOICE" IS '태그객관식여부';
   COMMENT ON COLUMN "YUSUNGHO"."PROBLEM"."USER_ID" IS '제작자아이디';
   COMMENT ON COLUMN "YUSUNGHO"."PROBLEM"."PRO_DATE" IS '만든날짜';
   COMMENT ON TABLE "YUSUNGHO"."PROBLEM"  IS '문제';
--------------------------------------------------------
--  DDL for Table SCORE
--------------------------------------------------------

  CREATE TABLE "YUSUNGHO"."SCORE" 
   (	"SCORE_CONTENT" VARCHAR2(500 BYTE), 
	"SCORE_DATE" DATE, 
	"SCORE_POINT" NUMBER, 
	"USER_ID" VARCHAR2(100 BYTE), 
	"CATEGORY_ID" VARCHAR2(50 BYTE), 
	"PRO_NUM" VARCHAR2(20 BYTE), 
	"COL_NUM" VARCHAR2(20 BYTE), 
	"SCORE_EVAL_USER_ID" VARCHAR2(100 BYTE)
   ) SEGMENT CREATION IMMEDIATE 
  PCTFREE 10 PCTUSED 40 INITRANS 1 MAXTRANS 255 NOCOMPRESS LOGGING
  STORAGE(INITIAL 65536 NEXT 1048576 MINEXTENTS 1 MAXEXTENTS 2147483645
  PCTINCREASE 0 FREELISTS 1 FREELIST GROUPS 1 BUFFER_POOL DEFAULT FLASH_CACHE DEFAULT CELL_FLASH_CACHE DEFAULT)
  TABLESPACE "SYSTEM" ;

   COMMENT ON COLUMN "YUSUNGHO"."SCORE"."SCORE_CONTENT" IS '내역';
   COMMENT ON COLUMN "YUSUNGHO"."SCORE"."SCORE_DATE" IS '시각';
   COMMENT ON COLUMN "YUSUNGHO"."SCORE"."SCORE_POINT" IS '변동점수';
   COMMENT ON COLUMN "YUSUNGHO"."SCORE"."USER_ID" IS '아이디';
   COMMENT ON COLUMN "YUSUNGHO"."SCORE"."CATEGORY_ID" IS '분류';
   COMMENT ON COLUMN "YUSUNGHO"."SCORE"."SCORE_EVAL_USER_ID" IS '평가자아이디';
   COMMENT ON TABLE "YUSUNGHO"."SCORE"  IS '점수';
--------------------------------------------------------
--  DDL for Table STUDENT
--------------------------------------------------------

  CREATE TABLE "YUSUNGHO"."STUDENT" 
   (	"LECTURE_ID" NUMBER, 
	"USER_ID" VARCHAR2(30 BYTE), 
	"STU_EVALSCORE" NUMBER, 
	"STU_EVALCONTENT" VARCHAR2(500 BYTE)
   ) SEGMENT CREATION IMMEDIATE 
  PCTFREE 10 PCTUSED 40 INITRANS 1 MAXTRANS 255 NOCOMPRESS LOGGING
  STORAGE(INITIAL 65536 NEXT 1048576 MINEXTENTS 1 MAXEXTENTS 2147483645
  PCTINCREASE 0 FREELISTS 1 FREELIST GROUPS 1 BUFFER_POOL DEFAULT FLASH_CACHE DEFAULT CELL_FLASH_CACHE DEFAULT)
  TABLESPACE "SYSTEM" ;

   COMMENT ON COLUMN "YUSUNGHO"."STUDENT"."LECTURE_ID" IS '강의번호';
   COMMENT ON COLUMN "YUSUNGHO"."STUDENT"."USER_ID" IS '수강생아이디';
   COMMENT ON COLUMN "YUSUNGHO"."STUDENT"."STU_EVALSCORE" IS '강의평가점수';
   COMMENT ON COLUMN "YUSUNGHO"."STUDENT"."STU_EVALCONTENT" IS '강의평가내용';
   COMMENT ON TABLE "YUSUNGHO"."STUDENT"  IS '강의수강생';
--------------------------------------------------------
--  DDL for Table USER_PRO_HISTORY
--------------------------------------------------------

  CREATE TABLE "YUSUNGHO"."USER_PRO_HISTORY" 
   (	"HISTORY_ANSWER" VARCHAR2(200 BYTE), 
	"USER_ID" VARCHAR2(30 BYTE), 
	"PRO_NUM" NUMBER, 
	"HISTORY_DATE" VARCHAR2(200 BYTE), 
	"HISTORY_OX" VARCHAR2(50 BYTE)
   ) SEGMENT CREATION IMMEDIATE 
  PCTFREE 10 PCTUSED 40 INITRANS 1 MAXTRANS 255 NOCOMPRESS LOGGING
  STORAGE(INITIAL 65536 NEXT 1048576 MINEXTENTS 1 MAXEXTENTS 2147483645
  PCTINCREASE 0 FREELISTS 1 FREELIST GROUPS 1 BUFFER_POOL DEFAULT FLASH_CACHE DEFAULT CELL_FLASH_CACHE DEFAULT)
  TABLESPACE "SYSTEM" ;

   COMMENT ON COLUMN "YUSUNGHO"."USER_PRO_HISTORY"."HISTORY_ANSWER" IS '사용자정답';
   COMMENT ON COLUMN "YUSUNGHO"."USER_PRO_HISTORY"."USER_ID" IS '아이디';
   COMMENT ON COLUMN "YUSUNGHO"."USER_PRO_HISTORY"."PRO_NUM" IS '문제번호';
   COMMENT ON COLUMN "YUSUNGHO"."USER_PRO_HISTORY"."HISTORY_DATE" IS '푼 일시';
   COMMENT ON COLUMN "YUSUNGHO"."USER_PRO_HISTORY"."HISTORY_OX" IS '정답여부';
   COMMENT ON TABLE "YUSUNGHO"."USER_PRO_HISTORY"  IS '문제히스토리';
--------------------------------------------------------
--  DDL for Table USER_PRO_LIST
--------------------------------------------------------

  CREATE TABLE "YUSUNGHO"."USER_PRO_LIST" 
   (	"USER_ID" VARCHAR2(30 BYTE), 
	"PRO_NUM" VARCHAR2(50 BYTE)
   ) SEGMENT CREATION IMMEDIATE 
  PCTFREE 10 PCTUSED 40 INITRANS 1 MAXTRANS 255 NOCOMPRESS LOGGING
  STORAGE(INITIAL 65536 NEXT 1048576 MINEXTENTS 1 MAXEXTENTS 2147483645
  PCTINCREASE 0 FREELISTS 1 FREELIST GROUPS 1 BUFFER_POOL DEFAULT FLASH_CACHE DEFAULT CELL_FLASH_CACHE DEFAULT)
  TABLESPACE "SYSTEM" ;

   COMMENT ON COLUMN "YUSUNGHO"."USER_PRO_LIST"."USER_ID" IS '아이디';
   COMMENT ON COLUMN "YUSUNGHO"."USER_PRO_LIST"."PRO_NUM" IS '문제번호';
   COMMENT ON TABLE "YUSUNGHO"."USER_PRO_LIST"  IS '사용자기출문제';
--------------------------------------------------------
--  DDL for Table USER_TABLE
--------------------------------------------------------

  CREATE TABLE "YUSUNGHO"."USER_TABLE" 
   (	"USER_ID" VARCHAR2(100 BYTE), 
	"USER_PW" VARCHAR2(300 BYTE), 
	"USER_TYPE" VARCHAR2(20 BYTE), 
	"USER_EMAIL" VARCHAR2(50 BYTE), 
	"USER_PHONE" VARCHAR2(50 BYTE), 
	"USER_NICKNAME" VARCHAR2(50 BYTE), 
	"USER_SIGNDATE" DATE, 
	"USER_ENABLE" VARCHAR2(1 BYTE), 
	"USER_AUTHKEY" VARCHAR2(50 BYTE), 
	"USER_IMAGE" VARCHAR2(500 BYTE)
   ) SEGMENT CREATION IMMEDIATE 
  PCTFREE 10 PCTUSED 40 INITRANS 1 MAXTRANS 255 NOCOMPRESS LOGGING
  STORAGE(INITIAL 65536 NEXT 1048576 MINEXTENTS 1 MAXEXTENTS 2147483645
  PCTINCREASE 0 FREELISTS 1 FREELIST GROUPS 1 BUFFER_POOL DEFAULT FLASH_CACHE DEFAULT CELL_FLASH_CACHE DEFAULT)
  TABLESPACE "SYSTEM" ;

   COMMENT ON COLUMN "YUSUNGHO"."USER_TABLE"."USER_ID" IS '아이디';
   COMMENT ON COLUMN "YUSUNGHO"."USER_TABLE"."USER_PW" IS '비밀번호';
   COMMENT ON COLUMN "YUSUNGHO"."USER_TABLE"."USER_TYPE" IS '사용자분류';
   COMMENT ON COLUMN "YUSUNGHO"."USER_TABLE"."USER_EMAIL" IS '이메일';
   COMMENT ON COLUMN "YUSUNGHO"."USER_TABLE"."USER_PHONE" IS '전화번호';
   COMMENT ON COLUMN "YUSUNGHO"."USER_TABLE"."USER_NICKNAME" IS '닉네임';
   COMMENT ON COLUMN "YUSUNGHO"."USER_TABLE"."USER_SIGNDATE" IS '가입날짜';
   COMMENT ON COLUMN "YUSUNGHO"."USER_TABLE"."USER_ENABLE" IS '가입완료여부';
   COMMENT ON COLUMN "YUSUNGHO"."USER_TABLE"."USER_IMAGE" IS '프로필이미지
';
   COMMENT ON TABLE "YUSUNGHO"."USER_TABLE"  IS '사용자';
REM INSERTING into YUSUNGHO.BOARD
SET DEFINE OFF;
Insert into YUSUNGHO.BOARD (BOARD_NUM,GROUP_NUM,BOARD_NAME) values (8,6,'자유게시판');
Insert into YUSUNGHO.BOARD (BOARD_NUM,GROUP_NUM,BOARD_NAME) values (9,6,'질문게시판');
REM INSERTING into YUSUNGHO.CALENDAR
SET DEFINE OFF;
Insert into YUSUNGHO.CALENDAR (CAL_ID,CAL_DATE,USER_ID,CAL_STARTDATE,CAL_ENDDATE,CAL_CONTENT,CAL_NAME,CAL_CATEGORY,CAL_ALLDAY,CAL_COLOR) values ('12',to_date('20/10/30','RR/MM/DD'),'sjbn',to_date('20/11/03','RR/MM/DD'),to_date('20/11/03','RR/MM/DD'),null,'휴가','카테고리1','0','#ffa94d');
Insert into YUSUNGHO.CALENDAR (CAL_ID,CAL_DATE,USER_ID,CAL_STARTDATE,CAL_ENDDATE,CAL_CONTENT,CAL_NAME,CAL_CATEGORY,CAL_ALLDAY,CAL_COLOR) values ('14',to_date('20/10/30','RR/MM/DD'),'sjbn',to_date('20/11/20','RR/MM/DD'),to_date('20/11/21','RR/MM/DD'),null,'휴가','카테고리1','1','#f06595');
Insert into YUSUNGHO.CALENDAR (CAL_ID,CAL_DATE,USER_ID,CAL_STARTDATE,CAL_ENDDATE,CAL_CONTENT,CAL_NAME,CAL_CATEGORY,CAL_ALLDAY,CAL_COLOR) values ('4',to_date('20/10/29','RR/MM/DD'),'sjbn',to_date('20/11/12','RR/MM/DD'),to_date('20/11/12','RR/MM/DD'),null,'휴가','카테고리1','1','#D25565');
Insert into YUSUNGHO.CALENDAR (CAL_ID,CAL_DATE,USER_ID,CAL_STARTDATE,CAL_ENDDATE,CAL_CONTENT,CAL_NAME,CAL_CATEGORY,CAL_ALLDAY,CAL_COLOR) values ('5',to_date('20/10/29','RR/MM/DD'),'sjbn',to_date('20/11/24','RR/MM/DD'),to_date('20/11/24','RR/MM/DD'),null,'거래처미팅','카테고리2','0','#D25565');
Insert into YUSUNGHO.CALENDAR (CAL_ID,CAL_DATE,USER_ID,CAL_STARTDATE,CAL_ENDDATE,CAL_CONTENT,CAL_NAME,CAL_CATEGORY,CAL_ALLDAY,CAL_COLOR) values ('15',to_date('20/10/30','RR/MM/DD'),'admin',to_date('20/11/08','RR/MM/DD'),to_date('20/11/08','RR/MM/DD'),'1','토익 1회','카테고리1','0','#a9e34b');
Insert into YUSUNGHO.CALENDAR (CAL_ID,CAL_DATE,USER_ID,CAL_STARTDATE,CAL_ENDDATE,CAL_CONTENT,CAL_NAME,CAL_CATEGORY,CAL_ALLDAY,CAL_COLOR) values ('7',to_date('20/10/29','RR/MM/DD'),'aaa',to_date('20/11/11','RR/MM/DD'),to_date('20/11/11','RR/MM/DD'),null,'휴가','카테고리1','0','#9775fa');
Insert into YUSUNGHO.CALENDAR (CAL_ID,CAL_DATE,USER_ID,CAL_STARTDATE,CAL_ENDDATE,CAL_CONTENT,CAL_NAME,CAL_CATEGORY,CAL_ALLDAY,CAL_COLOR) values ('8',to_date('20/10/29','RR/MM/DD'),'aaa',to_date('20/11/17','RR/MM/DD'),to_date('20/11/17','RR/MM/DD'),null,'휴가','카테고리2','1','#ffa94d');
Insert into YUSUNGHO.CALENDAR (CAL_ID,CAL_DATE,USER_ID,CAL_STARTDATE,CAL_ENDDATE,CAL_CONTENT,CAL_NAME,CAL_CATEGORY,CAL_ALLDAY,CAL_COLOR) values ('9',to_date('20/10/29','RR/MM/DD'),'aaa',to_date('20/11/19','RR/MM/DD'),to_date('20/11/19','RR/MM/DD'),null,'휴가','카테고리3','1','#63e6be');
Insert into YUSUNGHO.CALENDAR (CAL_ID,CAL_DATE,USER_ID,CAL_STARTDATE,CAL_ENDDATE,CAL_CONTENT,CAL_NAME,CAL_CATEGORY,CAL_ALLDAY,CAL_COLOR) values ('10',to_date('20/10/29','RR/MM/DD'),'bbb',to_date('20/11/11','RR/MM/DD'),to_date('20/11/11','RR/MM/DD'),null,'휴가1','카테고리1','0','#D25565');
Insert into YUSUNGHO.CALENDAR (CAL_ID,CAL_DATE,USER_ID,CAL_STARTDATE,CAL_ENDDATE,CAL_CONTENT,CAL_NAME,CAL_CATEGORY,CAL_ALLDAY,CAL_COLOR) values ('16',to_date('20/10/30','RR/MM/DD'),'admin',to_date('20/11/15','RR/MM/DD'),to_date('20/11/15','RR/MM/DD'),null,'토익2회','카테고리1','0','#a9e34b');
Insert into YUSUNGHO.CALENDAR (CAL_ID,CAL_DATE,USER_ID,CAL_STARTDATE,CAL_ENDDATE,CAL_CONTENT,CAL_NAME,CAL_CATEGORY,CAL_ALLDAY,CAL_COLOR) values ('17',to_date('20/10/30','RR/MM/DD'),'admin',to_date('20/11/22','RR/MM/DD'),to_date('20/11/22','RR/MM/DD'),null,'토익3회','카테고리1','0','#a9e34b');
Insert into YUSUNGHO.CALENDAR (CAL_ID,CAL_DATE,USER_ID,CAL_STARTDATE,CAL_ENDDATE,CAL_CONTENT,CAL_NAME,CAL_CATEGORY,CAL_ALLDAY,CAL_COLOR) values ('18',to_date('20/10/30','RR/MM/DD'),'admin',to_date('20/11/29','RR/MM/DD'),to_date('20/11/29','RR/MM/DD'),null,'토익4회','카테고리1','0','#a9e34b');
Insert into YUSUNGHO.CALENDAR (CAL_ID,CAL_DATE,USER_ID,CAL_STARTDATE,CAL_ENDDATE,CAL_CONTENT,CAL_NAME,CAL_CATEGORY,CAL_ALLDAY,CAL_COLOR) values ('19',to_date('20/10/30','RR/MM/DD'),'sjbn',to_date('20/12/01','RR/MM/DD'),to_date('20/12/01','RR/MM/DD'),null,'휴가','카테고리2','1','#9775fa');
Insert into YUSUNGHO.CALENDAR (CAL_ID,CAL_DATE,USER_ID,CAL_STARTDATE,CAL_ENDDATE,CAL_CONTENT,CAL_NAME,CAL_CATEGORY,CAL_ALLDAY,CAL_COLOR) values ('20',to_date('20/10/30','RR/MM/DD'),'sjbn',to_date('20/11/26','RR/MM/DD'),to_date('20/11/26','RR/MM/DD'),'1212','`12','카테고리1','0','#D25565');
Insert into YUSUNGHO.CALENDAR (CAL_ID,CAL_DATE,USER_ID,CAL_STARTDATE,CAL_ENDDATE,CAL_CONTENT,CAL_NAME,CAL_CATEGORY,CAL_ALLDAY,CAL_COLOR) values ('21',to_date('20/10/30','RR/MM/DD'),'aaa',to_date('20/11/30','RR/MM/DD'),to_date('20/12/01','RR/MM/DD'),null,'세차예약','카테고리2','1','#4d638c');
Insert into YUSUNGHO.CALENDAR (CAL_ID,CAL_DATE,USER_ID,CAL_STARTDATE,CAL_ENDDATE,CAL_CONTENT,CAL_NAME,CAL_CATEGORY,CAL_ALLDAY,CAL_COLOR) values ('22',to_date('20/10/30','RR/MM/DD'),'anonymousUser',to_date('20/11/11','RR/MM/DD'),to_date('20/11/11','RR/MM/DD'),'5','휴가1','카테고리1','0','#D25565');
Insert into YUSUNGHO.CALENDAR (CAL_ID,CAL_DATE,USER_ID,CAL_STARTDATE,CAL_ENDDATE,CAL_CONTENT,CAL_NAME,CAL_CATEGORY,CAL_ALLDAY,CAL_COLOR) values ('23',to_date('20/11/09','RR/MM/DD'),'kakao-1515179669',to_date('20/11/10','RR/MM/DD'),to_date('20/11/10','RR/MM/DD'),'면접입니다.','면접','카테고리1','0','#D25565');
Insert into YUSUNGHO.CALENDAR (CAL_ID,CAL_DATE,USER_ID,CAL_STARTDATE,CAL_ENDDATE,CAL_CONTENT,CAL_NAME,CAL_CATEGORY,CAL_ALLDAY,CAL_COLOR) values ('24',to_date('20/11/09','RR/MM/DD'),'test',to_date('20/11/12','RR/MM/DD'),to_date('20/11/12','RR/MM/DD'),'fff','ff','카테고리1','0','#a9e34b');
Insert into YUSUNGHO.CALENDAR (CAL_ID,CAL_DATE,USER_ID,CAL_STARTDATE,CAL_ENDDATE,CAL_CONTENT,CAL_NAME,CAL_CATEGORY,CAL_ALLDAY,CAL_COLOR) values ('25',to_date('20/11/13','RR/MM/DD'),'test123',to_date('20/11/13','RR/MM/DD'),to_date('20/11/13','RR/MM/DD'),'일정입니다.','일정','카테고리1','0','#D25565');
Insert into YUSUNGHO.CALENDAR (CAL_ID,CAL_DATE,USER_ID,CAL_STARTDATE,CAL_ENDDATE,CAL_CONTENT,CAL_NAME,CAL_CATEGORY,CAL_ALLDAY,CAL_COLOR) values ('26',to_date('20/11/13','RR/MM/DD'),'test123',to_date('20/11/14','RR/MM/DD'),to_date('20/11/14','RR/MM/DD'),'ㅁㄴㅇㄹ','일정2','카테고리2','0','#9775fa');
REM INSERTING into YUSUNGHO.COL_ANSWER
SET DEFINE OFF;
Insert into YUSUNGHO.COL_ANSWER (USER_ID,COL_NUM,COL_SOLVEDATE,COL_WRONGCONTENT,COL_REALANSWER,PRO_NUM,COL_LIST_NUM) values ('kakao-1515179669',1,'2020-11-12 16:04:16:00','null','3',11,'5');
Insert into YUSUNGHO.COL_ANSWER (USER_ID,COL_NUM,COL_SOLVEDATE,COL_WRONGCONTENT,COL_REALANSWER,PRO_NUM,COL_LIST_NUM) values ('kakao-1515179669',1,'2020-11-12 16:04:16:00','null','4',10,'6');
Insert into YUSUNGHO.COL_ANSWER (USER_ID,COL_NUM,COL_SOLVEDATE,COL_WRONGCONTENT,COL_REALANSWER,PRO_NUM,COL_LIST_NUM) values ('kakao-1515179669',1,'2020-11-12 16:04:16:00','null','3',9,'7');
Insert into YUSUNGHO.COL_ANSWER (USER_ID,COL_NUM,COL_SOLVEDATE,COL_WRONGCONTENT,COL_REALANSWER,PRO_NUM,COL_LIST_NUM) values ('kakao-1515179669',1,'2020-11-12 16:04:57:72','null','1',16,'1');
Insert into YUSUNGHO.COL_ANSWER (USER_ID,COL_NUM,COL_SOLVEDATE,COL_WRONGCONTENT,COL_REALANSWER,PRO_NUM,COL_LIST_NUM) values ('kakao-1515179669',1,'2020-11-12 16:04:57:72','null','1',15,'2');
Insert into YUSUNGHO.COL_ANSWER (USER_ID,COL_NUM,COL_SOLVEDATE,COL_WRONGCONTENT,COL_REALANSWER,PRO_NUM,COL_LIST_NUM) values ('kakao-1515179669',1,'2020-11-12 16:04:57:72','null','3',14,'3');
Insert into YUSUNGHO.COL_ANSWER (USER_ID,COL_NUM,COL_SOLVEDATE,COL_WRONGCONTENT,COL_REALANSWER,PRO_NUM,COL_LIST_NUM) values ('kakao-1515179669',1,'2020-11-12 16:04:57:72','null','2',13,'4');
Insert into YUSUNGHO.COL_ANSWER (USER_ID,COL_NUM,COL_SOLVEDATE,COL_WRONGCONTENT,COL_REALANSWER,PRO_NUM,COL_LIST_NUM) values ('kakao-1515179669',1,'2020-11-12 16:04:57:72','null','3',11,'5');
Insert into YUSUNGHO.COL_ANSWER (USER_ID,COL_NUM,COL_SOLVEDATE,COL_WRONGCONTENT,COL_REALANSWER,PRO_NUM,COL_LIST_NUM) values ('kakao-1515179669',1,'2020-11-12 16:04:57:72','null','4',10,'6');
Insert into YUSUNGHO.COL_ANSWER (USER_ID,COL_NUM,COL_SOLVEDATE,COL_WRONGCONTENT,COL_REALANSWER,PRO_NUM,COL_LIST_NUM) values ('kakao-1515179669',1,'2020-11-12 16:04:57:72','null','3',9,'7');
Insert into YUSUNGHO.COL_ANSWER (USER_ID,COL_NUM,COL_SOLVEDATE,COL_WRONGCONTENT,COL_REALANSWER,PRO_NUM,COL_LIST_NUM) values ('kakao-1515179669',1,'2020-11-12 16:06:33:18','null','1',16,'1');
Insert into YUSUNGHO.COL_ANSWER (USER_ID,COL_NUM,COL_SOLVEDATE,COL_WRONGCONTENT,COL_REALANSWER,PRO_NUM,COL_LIST_NUM) values ('kakao-1515179669',1,'2020-11-12 16:06:33:18','null','1',15,'2');
Insert into YUSUNGHO.COL_ANSWER (USER_ID,COL_NUM,COL_SOLVEDATE,COL_WRONGCONTENT,COL_REALANSWER,PRO_NUM,COL_LIST_NUM) values ('kakao-1515179669',1,'2020-11-12 16:06:33:18','null','3',14,'3');
Insert into YUSUNGHO.COL_ANSWER (USER_ID,COL_NUM,COL_SOLVEDATE,COL_WRONGCONTENT,COL_REALANSWER,PRO_NUM,COL_LIST_NUM) values ('kakao-1515179669',1,'2020-11-12 16:06:33:18','null','2',13,'4');
Insert into YUSUNGHO.COL_ANSWER (USER_ID,COL_NUM,COL_SOLVEDATE,COL_WRONGCONTENT,COL_REALANSWER,PRO_NUM,COL_LIST_NUM) values ('kakao-1515179669',1,'2020-11-12 16:06:33:18','null','3',11,'5');
Insert into YUSUNGHO.COL_ANSWER (USER_ID,COL_NUM,COL_SOLVEDATE,COL_WRONGCONTENT,COL_REALANSWER,PRO_NUM,COL_LIST_NUM) values ('kakao-1515179669',1,'2020-11-12 16:06:33:18','null','4',10,'6');
Insert into YUSUNGHO.COL_ANSWER (USER_ID,COL_NUM,COL_SOLVEDATE,COL_WRONGCONTENT,COL_REALANSWER,PRO_NUM,COL_LIST_NUM) values ('kakao-1515179669',1,'2020-11-12 16:06:33:18','null','3',9,'7');
Insert into YUSUNGHO.COL_ANSWER (USER_ID,COL_NUM,COL_SOLVEDATE,COL_WRONGCONTENT,COL_REALANSWER,PRO_NUM,COL_LIST_NUM) values ('kakao-1515179669',1,'2020-11-13 14:01:54:33','3','1',16,'1');
Insert into YUSUNGHO.COL_ANSWER (USER_ID,COL_NUM,COL_SOLVEDATE,COL_WRONGCONTENT,COL_REALANSWER,PRO_NUM,COL_LIST_NUM) values ('kakao-1515179669',1,'2020-11-13 14:01:54:33','2','1',15,'2');
Insert into YUSUNGHO.COL_ANSWER (USER_ID,COL_NUM,COL_SOLVEDATE,COL_WRONGCONTENT,COL_REALANSWER,PRO_NUM,COL_LIST_NUM) values ('kakao-1515179669',1,'2020-11-13 14:01:54:33','3','3',14,'3');
Insert into YUSUNGHO.COL_ANSWER (USER_ID,COL_NUM,COL_SOLVEDATE,COL_WRONGCONTENT,COL_REALANSWER,PRO_NUM,COL_LIST_NUM) values ('kakao-1515179669',1,'2020-11-13 14:01:54:33','3','2',13,'4');
Insert into YUSUNGHO.COL_ANSWER (USER_ID,COL_NUM,COL_SOLVEDATE,COL_WRONGCONTENT,COL_REALANSWER,PRO_NUM,COL_LIST_NUM) values ('kakao-1515179669',1,'2020-11-13 14:01:54:33','2','3',11,'5');
Insert into YUSUNGHO.COL_ANSWER (USER_ID,COL_NUM,COL_SOLVEDATE,COL_WRONGCONTENT,COL_REALANSWER,PRO_NUM,COL_LIST_NUM) values ('kakao-1515179669',1,'2020-11-13 14:01:54:33','3','4',10,'6');
Insert into YUSUNGHO.COL_ANSWER (USER_ID,COL_NUM,COL_SOLVEDATE,COL_WRONGCONTENT,COL_REALANSWER,PRO_NUM,COL_LIST_NUM) values ('kakao-1515179669',1,'2020-11-13 14:01:54:33','4','3',9,'7');
Insert into YUSUNGHO.COL_ANSWER (USER_ID,COL_NUM,COL_SOLVEDATE,COL_WRONGCONTENT,COL_REALANSWER,PRO_NUM,COL_LIST_NUM) values ('test123',1,'2020-11-13 16:23:22:65','1','1',16,'1');
Insert into YUSUNGHO.COL_ANSWER (USER_ID,COL_NUM,COL_SOLVEDATE,COL_WRONGCONTENT,COL_REALANSWER,PRO_NUM,COL_LIST_NUM) values ('test123',1,'2020-11-13 16:23:22:65','2','1',15,'2');
Insert into YUSUNGHO.COL_ANSWER (USER_ID,COL_NUM,COL_SOLVEDATE,COL_WRONGCONTENT,COL_REALANSWER,PRO_NUM,COL_LIST_NUM) values ('test123',1,'2020-11-13 16:23:22:65','2','3',14,'3');
Insert into YUSUNGHO.COL_ANSWER (USER_ID,COL_NUM,COL_SOLVEDATE,COL_WRONGCONTENT,COL_REALANSWER,PRO_NUM,COL_LIST_NUM) values ('test123',1,'2020-11-13 16:23:22:65','3','2',13,'4');
Insert into YUSUNGHO.COL_ANSWER (USER_ID,COL_NUM,COL_SOLVEDATE,COL_WRONGCONTENT,COL_REALANSWER,PRO_NUM,COL_LIST_NUM) values ('test123',1,'2020-11-13 16:23:22:65','3','3',11,'5');
Insert into YUSUNGHO.COL_ANSWER (USER_ID,COL_NUM,COL_SOLVEDATE,COL_WRONGCONTENT,COL_REALANSWER,PRO_NUM,COL_LIST_NUM) values ('test123',1,'2020-11-13 16:23:22:65','3','4',10,'6');
Insert into YUSUNGHO.COL_ANSWER (USER_ID,COL_NUM,COL_SOLVEDATE,COL_WRONGCONTENT,COL_REALANSWER,PRO_NUM,COL_LIST_NUM) values ('test123',1,'2020-11-13 16:23:22:65','null','3',9,'7');
Insert into YUSUNGHO.COL_ANSWER (USER_ID,COL_NUM,COL_SOLVEDATE,COL_WRONGCONTENT,COL_REALANSWER,PRO_NUM,COL_LIST_NUM) values ('kakao-1515179669',1,'2020-11-12 16:04:16:00','null','1',16,'1');
Insert into YUSUNGHO.COL_ANSWER (USER_ID,COL_NUM,COL_SOLVEDATE,COL_WRONGCONTENT,COL_REALANSWER,PRO_NUM,COL_LIST_NUM) values ('kakao-1515179669',1,'2020-11-12 16:04:16:00','null','1',15,'2');
Insert into YUSUNGHO.COL_ANSWER (USER_ID,COL_NUM,COL_SOLVEDATE,COL_WRONGCONTENT,COL_REALANSWER,PRO_NUM,COL_LIST_NUM) values ('kakao-1515179669',1,'2020-11-12 16:04:16:00','null','3',14,'3');
Insert into YUSUNGHO.COL_ANSWER (USER_ID,COL_NUM,COL_SOLVEDATE,COL_WRONGCONTENT,COL_REALANSWER,PRO_NUM,COL_LIST_NUM) values ('kakao-1515179669',1,'2020-11-12 16:04:16:00','null','2',13,'4');
REM INSERTING into YUSUNGHO.COL_EVAL
SET DEFINE OFF;
Insert into YUSUNGHO.COL_EVAL (COL_EVAL_SCORE,USER_ID,COL_NUM,COL_EVAL_CONTENT,COL_EVAL_DATE) values (6,'kakao-1515179669',1,null,to_date('20/11/12','RR/MM/DD'));
REM INSERTING into YUSUNGHO.COL_HISTORY
SET DEFINE OFF;
Insert into YUSUNGHO.COL_HISTORY (COL_SOLVEDATE,USER_ID,COL_NUM,COL_SCORE) values ('2020-11-12 16:06:33:18','kakao-1515179669',1,'0');
Insert into YUSUNGHO.COL_HISTORY (COL_SOLVEDATE,USER_ID,COL_NUM,COL_SCORE) values ('2020-11-13 14:01:54:33','kakao-1515179669',1,'5');
Insert into YUSUNGHO.COL_HISTORY (COL_SOLVEDATE,USER_ID,COL_NUM,COL_SCORE) values ('2020-11-13 16:23:22:65','test123',1,'10');
Insert into YUSUNGHO.COL_HISTORY (COL_SOLVEDATE,USER_ID,COL_NUM,COL_SCORE) values ('2020-11-12 16:04:16:00','kakao-1515179669',1,'0');
Insert into YUSUNGHO.COL_HISTORY (COL_SOLVEDATE,USER_ID,COL_NUM,COL_SCORE) values ('2020-11-12 16:04:57:72','kakao-1515179669',1,'0');
REM INSERTING into YUSUNGHO.COL_LIST
SET DEFINE OFF;
Insert into YUSUNGHO.COL_LIST (PRO_NUM,COL_NUM,COL_LIST_NUM,COL_LIST_POINT) values (9,3,1,5);
Insert into YUSUNGHO.COL_LIST (PRO_NUM,COL_NUM,COL_LIST_NUM,COL_LIST_POINT) values (11,3,2,5);
Insert into YUSUNGHO.COL_LIST (PRO_NUM,COL_NUM,COL_LIST_NUM,COL_LIST_POINT) values (14,3,3,5);
Insert into YUSUNGHO.COL_LIST (PRO_NUM,COL_NUM,COL_LIST_NUM,COL_LIST_POINT) values (20,3,4,5);
Insert into YUSUNGHO.COL_LIST (PRO_NUM,COL_NUM,COL_LIST_NUM,COL_LIST_POINT) values (16,1,1,5);
Insert into YUSUNGHO.COL_LIST (PRO_NUM,COL_NUM,COL_LIST_NUM,COL_LIST_POINT) values (15,1,2,5);
Insert into YUSUNGHO.COL_LIST (PRO_NUM,COL_NUM,COL_LIST_NUM,COL_LIST_POINT) values (14,1,3,5);
Insert into YUSUNGHO.COL_LIST (PRO_NUM,COL_NUM,COL_LIST_NUM,COL_LIST_POINT) values (13,1,4,5);
Insert into YUSUNGHO.COL_LIST (PRO_NUM,COL_NUM,COL_LIST_NUM,COL_LIST_POINT) values (11,1,5,5);
Insert into YUSUNGHO.COL_LIST (PRO_NUM,COL_NUM,COL_LIST_NUM,COL_LIST_POINT) values (10,1,6,5);
Insert into YUSUNGHO.COL_LIST (PRO_NUM,COL_NUM,COL_LIST_NUM,COL_LIST_POINT) values (9,1,7,5);
Insert into YUSUNGHO.COL_LIST (PRO_NUM,COL_NUM,COL_LIST_NUM,COL_LIST_POINT) values (13,4,1,1);
Insert into YUSUNGHO.COL_LIST (PRO_NUM,COL_NUM,COL_LIST_NUM,COL_LIST_POINT) values (9,4,2,5);
Insert into YUSUNGHO.COL_LIST (PRO_NUM,COL_NUM,COL_LIST_NUM,COL_LIST_POINT) values (10,4,3,4);
Insert into YUSUNGHO.COL_LIST (PRO_NUM,COL_NUM,COL_LIST_NUM,COL_LIST_POINT) values (16,2,1,5);
REM INSERTING into YUSUNGHO.GROUP_TABLE
SET DEFINE OFF;
Insert into YUSUNGHO.GROUP_TABLE (GROUP_NUM,GROUP_NAME,GROUP_LEADER,GROUP_CATEGORY,GROUP_ICON,GROUP_JOINMANNER,GROUP_DESC,GROUP_DATE) values (1,'공부합시다','studyHard','공부','1604379630726Jellyfish.jpg','free','공부하려는카페',to_date('20/11/01','RR/MM/DD'));
Insert into YUSUNGHO.GROUP_TABLE (GROUP_NUM,GROUP_NAME,GROUP_LEADER,GROUP_CATEGORY,GROUP_ICON,GROUP_JOINMANNER,GROUP_DESC,GROUP_DATE) values (7,'나의그룹','test123','그룹','noimagecafe.png','free','그룹입니다.',to_date('20/11/13','RR/MM/DD'));
Insert into YUSUNGHO.GROUP_TABLE (GROUP_NUM,GROUP_NAME,GROUP_LEADER,GROUP_CATEGORY,GROUP_ICON,GROUP_JOINMANNER,GROUP_DESC,GROUP_DATE) values (6,'카카오모여라 하나둘셋','kakao-1515179669','카카오','1605244694236keroberoni.png','free','카카오들의 모임',to_date('20/10/29','RR/MM/DD'));
REM INSERTING into YUSUNGHO.JOIN_GROUP_LIST
SET DEFINE OFF;
Insert into YUSUNGHO.JOIN_GROUP_LIST (GROUP_NUM,USER_ID,G_LIST_STATE,G_LIST_JOINDATE,G_LIST_CANDIDATE) values (1,'studyHard','manager',to_date('20/10/22','RR/MM/DD'),to_date('20/10/22','RR/MM/DD'));
Insert into YUSUNGHO.JOIN_GROUP_LIST (GROUP_NUM,USER_ID,G_LIST_STATE,G_LIST_JOINDATE,G_LIST_CANDIDATE) values (4,'test','manager',to_date('20/10/22','RR/MM/DD'),to_date('20/10/22','RR/MM/DD'));
Insert into YUSUNGHO.JOIN_GROUP_LIST (GROUP_NUM,USER_ID,G_LIST_STATE,G_LIST_JOINDATE,G_LIST_CANDIDATE) values (5,'test','manager',to_date('20/10/22','RR/MM/DD'),to_date('20/10/22','RR/MM/DD'));
Insert into YUSUNGHO.JOIN_GROUP_LIST (GROUP_NUM,USER_ID,G_LIST_STATE,G_LIST_JOINDATE,G_LIST_CANDIDATE) values (6,'kakao-1515179669','manager',to_date('20/10/29','RR/MM/DD'),to_date('20/10/29','RR/MM/DD'));
Insert into YUSUNGHO.JOIN_GROUP_LIST (GROUP_NUM,USER_ID,G_LIST_STATE,G_LIST_JOINDATE,G_LIST_CANDIDATE) values (6,'test123','user',to_date('20/11/13','RR/MM/DD'),to_date('20/11/13','RR/MM/DD'));
Insert into YUSUNGHO.JOIN_GROUP_LIST (GROUP_NUM,USER_ID,G_LIST_STATE,G_LIST_JOINDATE,G_LIST_CANDIDATE) values (7,'test123','manager',to_date('20/11/13','RR/MM/DD'),to_date('20/11/13','RR/MM/DD'));
Insert into YUSUNGHO.JOIN_GROUP_LIST (GROUP_NUM,USER_ID,G_LIST_STATE,G_LIST_JOINDATE,G_LIST_CANDIDATE) values (1,'test123','user',to_date('20/11/13','RR/MM/DD'),to_date('20/11/13','RR/MM/DD'));
Insert into YUSUNGHO.JOIN_GROUP_LIST (GROUP_NUM,USER_ID,G_LIST_STATE,G_LIST_JOINDATE,G_LIST_CANDIDATE) values (6,'yusungho','user',to_date('20/11/13','RR/MM/DD'),to_date('20/11/13','RR/MM/DD'));
REM INSERTING into YUSUNGHO.LEC_CONTENT
SET DEFINE OFF;
REM INSERTING into YUSUNGHO.LEC_FILE
SET DEFINE OFF;
REM INSERTING into YUSUNGHO.LECTURE
SET DEFINE OFF;
Insert into YUSUNGHO.LECTURE (LECTURE_ID,LECTURE_CATEGORY,LECTURE_NAME,USER_ID,LECTURE_TUITION,LECTURE_DETAIL) values (1,'어학시험','TOEIC특강','efgh',100000,'상세설명1');
Insert into YUSUNGHO.LECTURE (LECTURE_ID,LECTURE_CATEGORY,LECTURE_NAME,USER_ID,LECTURE_TUITION,LECTURE_DETAIL) values (2,'어학시험','TOEFL 고급반','test1',200000,'상세설명2');
Insert into YUSUNGHO.LECTURE (LECTURE_ID,LECTURE_CATEGORY,LECTURE_NAME,USER_ID,LECTURE_TUITION,LECTURE_DETAIL) values (3,'어학시험','1444','efgh',1232,'56546');
Insert into YUSUNGHO.LECTURE (LECTURE_ID,LECTURE_CATEGORY,LECTURE_NAME,USER_ID,LECTURE_TUITION,LECTURE_DETAIL) values (4,'어학시험','123123','efgh',23123,'5');
Insert into YUSUNGHO.LECTURE (LECTURE_ID,LECTURE_CATEGORY,LECTURE_NAME,USER_ID,LECTURE_TUITION,LECTURE_DETAIL) values (5,'어학시험','12512','efgh',12312,'3563456356');
REM INSERTING into YUSUNGHO.ORDERS
SET DEFINE OFF;
Insert into YUSUNGHO.ORDERS (ORDER_ID,USER_ID,LECTURE_ID,DISCOUNT_POINT,TOTAL_PRICE,POINT_OVER,ORDER_DATE,ORDER_PRICE) values ('2011111220','kakao-1515179669','3',0,1232,'0','20/11/11',1232);
Insert into YUSUNGHO.ORDERS (ORDER_ID,USER_ID,LECTURE_ID,DISCOUNT_POINT,TOTAL_PRICE,POINT_OVER,ORDER_DATE,ORDER_PRICE) values ('2010161098','abcd','a01',100,99900,'1','20/10/16',100000);
Insert into YUSUNGHO.ORDERS (ORDER_ID,USER_ID,LECTURE_ID,DISCOUNT_POINT,TOTAL_PRICE,POINT_OVER,ORDER_DATE,ORDER_PRICE) values ('2010161099','abcd','a01',100,99900,'1','20/10/16',100000);
Insert into YUSUNGHO.ORDERS (ORDER_ID,USER_ID,LECTURE_ID,DISCOUNT_POINT,TOTAL_PRICE,POINT_OVER,ORDER_DATE,ORDER_PRICE) values ('2010161021','abcd','a01',null,null,null,'20/10/16',100000);
Insert into YUSUNGHO.ORDERS (ORDER_ID,USER_ID,LECTURE_ID,DISCOUNT_POINT,TOTAL_PRICE,POINT_OVER,ORDER_DATE,ORDER_PRICE) values ('2010161022','abcd','a01',null,null,null,'20/10/16',100000);
Insert into YUSUNGHO.ORDERS (ORDER_ID,USER_ID,LECTURE_ID,DISCOUNT_POINT,TOTAL_PRICE,POINT_OVER,ORDER_DATE,ORDER_PRICE) values ('2010161023','abcd','a01',null,null,null,'20/10/16',100000);
Insert into YUSUNGHO.ORDERS (ORDER_ID,USER_ID,LECTURE_ID,DISCOUNT_POINT,TOTAL_PRICE,POINT_OVER,ORDER_DATE,ORDER_PRICE) values ('2010161027','abcd','a01',null,null,null,'20/10/16',100000);
Insert into YUSUNGHO.ORDERS (ORDER_ID,USER_ID,LECTURE_ID,DISCOUNT_POINT,TOTAL_PRICE,POINT_OVER,ORDER_DATE,ORDER_PRICE) values ('2010161028','abcd','a01',null,null,null,'20/10/16',100000);
Insert into YUSUNGHO.ORDERS (ORDER_ID,USER_ID,LECTURE_ID,DISCOUNT_POINT,TOTAL_PRICE,POINT_OVER,ORDER_DATE,ORDER_PRICE) values ('2010161029','abcd','a01',400,99600,'1','20/10/16',100000);
Insert into YUSUNGHO.ORDERS (ORDER_ID,USER_ID,LECTURE_ID,DISCOUNT_POINT,TOTAL_PRICE,POINT_OVER,ORDER_DATE,ORDER_PRICE) values ('2010161030','abcd','a01',null,null,null,'20/10/16',100000);
Insert into YUSUNGHO.ORDERS (ORDER_ID,USER_ID,LECTURE_ID,DISCOUNT_POINT,TOTAL_PRICE,POINT_OVER,ORDER_DATE,ORDER_PRICE) values ('2010161031','abcd','a01',null,null,null,'20/10/16',100000);
Insert into YUSUNGHO.ORDERS (ORDER_ID,USER_ID,LECTURE_ID,DISCOUNT_POINT,TOTAL_PRICE,POINT_OVER,ORDER_DATE,ORDER_PRICE) values ('2010161032','abcd','a01',null,null,null,'20/10/16',100000);
Insert into YUSUNGHO.ORDERS (ORDER_ID,USER_ID,LECTURE_ID,DISCOUNT_POINT,TOTAL_PRICE,POINT_OVER,ORDER_DATE,ORDER_PRICE) values ('2010161033','abcd','a01',null,null,null,'20/10/16',100000);
Insert into YUSUNGHO.ORDERS (ORDER_ID,USER_ID,LECTURE_ID,DISCOUNT_POINT,TOTAL_PRICE,POINT_OVER,ORDER_DATE,ORDER_PRICE) values ('2010161034','abcd','a01',null,null,null,'20/10/16',100000);
Insert into YUSUNGHO.ORDERS (ORDER_ID,USER_ID,LECTURE_ID,DISCOUNT_POINT,TOTAL_PRICE,POINT_OVER,ORDER_DATE,ORDER_PRICE) values ('2010161035','abcd','a01',null,null,null,'20/10/16',100000);
Insert into YUSUNGHO.ORDERS (ORDER_ID,USER_ID,LECTURE_ID,DISCOUNT_POINT,TOTAL_PRICE,POINT_OVER,ORDER_DATE,ORDER_PRICE) values ('2010161036','abcd','a01',null,null,null,'20/10/16',100000);
Insert into YUSUNGHO.ORDERS (ORDER_ID,USER_ID,LECTURE_ID,DISCOUNT_POINT,TOTAL_PRICE,POINT_OVER,ORDER_DATE,ORDER_PRICE) values ('2010161037','abcd','a01',null,null,null,'20/10/16',100000);
Insert into YUSUNGHO.ORDERS (ORDER_ID,USER_ID,LECTURE_ID,DISCOUNT_POINT,TOTAL_PRICE,POINT_OVER,ORDER_DATE,ORDER_PRICE) values ('2010161038','abcd','a01',null,null,null,'20/10/16',100000);
Insert into YUSUNGHO.ORDERS (ORDER_ID,USER_ID,LECTURE_ID,DISCOUNT_POINT,TOTAL_PRICE,POINT_OVER,ORDER_DATE,ORDER_PRICE) values ('2010161039','abcd','a01',null,null,null,'20/10/16',100000);
Insert into YUSUNGHO.ORDERS (ORDER_ID,USER_ID,LECTURE_ID,DISCOUNT_POINT,TOTAL_PRICE,POINT_OVER,ORDER_DATE,ORDER_PRICE) values ('2010161040','abcd','a01',null,null,null,'20/10/16',100000);
Insert into YUSUNGHO.ORDERS (ORDER_ID,USER_ID,LECTURE_ID,DISCOUNT_POINT,TOTAL_PRICE,POINT_OVER,ORDER_DATE,ORDER_PRICE) values ('2010161041','abcd','a01',null,null,null,'20/10/16',100000);
Insert into YUSUNGHO.ORDERS (ORDER_ID,USER_ID,LECTURE_ID,DISCOUNT_POINT,TOTAL_PRICE,POINT_OVER,ORDER_DATE,ORDER_PRICE) values ('2010161020','abcd','a01',null,null,null,'20/10/16',100000);
Insert into YUSUNGHO.ORDERS (ORDER_ID,USER_ID,LECTURE_ID,DISCOUNT_POINT,TOTAL_PRICE,POINT_OVER,ORDER_DATE,ORDER_PRICE) values ('2010161024','abcd','a01',null,null,null,'20/10/16',100000);
Insert into YUSUNGHO.ORDERS (ORDER_ID,USER_ID,LECTURE_ID,DISCOUNT_POINT,TOTAL_PRICE,POINT_OVER,ORDER_DATE,ORDER_PRICE) values ('2010161025','abcd','a01',2000,98000,'1','20/10/16',100000);
Insert into YUSUNGHO.ORDERS (ORDER_ID,USER_ID,LECTURE_ID,DISCOUNT_POINT,TOTAL_PRICE,POINT_OVER,ORDER_DATE,ORDER_PRICE) values ('2010161026','abcd','a01',null,null,null,'20/10/16',100000);
Insert into YUSUNGHO.ORDERS (ORDER_ID,USER_ID,LECTURE_ID,DISCOUNT_POINT,TOTAL_PRICE,POINT_OVER,ORDER_DATE,ORDER_PRICE) values ('2010191061','abcd','a01',null,null,null,'20/10/19',100000);
Insert into YUSUNGHO.ORDERS (ORDER_ID,USER_ID,LECTURE_ID,DISCOUNT_POINT,TOTAL_PRICE,POINT_OVER,ORDER_DATE,ORDER_PRICE) values ('2010191060','abcd','a01',null,null,null,'20/10/19',100000);
Insert into YUSUNGHO.ORDERS (ORDER_ID,USER_ID,LECTURE_ID,DISCOUNT_POINT,TOTAL_PRICE,POINT_OVER,ORDER_DATE,ORDER_PRICE) values ('2010221080','abcd','a01',null,null,null,'20/10/22',100000);
REM INSERTING into YUSUNGHO.P_FILE
SET DEFINE OFF;
REM INSERTING into YUSUNGHO.PAY
SET DEFINE OFF;
REM INSERTING into YUSUNGHO.POINT
SET DEFINE OFF;
Insert into YUSUNGHO.POINT (POINT_DATE,POINT_CHANGE,POINT_REST,USER_ID,POINT_CONTENT) values (to_date('20/11/11','RR/MM/DD'),0,0,'kakao-1515179669',null);
REM INSERTING into YUSUNGHO.POST
SET DEFINE OFF;
Insert into YUSUNGHO.POST (POST_NUM,BOARD_NUM,USER_ID,POST_TITLE,POST_CONTENT,POST_DATE,POST_CATEGORY,POST_PARENT) values (3,9,'kakao-1515179669','여기는 뭐하는 카페인가요','<p>예?</p>
',to_date('20/11/09','RR/MM/DD'),null,null);
Insert into YUSUNGHO.POST (POST_NUM,BOARD_NUM,USER_ID,POST_TITLE,POST_CONTENT,POST_DATE,POST_CATEGORY,POST_PARENT) values (4,9,'kakao-1515179669',null,'나도 몰라요.',to_date('20/11/09','RR/MM/DD'),null,'3');
Insert into YUSUNGHO.POST (POST_NUM,BOARD_NUM,USER_ID,POST_TITLE,POST_CONTENT,POST_DATE,POST_CATEGORY,POST_PARENT) values (5,8,'kakao-1515179669','인천사시는분?','<p>저요</p>
',to_date('20/11/09','RR/MM/DD'),null,null);
Insert into YUSUNGHO.POST (POST_NUM,BOARD_NUM,USER_ID,POST_TITLE,POST_CONTENT,POST_DATE,POST_CATEGORY,POST_PARENT) values (6,8,'kakao-1515179669',null,'ㄹㅇ ㅋㅋ',to_date('20/11/11','RR/MM/DD'),null,'1');
Insert into YUSUNGHO.POST (POST_NUM,BOARD_NUM,USER_ID,POST_TITLE,POST_CONTENT,POST_DATE,POST_CATEGORY,POST_PARENT) values (7,9,'kakao-1515179669',null,'ㅎㅇ',to_date('20/11/13','RR/MM/DD'),null,'3');
Insert into YUSUNGHO.POST (POST_NUM,BOARD_NUM,USER_ID,POST_TITLE,POST_CONTENT,POST_DATE,POST_CATEGORY,POST_PARENT) values (8,8,'yusungho','안녕하세요.','<p>처음뵙겠습니다.</p>

<p>&nbsp;</p>

<p>만나서 반갑습니다.</p>
',to_date('20/11/13','RR/MM/DD'),null,null);
Insert into YUSUNGHO.POST (POST_NUM,BOARD_NUM,USER_ID,POST_TITLE,POST_CONTENT,POST_DATE,POST_CATEGORY,POST_PARENT) values (9,8,'test123','안녕하세요','<p>안녕</p>
',to_date('20/11/13','RR/MM/DD'),null,null);
Insert into YUSUNGHO.POST (POST_NUM,BOARD_NUM,USER_ID,POST_TITLE,POST_CONTENT,POST_DATE,POST_CATEGORY,POST_PARENT) values (10,8,'test123','123','<p>123</p>
',to_date('20/11/13','RR/MM/DD'),null,null);
Insert into YUSUNGHO.POST (POST_NUM,BOARD_NUM,USER_ID,POST_TITLE,POST_CONTENT,POST_DATE,POST_CATEGORY,POST_PARENT) values (1,8,'kakao-1515179669','만나서 반갑습니다.','<p>네.</p>
',to_date('20/11/09','RR/MM/DD'),null,null);
Insert into YUSUNGHO.POST (POST_NUM,BOARD_NUM,USER_ID,POST_TITLE,POST_CONTENT,POST_DATE,POST_CATEGORY,POST_PARENT) values (2,8,'kakao-1515179669',null,'저도 반갑습니다.',to_date('20/11/09','RR/MM/DD'),null,'1');
REM INSERTING into YUSUNGHO.POST_FILE
SET DEFINE OFF;
REM INSERTING into YUSUNGHO.PRO_CATEGORY
SET DEFINE OFF;
Insert into YUSUNGHO.PRO_CATEGORY (CATEGORY_ID,CATEGORY_NAME) values ('1001','TOEIC');
REM INSERTING into YUSUNGHO.PRO_CHOICE
SET DEFINE OFF;
Insert into YUSUNGHO.PRO_CHOICE (CHO_CONTENT,PRO_NUM,CHO_NUM) values ('Minister',2,'2');
Insert into YUSUNGHO.PRO_CHOICE (CHO_CONTENT,PRO_NUM,CHO_NUM) values ('the Minister',2,'3');
Insert into YUSUNGHO.PRO_CHOICE (CHO_CONTENT,PRO_NUM,CHO_NUM) values ('Ministerial',2,'4');
Insert into YUSUNGHO.PRO_CHOICE (CHO_CONTENT,PRO_NUM,CHO_NUM) values ('the form',3,'1');
Insert into YUSUNGHO.PRO_CHOICE (CHO_CONTENT,PRO_NUM,CHO_NUM) values ('one',3,'2');
Insert into YUSUNGHO.PRO_CHOICE (CHO_CONTENT,PRO_NUM,CHO_NUM) values ('that',3,'3');
Insert into YUSUNGHO.PRO_CHOICE (CHO_CONTENT,PRO_NUM,CHO_NUM) values ('courage',3,'4');
Insert into YUSUNGHO.PRO_CHOICE (CHO_CONTENT,PRO_NUM,CHO_NUM) values ('this',4,'1');
Insert into YUSUNGHO.PRO_CHOICE (CHO_CONTENT,PRO_NUM,CHO_NUM) values ('that',4,'2');
Insert into YUSUNGHO.PRO_CHOICE (CHO_CONTENT,PRO_NUM,CHO_NUM) values ('it',4,'3');
Insert into YUSUNGHO.PRO_CHOICE (CHO_CONTENT,PRO_NUM,CHO_NUM) values ('the childhood',1,'1');
Insert into YUSUNGHO.PRO_CHOICE (CHO_CONTENT,PRO_NUM,CHO_NUM) values ('childhood',1,'2');
Insert into YUSUNGHO.PRO_CHOICE (CHO_CONTENT,PRO_NUM,CHO_NUM) values ('a childhood',1,'3');
Insert into YUSUNGHO.PRO_CHOICE (CHO_CONTENT,PRO_NUM,CHO_NUM) values ('childhoods',1,'4');
Insert into YUSUNGHO.PRO_CHOICE (CHO_CONTENT,PRO_NUM,CHO_NUM) values ('a Minister',2,'1');
Insert into YUSUNGHO.PRO_CHOICE (CHO_CONTENT,PRO_NUM,CHO_NUM) values ('one',4,'4');
Insert into YUSUNGHO.PRO_CHOICE (CHO_CONTENT,PRO_NUM,CHO_NUM) values ('that',5,'1');
Insert into YUSUNGHO.PRO_CHOICE (CHO_CONTENT,PRO_NUM,CHO_NUM) values ('that one',5,'2');
Insert into YUSUNGHO.PRO_CHOICE (CHO_CONTENT,PRO_NUM,CHO_NUM) values ('that one of bread',5,'3');
Insert into YUSUNGHO.PRO_CHOICE (CHO_CONTENT,PRO_NUM,CHO_NUM) values ('those one',5,'4');
Insert into YUSUNGHO.PRO_CHOICE (CHO_CONTENT,PRO_NUM,CHO_NUM) values ('one',6,'1');
Insert into YUSUNGHO.PRO_CHOICE (CHO_CONTENT,PRO_NUM,CHO_NUM) values ('that',6,'2');
Insert into YUSUNGHO.PRO_CHOICE (CHO_CONTENT,PRO_NUM,CHO_NUM) values ('this',6,'3');
Insert into YUSUNGHO.PRO_CHOICE (CHO_CONTENT,PRO_NUM,CHO_NUM) values ('it',6,'4');
Insert into YUSUNGHO.PRO_CHOICE (CHO_CONTENT,PRO_NUM,CHO_NUM) values ('the one',7,'1');
Insert into YUSUNGHO.PRO_CHOICE (CHO_CONTENT,PRO_NUM,CHO_NUM) values ('the ones',7,'2');
Insert into YUSUNGHO.PRO_CHOICE (CHO_CONTENT,PRO_NUM,CHO_NUM) values ('those ones',7,'3');
Insert into YUSUNGHO.PRO_CHOICE (CHO_CONTENT,PRO_NUM,CHO_NUM) values ('that one',7,'4');
Insert into YUSUNGHO.PRO_CHOICE (CHO_CONTENT,PRO_NUM,CHO_NUM) values ('where is',8,'1');
Insert into YUSUNGHO.PRO_CHOICE (CHO_CONTENT,PRO_NUM,CHO_NUM) values ('it is',8,'2');
Insert into YUSUNGHO.PRO_CHOICE (CHO_CONTENT,PRO_NUM,CHO_NUM) values ('who is',8,'3');
Insert into YUSUNGHO.PRO_CHOICE (CHO_CONTENT,PRO_NUM,CHO_NUM) values ('and is',8,'4');
Insert into YUSUNGHO.PRO_CHOICE (CHO_CONTENT,PRO_NUM,CHO_NUM) values ('not be to',9,'1');
Insert into YUSUNGHO.PRO_CHOICE (CHO_CONTENT,PRO_NUM,CHO_NUM) values ('are to not',9,'2');
Insert into YUSUNGHO.PRO_CHOICE (CHO_CONTENT,PRO_NUM,CHO_NUM) values ('are not to',9,'3');
Insert into YUSUNGHO.PRO_CHOICE (CHO_CONTENT,PRO_NUM,CHO_NUM) values ('not are to',9,'4');
Insert into YUSUNGHO.PRO_CHOICE (CHO_CONTENT,PRO_NUM,CHO_NUM) values ('help you',10,'1');
Insert into YUSUNGHO.PRO_CHOICE (CHO_CONTENT,PRO_NUM,CHO_NUM) values ('help you along',10,'2');
Insert into YUSUNGHO.PRO_CHOICE (CHO_CONTENT,PRO_NUM,CHO_NUM) values ('having helped you',10,'3');
Insert into YUSUNGHO.PRO_CHOICE (CHO_CONTENT,PRO_NUM,CHO_NUM) values ('have helped you',10,'4');
Insert into YUSUNGHO.PRO_CHOICE (CHO_CONTENT,PRO_NUM,CHO_NUM) values ('whether or not to seeing',11,'1');
Insert into YUSUNGHO.PRO_CHOICE (CHO_CONTENT,PRO_NUM,CHO_NUM) values ('whether to see or not',11,'2');
Insert into YUSUNGHO.PRO_CHOICE (CHO_CONTENT,PRO_NUM,CHO_NUM) values ('whether or not to see',11,'3');
Insert into YUSUNGHO.PRO_CHOICE (CHO_CONTENT,PRO_NUM,CHO_NUM) values ('whether or not seeing',11,'4');
Insert into YUSUNGHO.PRO_CHOICE (CHO_CONTENT,PRO_NUM,CHO_NUM) values ('which',12,'1');
Insert into YUSUNGHO.PRO_CHOICE (CHO_CONTENT,PRO_NUM,CHO_NUM) values ('by',12,'2');
Insert into YUSUNGHO.PRO_CHOICE (CHO_CONTENT,PRO_NUM,CHO_NUM) values ('for whom',12,'3');
Insert into YUSUNGHO.PRO_CHOICE (CHO_CONTENT,PRO_NUM,CHO_NUM) values ('at which',12,'4');
Insert into YUSUNGHO.PRO_CHOICE (CHO_CONTENT,PRO_NUM,CHO_NUM) values ('Uneducated are',13,'1');
Insert into YUSUNGHO.PRO_CHOICE (CHO_CONTENT,PRO_NUM,CHO_NUM) values ('The uneducated are',13,'2');
Insert into YUSUNGHO.PRO_CHOICE (CHO_CONTENT,PRO_NUM,CHO_NUM) values ('The uneducated is',13,'3');
Insert into YUSUNGHO.PRO_CHOICE (CHO_CONTENT,PRO_NUM,CHO_NUM) values ('The uneducated people',13,'4');
Insert into YUSUNGHO.PRO_CHOICE (CHO_CONTENT,PRO_NUM,CHO_NUM) values ('dilution',14,'1');
Insert into YUSUNGHO.PRO_CHOICE (CHO_CONTENT,PRO_NUM,CHO_NUM) values ('solution',14,'2');
Insert into YUSUNGHO.PRO_CHOICE (CHO_CONTENT,PRO_NUM,CHO_NUM) values ('a solution',14,'3');
Insert into YUSUNGHO.PRO_CHOICE (CHO_CONTENT,PRO_NUM,CHO_NUM) values ('dissolution',14,'4');
Insert into YUSUNGHO.PRO_CHOICE (CHO_CONTENT,PRO_NUM,CHO_NUM) values ('import',15,'1');
Insert into YUSUNGHO.PRO_CHOICE (CHO_CONTENT,PRO_NUM,CHO_NUM) values ('importantly',15,'2');
Insert into YUSUNGHO.PRO_CHOICE (CHO_CONTENT,PRO_NUM,CHO_NUM) values ('important',15,'3');
Insert into YUSUNGHO.PRO_CHOICE (CHO_CONTENT,PRO_NUM,CHO_NUM) values ('importance',15,'4');
Insert into YUSUNGHO.PRO_CHOICE (CHO_CONTENT,PRO_NUM,CHO_NUM) values ('loyalty',16,'1');
Insert into YUSUNGHO.PRO_CHOICE (CHO_CONTENT,PRO_NUM,CHO_NUM) values ('loyalties',16,'2');
Insert into YUSUNGHO.PRO_CHOICE (CHO_CONTENT,PRO_NUM,CHO_NUM) values ('loyal',16,'3');
Insert into YUSUNGHO.PRO_CHOICE (CHO_CONTENT,PRO_NUM,CHO_NUM) values ('loyalism',16,'4');
Insert into YUSUNGHO.PRO_CHOICE (CHO_CONTENT,PRO_NUM,CHO_NUM) values ('hope',17,'1');
Insert into YUSUNGHO.PRO_CHOICE (CHO_CONTENT,PRO_NUM,CHO_NUM) values ('wishing',17,'2');
Insert into YUSUNGHO.PRO_CHOICE (CHO_CONTENT,PRO_NUM,CHO_NUM) values ('wants',17,'3');
Insert into YUSUNGHO.PRO_CHOICE (CHO_CONTENT,PRO_NUM,CHO_NUM) values ('going',17,'4');
Insert into YUSUNGHO.PRO_CHOICE (CHO_CONTENT,PRO_NUM,CHO_NUM) values ('public',18,'1');
Insert into YUSUNGHO.PRO_CHOICE (CHO_CONTENT,PRO_NUM,CHO_NUM) values ('publicity',18,'2');
Insert into YUSUNGHO.PRO_CHOICE (CHO_CONTENT,PRO_NUM,CHO_NUM) values ('publicly',18,'3');
Insert into YUSUNGHO.PRO_CHOICE (CHO_CONTENT,PRO_NUM,CHO_NUM) values ('publicize',18,'4');
Insert into YUSUNGHO.PRO_CHOICE (CHO_CONTENT,PRO_NUM,CHO_NUM) values ('1',20,'1');
Insert into YUSUNGHO.PRO_CHOICE (CHO_CONTENT,PRO_NUM,CHO_NUM) values ('2',20,'2');
Insert into YUSUNGHO.PRO_CHOICE (CHO_CONTENT,PRO_NUM,CHO_NUM) values ('3',20,'3');
Insert into YUSUNGHO.PRO_CHOICE (CHO_CONTENT,PRO_NUM,CHO_NUM) values ('4',20,'4');
Insert into YUSUNGHO.PRO_CHOICE (CHO_CONTENT,PRO_NUM,CHO_NUM) values ('1',21,'1');
Insert into YUSUNGHO.PRO_CHOICE (CHO_CONTENT,PRO_NUM,CHO_NUM) values ('2',21,'2');
Insert into YUSUNGHO.PRO_CHOICE (CHO_CONTENT,PRO_NUM,CHO_NUM) values ('3',21,'3');
Insert into YUSUNGHO.PRO_CHOICE (CHO_CONTENT,PRO_NUM,CHO_NUM) values ('4',21,'4');
REM INSERTING into YUSUNGHO.PRO_COLLECTION
SET DEFINE OFF;
Insert into YUSUNGHO.PRO_COLLECTION (COL_NUM,USER_ID,COL_NAME,COL_TAG,CATEGORY_ID,CATEGORY_NAME,COL_MAXSCORE,COL_DATE) values (1,'kakao-1515179669','문제집','창작','1001','TOEIC','35',null);
Insert into YUSUNGHO.PRO_COLLECTION (COL_NUM,USER_ID,COL_NAME,COL_TAG,CATEGORY_ID,CATEGORY_NAME,COL_MAXSCORE,COL_DATE) values (4,'test123','나의 문제집','창작','1001','TOEIC','10',to_date('20/11/13','RR/MM/DD'));
Insert into YUSUNGHO.PRO_COLLECTION (COL_NUM,USER_ID,COL_NAME,COL_TAG,CATEGORY_ID,CATEGORY_NAME,COL_MAXSCORE,COL_DATE) values (2,'kakao-1515179669','sdf','창작','1001','TOEIC','5',to_date('20/11/12','RR/MM/DD'));
Insert into YUSUNGHO.PRO_COLLECTION (COL_NUM,USER_ID,COL_NAME,COL_TAG,CATEGORY_ID,CATEGORY_NAME,COL_MAXSCORE,COL_DATE) values (3,'test123','test','창작','1001','TOEIC','20',to_date('20/11/13','RR/MM/DD'));
REM INSERTING into YUSUNGHO.PRO_EVAL
SET DEFINE OFF;
Insert into YUSUNGHO.PRO_EVAL (PRO_EVAL_CONTENT,PRO_EVAL_SCORE,USER_ID,PRO_NUM,PRO_EVAL_DATE) values ('<p>나쁘지 않은듯</p>
',7,'kakao-1515179669',16,to_date('20/11/06','RR/MM/DD'));
Insert into YUSUNGHO.PRO_EVAL (PRO_EVAL_CONTENT,PRO_EVAL_SCORE,USER_ID,PRO_NUM,PRO_EVAL_DATE) values (null,6,'kakao-1515179669',18,to_date('20/11/12','RR/MM/DD'));
Insert into YUSUNGHO.PRO_EVAL (PRO_EVAL_CONTENT,PRO_EVAL_SCORE,USER_ID,PRO_NUM,PRO_EVAL_DATE) values (null,5,'test',17,to_date('20/11/09','RR/MM/DD'));
Insert into YUSUNGHO.PRO_EVAL (PRO_EVAL_CONTENT,PRO_EVAL_SCORE,USER_ID,PRO_NUM,PRO_EVAL_DATE) values ('<p>괜찮음</p>
',7,'test',16,to_date('20/11/07','RR/MM/DD'));
Insert into YUSUNGHO.PRO_EVAL (PRO_EVAL_CONTENT,PRO_EVAL_SCORE,USER_ID,PRO_NUM,PRO_EVAL_DATE) values ('개별로임',2,'ㅇㅇ',16,to_date('20/11/06','RR/MM/DD'));
Insert into YUSUNGHO.PRO_EVAL (PRO_EVAL_CONTENT,PRO_EVAL_SCORE,USER_ID,PRO_NUM,PRO_EVAL_DATE) values ('<p>괜찮음</p>
',8,'ㅇㅇㅇ',16,to_date('20/11/06','RR/MM/DD'));
Insert into YUSUNGHO.PRO_EVAL (PRO_EVAL_CONTENT,PRO_EVAL_SCORE,USER_ID,PRO_NUM,PRO_EVAL_DATE) values ('<p>굳</p> <p>진짜좋음</p>',10,'ㅋㅋ',16,to_date('20/11/07','RR/MM/DD'));
Insert into YUSUNGHO.PRO_EVAL (PRO_EVAL_CONTENT,PRO_EVAL_SCORE,USER_ID,PRO_NUM,PRO_EVAL_DATE) values ('<p>좋아요</p>
',7,'test123',18,to_date('20/11/13','RR/MM/DD'));
Insert into YUSUNGHO.PRO_EVAL (PRO_EVAL_CONTENT,PRO_EVAL_SCORE,USER_ID,PRO_NUM,PRO_EVAL_DATE) values ('<p>괜찮아요</p>
',5,'test123',11,to_date('20/11/13','RR/MM/DD'));
REM INSERTING into YUSUNGHO.PRO_TAG
SET DEFINE OFF;
Insert into YUSUNGHO.PRO_TAG (CATEGORY_ID,CATEGORY_NAME,TAG_ID,TAG_NAME,TAG_ISCHOICE) values ('1001','TOEIC','100101','TOEIC 객관식','4');
Insert into YUSUNGHO.PRO_TAG (CATEGORY_ID,CATEGORY_NAME,TAG_ID,TAG_NAME,TAG_ISCHOICE) values ('1001','TOEIC','100102','주관식','N');
REM INSERTING into YUSUNGHO.PROBLEM
SET DEFINE OFF;
Insert into YUSUNGHO.PROBLEM (PRO_NUM,PRO_FIELD,PRO_NAME,PRO_CONTENT,PRO_ANSWER,PRO_COMMENT,CATEGORY_ID,CATEGORY_NAME,TAG_ID,TAG_NAME,TAG_ISCHOICE,USER_ID,PRO_DATE) values (18,'0','문제18','<p>We&nbsp;could&nbsp;call&nbsp;the&nbsp;radio&nbsp;station&nbsp;and&nbsp;___________&nbsp;our&nbsp;charity&nbsp;bazaar.</p>
','4','public은「공공의, 대중의」, publicity는「선전, 공표」, publicly는「공공연히」, 그리고 publicize는「선전하다, 발표하다」라는 뜻이다. 여기에서는 문맥상 동사가 필요하다. ','1001','TOEIC','100101','TOEIC 객관식','4','kakao-1515179669',null);
Insert into YUSUNGHO.PROBLEM (PRO_NUM,PRO_FIELD,PRO_NAME,PRO_CONTENT,PRO_ANSWER,PRO_COMMENT,CATEGORY_ID,CATEGORY_NAME,TAG_ID,TAG_NAME,TAG_ISCHOICE,USER_ID,PRO_DATE) values (17,'0','문제17','<p>They&nbsp;___________&nbsp;to&nbsp;open&nbsp;a&nbsp;branch&nbsp;in&nbsp;New&nbsp;York&nbsp;City&nbsp;next&nbsp;year.</p>
','1','주어가 복수이므로 C는 적합치 않고, be동사가 없으므로 진행형을 만드는 현재분사가 올 수 없다. ','1001','TOEIC','100101','TOEIC 객관식','4','kakao-1515179669',null);
Insert into YUSUNGHO.PROBLEM (PRO_NUM,PRO_FIELD,PRO_NAME,PRO_CONTENT,PRO_ANSWER,PRO_COMMENT,CATEGORY_ID,CATEGORY_NAME,TAG_ID,TAG_NAME,TAG_ISCHOICE,USER_ID,PRO_DATE) values (3,'0','문제3','<p>The&nbsp;highest&nbsp;form&nbsp;of&nbsp;courage&nbsp;is&nbsp;not&nbsp;always&nbsp;_______________&nbsp;exhibited&nbsp;on&nbsp;the&nbsp;battle&nbsp;field.</p>
','3','3','1001','TOEIC','100101','TOEIC 객관식','4','kakao-1515179669',null);
Insert into YUSUNGHO.PROBLEM (PRO_NUM,PRO_FIELD,PRO_NAME,PRO_CONTENT,PRO_ANSWER,PRO_COMMENT,CATEGORY_ID,CATEGORY_NAME,TAG_ID,TAG_NAME,TAG_ISCHOICE,USER_ID,PRO_DATE) values (4,'0','문제4','<p>Health&nbsp;is&nbsp;more&nbsp;valuable&nbsp;than&nbsp;wealth.&nbsp;_______________&nbsp;cannot&nbsp;give&nbsp;such&nbsp;true&nbsp;happiness&nbsp;as&nbsp;that.</p>
','1','1','1001','TOEIC','100101','TOEIC 객관식','4','kakao-1515179669',null);
Insert into YUSUNGHO.PROBLEM (PRO_NUM,PRO_FIELD,PRO_NAME,PRO_CONTENT,PRO_ANSWER,PRO_COMMENT,CATEGORY_ID,CATEGORY_NAME,TAG_ID,TAG_NAME,TAG_ISCHOICE,USER_ID,PRO_DATE) values (5,'0','문제5','<p>This&nbsp;kind&nbsp;of&nbsp;bread&nbsp;is&nbsp;different&nbsp;from&nbsp;_______________&nbsp;.</p>
','2','that kind 대신 쓸 수 있는 말은 that one이다. ','1001','TOEIC','100101','TOEIC 객관식','4','kakao-1515179669',null);
Insert into YUSUNGHO.PROBLEM (PRO_NUM,PRO_FIELD,PRO_NAME,PRO_CONTENT,PRO_ANSWER,PRO_COMMENT,CATEGORY_ID,CATEGORY_NAME,TAG_ID,TAG_NAME,TAG_ISCHOICE,USER_ID,PRO_DATE) values (6,'0','문제6','<p>When&nbsp;inflation&nbsp;is&nbsp;rampant,&nbsp;many&nbsp;families&nbsp;find&nbsp;_____________&nbsp;difficult&nbsp;to&nbsp;maintain&nbsp;the&nbsp;life&nbsp;style&nbsp;to&nbsp;which&nbsp;they&nbsp;are&nbsp;accustomed.</p>
','4','to maintain 이하를 받는 가목적어 it가 필요하다. 이 문장의 주절은 find it difficult to do(~ 하는 것이 어렵다는 것을 알다)의 구문이다. to which they are accustomed는 관계대명사가 이끄는 형용사절로서, which의 선행사는 the life style이고, they는 many families를 받는다. ','1001','TOEIC','100101','TOEIC 객관식','4','kakao-1515179669',null);
Insert into YUSUNGHO.PROBLEM (PRO_NUM,PRO_FIELD,PRO_NAME,PRO_CONTENT,PRO_ANSWER,PRO_COMMENT,CATEGORY_ID,CATEGORY_NAME,TAG_ID,TAG_NAME,TAG_ISCHOICE,USER_ID,PRO_DATE) values (7,'0','문제7','<p>Parents&nbsp;are&nbsp;_______________&nbsp;who&nbsp;we&nbsp;believe&nbsp;ought&nbsp;to&nbsp;insist&nbsp;upon&nbsp;their&nbsp;children&#39;s&nbsp;obeying&nbsp;orders.</p>
','2','이 문장은 Parents are ____.로 끝나는 아주 간단한 문장이다. who we believe ought ~ orders는 모두 밑줄 친 부분에 들어가는 말을 수식하는 관계대명사절이다. 동사가 복수형 are이므로 빈칸에는 복수형 대명사가 와야 하고, 이것은 다시 who이하 형용사절의 수식을 받으므로 the ones가 가장 적합하다. who이하는 who (we believe) ought to ~와 같이 we believe를 삽입어구로 취급하여야 쉽게 이해가 갈 것이다.','1001','TOEIC','100101','TOEIC 객관식','4','kakao-1515179669',null);
Insert into YUSUNGHO.PROBLEM (PRO_NUM,PRO_FIELD,PRO_NAME,PRO_CONTENT,PRO_ANSWER,PRO_COMMENT,CATEGORY_ID,CATEGORY_NAME,TAG_ID,TAG_NAME,TAG_ISCHOICE,USER_ID,PRO_DATE) values (1,'0','문제1','<p>No&nbsp;English&nbsp;writer&nbsp;has&nbsp;written&nbsp;better&nbsp;about&nbsp;_______________&nbsp;than&nbsp;has&nbsp;Dickens.</p>
','2','2','1001','TOEIC','100101','TOEIC 객관식','4','kakao-1515179669',null);
Insert into YUSUNGHO.PROBLEM (PRO_NUM,PRO_FIELD,PRO_NAME,PRO_CONTENT,PRO_ANSWER,PRO_COMMENT,CATEGORY_ID,CATEGORY_NAME,TAG_ID,TAG_NAME,TAG_ISCHOICE,USER_ID,PRO_DATE) values (2,'0','문제2','<p>Dr.&nbsp;Brown&nbsp;was&nbsp;_______________&nbsp;of&nbsp;Foreign&nbsp;Affairs&nbsp;from&nbsp;1991&nbsp;till&nbsp;1996.</p>
','2','2','1001','TOEIC','100101','TOEIC 객관식','4','kakao-1515179669',null);
Insert into YUSUNGHO.PROBLEM (PRO_NUM,PRO_FIELD,PRO_NAME,PRO_CONTENT,PRO_ANSWER,PRO_COMMENT,CATEGORY_ID,CATEGORY_NAME,TAG_ID,TAG_NAME,TAG_ISCHOICE,USER_ID,PRO_DATE) values (8,'0','문제8','<p>In&nbsp;bacteria&nbsp;and&nbsp;in&nbsp;other&nbsp;organisms,&nbsp;_______________&nbsp;the&nbsp;nucleic&nbsp;acid&nbsp;DNA that&nbsp;provides&nbsp;the&nbsp;genetic&nbsp;information.</p>
','2','(A)와 (D)에는 is 앞에 주어가 없고, (C)의 경우는 who의 선행사가 되는 말이 없으므로 문장 구성이 되지 않는다. 이 문장은 주어인 the nucleic acid DNA가 강조된 It is ~ that 강조구문이다. ','1001','TOEIC','100101','TOEIC 객관식','4','kakao-1515179669',null);
Insert into YUSUNGHO.PROBLEM (PRO_NUM,PRO_FIELD,PRO_NAME,PRO_CONTENT,PRO_ANSWER,PRO_COMMENT,CATEGORY_ID,CATEGORY_NAME,TAG_ID,TAG_NAME,TAG_ISCHOICE,USER_ID,PRO_DATE) values (9,'0','문제9','<p>We&nbsp;____________&nbsp;repine,&nbsp;but&nbsp;we&nbsp;may&nbsp;lawfully&nbsp;struggle&nbsp;for&nbsp;a&nbsp;better&nbsp;living.</p>

<p>&nbsp;</p>
','3','의무를 나타내는 「be+to부정사」의 용법이다. to부정사의 부정은 to 앞에 부정어를 붙이면 되므로 「be+to부정사」의 부정형은 「be+not to부정사」의 형태가 된다. ','1001','TOEIC','100101','TOEIC 객관식','4','kakao-1515179669',null);
Insert into YUSUNGHO.PROBLEM (PRO_NUM,PRO_FIELD,PRO_NAME,PRO_CONTENT,PRO_ANSWER,PRO_COMMENT,CATEGORY_ID,CATEGORY_NAME,TAG_ID,TAG_NAME,TAG_ISCHOICE,USER_ID,PRO_DATE) values (10,'0','문제10','<p>We&nbsp;are&nbsp;glad&nbsp;to&nbsp;_______________&nbsp;when&nbsp;you&nbsp;needed&nbsp;our&nbsp;help.</p>

<p>&nbsp;</p>
','4','이 문장에서 when you needed our help(당신이 우리 도움을 필요로 했을 때)라고 과거의 사실을 언급하고 있다. 따라서 완료부정사가 필요하다는 것을 알 수 있다.','1001','TOEIC','100101','TOEIC 객관식','4','kakao-1515179669',null);
Insert into YUSUNGHO.PROBLEM (PRO_NUM,PRO_FIELD,PRO_NAME,PRO_CONTENT,PRO_ANSWER,PRO_COMMENT,CATEGORY_ID,CATEGORY_NAME,TAG_ID,TAG_NAME,TAG_ISCHOICE,USER_ID,PRO_DATE) values (11,'0','문제11','<p>He&nbsp;is&nbsp;wondering&nbsp;_______________&nbsp;a&nbsp;doctor.</p>

<p>&nbsp;</p>

<p>&nbsp;</p>

<p>&nbsp;</p>
','3','부정사의 부정은 to 앞에 not이나 never를 붙이면 된다. ','1001','TOEIC','100101','TOEIC 객관식','4','kakao-1515179669',null);
Insert into YUSUNGHO.PROBLEM (PRO_NUM,PRO_FIELD,PRO_NAME,PRO_CONTENT,PRO_ANSWER,PRO_COMMENT,CATEGORY_ID,CATEGORY_NAME,TAG_ID,TAG_NAME,TAG_ISCHOICE,USER_ID,PRO_DATE) values (13,'0','문제13','<p>&nbsp;&nbsp;_______________&nbsp;more&nbsp;to&nbsp;be&nbsp;pitied&nbsp;than&nbsp;blamed.</p>
','2','주어와 동사가 보이지 않으므로 빈 칸에 주어와 동사가 들어가야 한다. 따라서 (D)는 일단 제외된다. 또「the+형용사」는 복수명사의 의미가 되므로 is가 쓰인 (C)도 정답이 될 수 없다. 나머지 둘 중에서 형용사가 주어로 쓰인 (A)는 명백한 오류이다. 이 문장을 다시 쓰면 The uneducated are more to be pitied than (to be) blamed.가 된다. more A than B (B라기보다는 오히려 A인)구문과「~ 해야 한다」는 당위의 의미를 갖는「be+to 부정사」의 구문이 합쳐진 형태의 구문이다. ','1001','TOEIC','100101','TOEIC 객관식','4','kakao-1515179669',null);
Insert into YUSUNGHO.PROBLEM (PRO_NUM,PRO_FIELD,PRO_NAME,PRO_CONTENT,PRO_ANSWER,PRO_COMMENT,CATEGORY_ID,CATEGORY_NAME,TAG_ID,TAG_NAME,TAG_ISCHOICE,USER_ID,PRO_DATE) values (14,'0','문제14','<p>Can&nbsp;you&nbsp;suggest&nbsp;___________&nbsp;to&nbsp;this&nbsp;problem </p>

<p>&nbsp;</p>
','3','dilution(희석), solution(해결), dissolution(용해, 분해)는 모두 셀 수 없는 명사이다. 문맥 상으로 보아「해결책을 제시하다」는 뜻이 되어야 하므로 solution이 와야 한다. 그러나 solution이「해결책」이라는 뜻이 되면 보통명사화한 것이 되므로 앞에 부정관사가 쓰이거나 복수형이 되어야 한다. ','1001','TOEIC','100101','TOEIC 객관식','4','kakao-1515179669',null);
Insert into YUSUNGHO.PROBLEM (PRO_NUM,PRO_FIELD,PRO_NAME,PRO_CONTENT,PRO_ANSWER,PRO_COMMENT,CATEGORY_ID,CATEGORY_NAME,TAG_ID,TAG_NAME,TAG_ISCHOICE,USER_ID,PRO_DATE) values (15,'0','문제15','<p>Capital&nbsp;and&nbsp;labor&nbsp;are&nbsp;of&nbsp;equal&nbsp;___________&nbsp;in&nbsp;the&nbsp;modern&nbsp;corporation.</p>
','1','여기에서는「of+추상명사」가 형용사적 의미를 갖는 용법을 알고 있으면 된다. 즉 of equal 다음에 명사 importance가 오면 된다. equal은 다음에 오는 importance를 수식하는 형용사이다. of equal importance는 equally important의 뜻이 된다.','1001','TOEIC','100101','TOEIC 객관식','4','kakao-1515179669',null);
Insert into YUSUNGHO.PROBLEM (PRO_NUM,PRO_FIELD,PRO_NAME,PRO_CONTENT,PRO_ANSWER,PRO_COMMENT,CATEGORY_ID,CATEGORY_NAME,TAG_ID,TAG_NAME,TAG_ISCHOICE,USER_ID,PRO_DATE) values (16,'0','문제16','<p>His&nbsp;character&nbsp;was&nbsp;all&nbsp;___________&nbsp;and&nbsp;patriotism,&nbsp;and&nbsp;the&nbsp;will&nbsp;and&nbsp;effort&nbsp;to&nbsp;promote&nbsp;the&nbsp;welfare&nbsp;of&nbsp;the&nbsp;state&nbsp;was&nbsp;his&nbsp;true&nbsp;ideal.</p>
','1','「all+추상명사」가 「very+형용사」의 의미를 갖는다는 것을 이해하고 있는지가 문제 풀이의 관건이 된다. 「충성, 충의」라는 뜻의 낱말은 loyalty이므로, all loyalty and patriotism은 very loyal and patriotic(아주 충직하고 애국적인)의 뜻이 된다. to promote the welfare of the state는 부정사가 이끄는 형용사구로서, 두번째 문장의 주어인 the will and effort를 수식하고 있다. ','1001','TOEIC','100101','TOEIC 객관식','4','kakao-1515179669',null);
Insert into YUSUNGHO.PROBLEM (PRO_NUM,PRO_FIELD,PRO_NAME,PRO_CONTENT,PRO_ANSWER,PRO_COMMENT,CATEGORY_ID,CATEGORY_NAME,TAG_ID,TAG_NAME,TAG_ISCHOICE,USER_ID,PRO_DATE) values (21,'0','테스트문제','<p>테스트</p>
','2','해설','1001','TOEIC','100101','TOEIC 객관식','4','test123',to_date('20/11/13','RR/MM/DD'));
Insert into YUSUNGHO.PROBLEM (PRO_NUM,PRO_FIELD,PRO_NAME,PRO_CONTENT,PRO_ANSWER,PRO_COMMENT,CATEGORY_ID,CATEGORY_NAME,TAG_ID,TAG_NAME,TAG_ISCHOICE,USER_ID,PRO_DATE) values (19,'0','dsf','<p>sdfds</p>
','sdf','sdfsdf','1001','TOEIC','100102','주관식','N','kakao-1515179669',to_date('20/11/12','RR/MM/DD'));
Insert into YUSUNGHO.PROBLEM (PRO_NUM,PRO_FIELD,PRO_NAME,PRO_CONTENT,PRO_ANSWER,PRO_COMMENT,CATEGORY_ID,CATEGORY_NAME,TAG_ID,TAG_NAME,TAG_ISCHOICE,USER_ID,PRO_DATE) values (20,'0','테스트문제','<p>테스트입니다.</p>

<p>&nbsp;</p>

<p>답은 1</p>
','1','1','1001','TOEIC','100101','TOEIC 객관식','4','test123',to_date('20/11/13','RR/MM/DD'));
REM INSERTING into YUSUNGHO.SCORE
SET DEFINE OFF;
Insert into YUSUNGHO.SCORE (SCORE_CONTENT,SCORE_DATE,SCORE_POINT,USER_ID,CATEGORY_ID,PRO_NUM,COL_NUM,SCORE_EVAL_USER_ID) values ('문제제작',to_date('20/11/13','RR/MM/DD'),5,'test123','1001','20',null,null);
Insert into YUSUNGHO.SCORE (SCORE_CONTENT,SCORE_DATE,SCORE_POINT,USER_ID,CATEGORY_ID,PRO_NUM,COL_NUM,SCORE_EVAL_USER_ID) values ('문제집제작',to_date('20/11/13','RR/MM/DD'),5,'test123','1001',null,'3',null);
Insert into YUSUNGHO.SCORE (SCORE_CONTENT,SCORE_DATE,SCORE_POINT,USER_ID,CATEGORY_ID,PRO_NUM,COL_NUM,SCORE_EVAL_USER_ID) values ('평가',to_date('20/11/13','RR/MM/DD'),4,'kakao-1515179669','1001','18',null,'test123');
Insert into YUSUNGHO.SCORE (SCORE_CONTENT,SCORE_DATE,SCORE_POINT,USER_ID,CATEGORY_ID,PRO_NUM,COL_NUM,SCORE_EVAL_USER_ID) values ('평가',to_date('20/11/12','RR/MM/DD'),3,'kakao-1515179669','1001','18',null,'kakao-1515179669');
Insert into YUSUNGHO.SCORE (SCORE_CONTENT,SCORE_DATE,SCORE_POINT,USER_ID,CATEGORY_ID,PRO_NUM,COL_NUM,SCORE_EVAL_USER_ID) values ('평가',to_date('20/11/13','RR/MM/DD'),5,'kakao-1515179669','1001','18',null,'123213');
Insert into YUSUNGHO.SCORE (SCORE_CONTENT,SCORE_DATE,SCORE_POINT,USER_ID,CATEGORY_ID,PRO_NUM,COL_NUM,SCORE_EVAL_USER_ID) values ('평가',to_date('20/11/13','RR/MM/DD'),5,'cirno999','1001','16',null,'123');
Insert into YUSUNGHO.SCORE (SCORE_CONTENT,SCORE_DATE,SCORE_POINT,USER_ID,CATEGORY_ID,PRO_NUM,COL_NUM,SCORE_EVAL_USER_ID) values ('평가',to_date('20/11/13','RR/MM/DD'),3,'manager','1001','15',null,null);
Insert into YUSUNGHO.SCORE (SCORE_CONTENT,SCORE_DATE,SCORE_POINT,USER_ID,CATEGORY_ID,PRO_NUM,COL_NUM,SCORE_EVAL_USER_ID) values ('문제제작',to_date('20/11/13','RR/MM/DD'),5,'test123','1001','21',null,null);
Insert into YUSUNGHO.SCORE (SCORE_CONTENT,SCORE_DATE,SCORE_POINT,USER_ID,CATEGORY_ID,PRO_NUM,COL_NUM,SCORE_EVAL_USER_ID) values ('문제집제작',to_date('20/11/13','RR/MM/DD'),5,'test123','1001',null,'4',null);
Insert into YUSUNGHO.SCORE (SCORE_CONTENT,SCORE_DATE,SCORE_POINT,USER_ID,CATEGORY_ID,PRO_NUM,COL_NUM,SCORE_EVAL_USER_ID) values ('평가',to_date('20/11/13','RR/MM/DD'),2,'kakao-1515179669','1001','11',null,'test123');
REM INSERTING into YUSUNGHO.STUDENT
SET DEFINE OFF;
REM INSERTING into YUSUNGHO.USER_PRO_HISTORY
SET DEFINE OFF;
Insert into YUSUNGHO.USER_PRO_HISTORY (HISTORY_ANSWER,USER_ID,PRO_NUM,HISTORY_DATE,HISTORY_OX) values ('3','kakao-1515179669',10,'2020.11.05 10:47:09:06','false');
Insert into YUSUNGHO.USER_PRO_HISTORY (HISTORY_ANSWER,USER_ID,PRO_NUM,HISTORY_DATE,HISTORY_OX) values ('3','kakao-1515179669',10,'2020.11.05 10:47:14:60','false');
Insert into YUSUNGHO.USER_PRO_HISTORY (HISTORY_ANSWER,USER_ID,PRO_NUM,HISTORY_DATE,HISTORY_OX) values ('1','kakao-1515179669',10,'2020.11.05 10:47:16:96','false');
Insert into YUSUNGHO.USER_PRO_HISTORY (HISTORY_ANSWER,USER_ID,PRO_NUM,HISTORY_DATE,HISTORY_OX) values ('4','kakao-1515179669',10,'2020.11.05 10:47:18:96','true');
Insert into YUSUNGHO.USER_PRO_HISTORY (HISTORY_ANSWER,USER_ID,PRO_NUM,HISTORY_DATE,HISTORY_OX) values ('2','kakao-1515179669',17,'2020.11.05 14:18:37:29','false');
Insert into YUSUNGHO.USER_PRO_HISTORY (HISTORY_ANSWER,USER_ID,PRO_NUM,HISTORY_DATE,HISTORY_OX) values ('4','kakao-1515179669',18,'2020.11.05 16:15:26:03','true');
Insert into YUSUNGHO.USER_PRO_HISTORY (HISTORY_ANSWER,USER_ID,PRO_NUM,HISTORY_DATE,HISTORY_OX) values ('4','kakao-1515179669',18,'2020.11.05 16:15:42:61','true');
Insert into YUSUNGHO.USER_PRO_HISTORY (HISTORY_ANSWER,USER_ID,PRO_NUM,HISTORY_DATE,HISTORY_OX) values ('4','kakao-1515179669',18,'2020.11.05 16:26:17:98','true');
Insert into YUSUNGHO.USER_PRO_HISTORY (HISTORY_ANSWER,USER_ID,PRO_NUM,HISTORY_DATE,HISTORY_OX) values ('4','kakao-1515179669',18,'2020.11.05 16:27:41:44','true');
Insert into YUSUNGHO.USER_PRO_HISTORY (HISTORY_ANSWER,USER_ID,PRO_NUM,HISTORY_DATE,HISTORY_OX) values ('4','kakao-1515179669',18,'2020.11.05 16:29:15:59','true');
Insert into YUSUNGHO.USER_PRO_HISTORY (HISTORY_ANSWER,USER_ID,PRO_NUM,HISTORY_DATE,HISTORY_OX) values ('3','kakao-1515179669',16,'2020.11.05 16:37:39:10','false');
Insert into YUSUNGHO.USER_PRO_HISTORY (HISTORY_ANSWER,USER_ID,PRO_NUM,HISTORY_DATE,HISTORY_OX) values ('1','kakao-1515179669',16,'2020.11.05 16:37:41:84','true');
Insert into YUSUNGHO.USER_PRO_HISTORY (HISTORY_ANSWER,USER_ID,PRO_NUM,HISTORY_DATE,HISTORY_OX) values ('2','kakao-1515179669',16,'2020.11.05 18:04:35:04','false');
Insert into YUSUNGHO.USER_PRO_HISTORY (HISTORY_ANSWER,USER_ID,PRO_NUM,HISTORY_DATE,HISTORY_OX) values ('1','kakao-1515179669',16,'2020.11.05 18:04:39:84','true');
Insert into YUSUNGHO.USER_PRO_HISTORY (HISTORY_ANSWER,USER_ID,PRO_NUM,HISTORY_DATE,HISTORY_OX) values ('2','kakao-1515179669',16,'2020.11.06 16:40:33:16','false');
Insert into YUSUNGHO.USER_PRO_HISTORY (HISTORY_ANSWER,USER_ID,PRO_NUM,HISTORY_DATE,HISTORY_OX) values ('1','kakao-1515179669',16,'2020.11.06 16:40:37:41','true');
Insert into YUSUNGHO.USER_PRO_HISTORY (HISTORY_ANSWER,USER_ID,PRO_NUM,HISTORY_DATE,HISTORY_OX) values ('2','kakao-1515179669',10,'2020.11.05 10:46:51:84','false');
Insert into YUSUNGHO.USER_PRO_HISTORY (HISTORY_ANSWER,USER_ID,PRO_NUM,HISTORY_DATE,HISTORY_OX) values ('1','kakao-1515179669',10,'2020.11.05 10:47:03:18','false');
Insert into YUSUNGHO.USER_PRO_HISTORY (HISTORY_ANSWER,USER_ID,PRO_NUM,HISTORY_DATE,HISTORY_OX) values ('1','kakao-1515179669',13,'2020.11.07 13:44:35:66','false');
Insert into YUSUNGHO.USER_PRO_HISTORY (HISTORY_ANSWER,USER_ID,PRO_NUM,HISTORY_DATE,HISTORY_OX) values ('2','kakao-1515179669',10,'2020.11.09 00:07:05:21','false');
Insert into YUSUNGHO.USER_PRO_HISTORY (HISTORY_ANSWER,USER_ID,PRO_NUM,HISTORY_DATE,HISTORY_OX) values ('1','kakao-1515179669',10,'2020.11.09 00:07:13:11','false');
Insert into YUSUNGHO.USER_PRO_HISTORY (HISTORY_ANSWER,USER_ID,PRO_NUM,HISTORY_DATE,HISTORY_OX) values ('2','kakao-1515179669',10,'2020.11.09 00:07:15:80','false');
Insert into YUSUNGHO.USER_PRO_HISTORY (HISTORY_ANSWER,USER_ID,PRO_NUM,HISTORY_DATE,HISTORY_OX) values ('3','kakao-1515179669',10,'2020.11.09 00:07:18:24','false');
Insert into YUSUNGHO.USER_PRO_HISTORY (HISTORY_ANSWER,USER_ID,PRO_NUM,HISTORY_DATE,HISTORY_OX) values ('4','kakao-1515179669',10,'2020.11.09 00:07:20:32','true');
Insert into YUSUNGHO.USER_PRO_HISTORY (HISTORY_ANSWER,USER_ID,PRO_NUM,HISTORY_DATE,HISTORY_OX) values ('1','kakao-1515179669',18,'2020.11.09 01:21:21:43','false');
Insert into YUSUNGHO.USER_PRO_HISTORY (HISTORY_ANSWER,USER_ID,PRO_NUM,HISTORY_DATE,HISTORY_OX) values ('2','kakao-1515179669',18,'2020.11.09 01:21:23:98','false');
Insert into YUSUNGHO.USER_PRO_HISTORY (HISTORY_ANSWER,USER_ID,PRO_NUM,HISTORY_DATE,HISTORY_OX) values ('1','kakao-1515179669',17,'2020.11.09 01:23:23:99','true');
Insert into YUSUNGHO.USER_PRO_HISTORY (HISTORY_ANSWER,USER_ID,PRO_NUM,HISTORY_DATE,HISTORY_OX) values ('2','kakao-1515179669',17,'2020.11.09 01:23:32:26','false');
Insert into YUSUNGHO.USER_PRO_HISTORY (HISTORY_ANSWER,USER_ID,PRO_NUM,HISTORY_DATE,HISTORY_OX) values ('2','kakao-1515179669',18,'2020.11.09 01:51:14:33','false');
Insert into YUSUNGHO.USER_PRO_HISTORY (HISTORY_ANSWER,USER_ID,PRO_NUM,HISTORY_DATE,HISTORY_OX) values ('1','kakao-1515179669',18,'2020.11.09 01:51:26:04','false');
Insert into YUSUNGHO.USER_PRO_HISTORY (HISTORY_ANSWER,USER_ID,PRO_NUM,HISTORY_DATE,HISTORY_OX) values ('3','kakao-1515179669',18,'2020.11.09 01:51:28:43','false');
Insert into YUSUNGHO.USER_PRO_HISTORY (HISTORY_ANSWER,USER_ID,PRO_NUM,HISTORY_DATE,HISTORY_OX) values ('4','kakao-1515179669',18,'2020.11.09 01:51:30:69','true');
Insert into YUSUNGHO.USER_PRO_HISTORY (HISTORY_ANSWER,USER_ID,PRO_NUM,HISTORY_DATE,HISTORY_OX) values ('4','kakao-1515179669',18,'2020.11.09 01:53:11:41','true');
Insert into YUSUNGHO.USER_PRO_HISTORY (HISTORY_ANSWER,USER_ID,PRO_NUM,HISTORY_DATE,HISTORY_OX) values ('4','kakao-1515179669',18,'2020.11.09 01:53:33:97','true');
Insert into YUSUNGHO.USER_PRO_HISTORY (HISTORY_ANSWER,USER_ID,PRO_NUM,HISTORY_DATE,HISTORY_OX) values ('4','kakao-1515179669',18,'2020.11.09 01:54:28:22','true');
Insert into YUSUNGHO.USER_PRO_HISTORY (HISTORY_ANSWER,USER_ID,PRO_NUM,HISTORY_DATE,HISTORY_OX) values ('1','kakao-1515179669',18,'2020.11.09 02:02:00:96','false');
Insert into YUSUNGHO.USER_PRO_HISTORY (HISTORY_ANSWER,USER_ID,PRO_NUM,HISTORY_DATE,HISTORY_OX) values ('1','kakao-1515179669',18,'2020.11.09 02:04:08:57','false');
Insert into YUSUNGHO.USER_PRO_HISTORY (HISTORY_ANSWER,USER_ID,PRO_NUM,HISTORY_DATE,HISTORY_OX) values ('1','kakao-1515179669',18,'2020.11.09 02:04:09:17','false');
Insert into YUSUNGHO.USER_PRO_HISTORY (HISTORY_ANSWER,USER_ID,PRO_NUM,HISTORY_DATE,HISTORY_OX) values ('1','kakao-1515179669',18,'2020.11.09 02:04:09:39','false');
Insert into YUSUNGHO.USER_PRO_HISTORY (HISTORY_ANSWER,USER_ID,PRO_NUM,HISTORY_DATE,HISTORY_OX) values ('2','kakao-1515179669',15,'2020.11.09 02:10:20:99','false');
Insert into YUSUNGHO.USER_PRO_HISTORY (HISTORY_ANSWER,USER_ID,PRO_NUM,HISTORY_DATE,HISTORY_OX) values ('3','kakao-1515179669',15,'2020.11.09 02:10:29:08','false');
Insert into YUSUNGHO.USER_PRO_HISTORY (HISTORY_ANSWER,USER_ID,PRO_NUM,HISTORY_DATE,HISTORY_OX) values ('3','kakao-1515179669',15,'2020.11.09 02:10:47:90','false');
Insert into YUSUNGHO.USER_PRO_HISTORY (HISTORY_ANSWER,USER_ID,PRO_NUM,HISTORY_DATE,HISTORY_OX) values ('3','kakao-1515179669',15,'2020.11.09 02:10:56:64','false');
Insert into YUSUNGHO.USER_PRO_HISTORY (HISTORY_ANSWER,USER_ID,PRO_NUM,HISTORY_DATE,HISTORY_OX) values ('4','kakao-1515179669',15,'2020.11.09 02:11:00:42','false');
Insert into YUSUNGHO.USER_PRO_HISTORY (HISTORY_ANSWER,USER_ID,PRO_NUM,HISTORY_DATE,HISTORY_OX) values ('2','kakao-1515179669',15,'2020.11.09 02:11:02:61','false');
Insert into YUSUNGHO.USER_PRO_HISTORY (HISTORY_ANSWER,USER_ID,PRO_NUM,HISTORY_DATE,HISTORY_OX) values ('1','kakao-1515179669',15,'2020.11.09 02:11:05:30','true');
Insert into YUSUNGHO.USER_PRO_HISTORY (HISTORY_ANSWER,USER_ID,PRO_NUM,HISTORY_DATE,HISTORY_OX) values ('3','kakao-1515179669',14,'2020.11.09 02:11:33:01','true');
Insert into YUSUNGHO.USER_PRO_HISTORY (HISTORY_ANSWER,USER_ID,PRO_NUM,HISTORY_DATE,HISTORY_OX) values ('3','kakao-1515179669',14,'2020.11.09 02:13:00:29','true');
Insert into YUSUNGHO.USER_PRO_HISTORY (HISTORY_ANSWER,USER_ID,PRO_NUM,HISTORY_DATE,HISTORY_OX) values ('2','kakao-1515179669',11,'2020.11.09 02:13:04:31','false');
Insert into YUSUNGHO.USER_PRO_HISTORY (HISTORY_ANSWER,USER_ID,PRO_NUM,HISTORY_DATE,HISTORY_OX) values ('2','kakao-1515179669',13,'2020.11.09 03:17:00:00','true');
Insert into YUSUNGHO.USER_PRO_HISTORY (HISTORY_ANSWER,USER_ID,PRO_NUM,HISTORY_DATE,HISTORY_OX) values ('2','kakao-1515179669',13,'2020.11.09 03:17:04:33','true');
Insert into YUSUNGHO.USER_PRO_HISTORY (HISTORY_ANSWER,USER_ID,PRO_NUM,HISTORY_DATE,HISTORY_OX) values ('2','kakao-1515179669',18,'2020.11.09 03:35:40:45','false');
Insert into YUSUNGHO.USER_PRO_HISTORY (HISTORY_ANSWER,USER_ID,PRO_NUM,HISTORY_DATE,HISTORY_OX) values ('2','kakao-1515179669',18,'2020.11.09 03:36:41:88','false');
Insert into YUSUNGHO.USER_PRO_HISTORY (HISTORY_ANSWER,USER_ID,PRO_NUM,HISTORY_DATE,HISTORY_OX) values ('2','kakao-1515179669',18,'2020.11.09 09:37:05:31','false');
Insert into YUSUNGHO.USER_PRO_HISTORY (HISTORY_ANSWER,USER_ID,PRO_NUM,HISTORY_DATE,HISTORY_OX) values ('2','kakao-1515179669',18,'2020.11.09 09:54:35:23','false');
Insert into YUSUNGHO.USER_PRO_HISTORY (HISTORY_ANSWER,USER_ID,PRO_NUM,HISTORY_DATE,HISTORY_OX) values ('1','kakao-1515179669',18,'2020.11.09 09:54:39:23','false');
Insert into YUSUNGHO.USER_PRO_HISTORY (HISTORY_ANSWER,USER_ID,PRO_NUM,HISTORY_DATE,HISTORY_OX) values ('1','kakao-1515179669',17,'2020.11.09 10:17:41:06','true');
Insert into YUSUNGHO.USER_PRO_HISTORY (HISTORY_ANSWER,USER_ID,PRO_NUM,HISTORY_DATE,HISTORY_OX) values ('1','kakao-1515179669',16,'2020.11.09 10:21:49:00','true');
Insert into YUSUNGHO.USER_PRO_HISTORY (HISTORY_ANSWER,USER_ID,PRO_NUM,HISTORY_DATE,HISTORY_OX) values ('2','kakao-1515179669',18,'2020.11.09 11:32:18:05','false');
Insert into YUSUNGHO.USER_PRO_HISTORY (HISTORY_ANSWER,USER_ID,PRO_NUM,HISTORY_DATE,HISTORY_OX) values ('3','kakao-1515179669',18,'2020.11.09 11:32:20:71','false');
Insert into YUSUNGHO.USER_PRO_HISTORY (HISTORY_ANSWER,USER_ID,PRO_NUM,HISTORY_DATE,HISTORY_OX) values ('4','kakao-1515179669',18,'2020.11.09 11:32:22:65','true');
Insert into YUSUNGHO.USER_PRO_HISTORY (HISTORY_ANSWER,USER_ID,PRO_NUM,HISTORY_DATE,HISTORY_OX) values ('3','kakao-1515179669',13,'2020.11.09 11:32:29:54','false');
Insert into YUSUNGHO.USER_PRO_HISTORY (HISTORY_ANSWER,USER_ID,PRO_NUM,HISTORY_DATE,HISTORY_OX) values ('4','kakao-1515179669',13,'2020.11.09 11:32:31:43','false');
Insert into YUSUNGHO.USER_PRO_HISTORY (HISTORY_ANSWER,USER_ID,PRO_NUM,HISTORY_DATE,HISTORY_OX) values ('1','kakao-1515179669',13,'2020.11.09 11:32:35:03','false');
Insert into YUSUNGHO.USER_PRO_HISTORY (HISTORY_ANSWER,USER_ID,PRO_NUM,HISTORY_DATE,HISTORY_OX) values ('2','kakao-1515179669',15,'2020.11.09 11:34:47:60','false');
Insert into YUSUNGHO.USER_PRO_HISTORY (HISTORY_ANSWER,USER_ID,PRO_NUM,HISTORY_DATE,HISTORY_OX) values ('2','kakao-1515179669',15,'2020.11.09 11:34:52:16','false');
Insert into YUSUNGHO.USER_PRO_HISTORY (HISTORY_ANSWER,USER_ID,PRO_NUM,HISTORY_DATE,HISTORY_OX) values ('1','kakao-1515179669',15,'2020.11.09 11:34:57:92','true');
Insert into YUSUNGHO.USER_PRO_HISTORY (HISTORY_ANSWER,USER_ID,PRO_NUM,HISTORY_DATE,HISTORY_OX) values ('1','kakao-1515179669',16,'2020.11.09 11:57:14:27','true');
Insert into YUSUNGHO.USER_PRO_HISTORY (HISTORY_ANSWER,USER_ID,PRO_NUM,HISTORY_DATE,HISTORY_OX) values ('4','kakao-1515179669',4,'2020.11.09 13:00:07:65','false');
Insert into YUSUNGHO.USER_PRO_HISTORY (HISTORY_ANSWER,USER_ID,PRO_NUM,HISTORY_DATE,HISTORY_OX) values ('1','kakao-1515179669',16,'2020.11.09 13:03:29:62','true');
Insert into YUSUNGHO.USER_PRO_HISTORY (HISTORY_ANSWER,USER_ID,PRO_NUM,HISTORY_DATE,HISTORY_OX) values ('3','kakao-1515179669',14,'2020.11.09 13:47:06:93','true');
Insert into YUSUNGHO.USER_PRO_HISTORY (HISTORY_ANSWER,USER_ID,PRO_NUM,HISTORY_DATE,HISTORY_OX) values ('1','kakao-1515179669',13,'2020.11.09 14:00:03:52','false');
Insert into YUSUNGHO.USER_PRO_HISTORY (HISTORY_ANSWER,USER_ID,PRO_NUM,HISTORY_DATE,HISTORY_OX) values ('3','kakao-1515179669',13,'2020.11.09 14:00:05:90','false');
Insert into YUSUNGHO.USER_PRO_HISTORY (HISTORY_ANSWER,USER_ID,PRO_NUM,HISTORY_DATE,HISTORY_OX) values ('1','kakao-1515179669',18,'2020.11.09 15:12:30:06','false');
Insert into YUSUNGHO.USER_PRO_HISTORY (HISTORY_ANSWER,USER_ID,PRO_NUM,HISTORY_DATE,HISTORY_OX) values ('2','kakao-1515179669',18,'2020.11.09 15:12:34:38','false');
Insert into YUSUNGHO.USER_PRO_HISTORY (HISTORY_ANSWER,USER_ID,PRO_NUM,HISTORY_DATE,HISTORY_OX) values ('1','kakao-1515179669',18,'2020.11.09 15:12:38:65','false');
Insert into YUSUNGHO.USER_PRO_HISTORY (HISTORY_ANSWER,USER_ID,PRO_NUM,HISTORY_DATE,HISTORY_OX) values ('3','kakao-1515179669',18,'2020.11.09 15:12:42:05','false');
Insert into YUSUNGHO.USER_PRO_HISTORY (HISTORY_ANSWER,USER_ID,PRO_NUM,HISTORY_DATE,HISTORY_OX) values ('4','kakao-1515179669',18,'2020.11.09 15:12:44:58','true');
Insert into YUSUNGHO.USER_PRO_HISTORY (HISTORY_ANSWER,USER_ID,PRO_NUM,HISTORY_DATE,HISTORY_OX) values ('1','test',17,'2020.11.09 15:23:30:93','true');
Insert into YUSUNGHO.USER_PRO_HISTORY (HISTORY_ANSWER,USER_ID,PRO_NUM,HISTORY_DATE,HISTORY_OX) values ('4','kakao-1515179669',18,'2020.11.11 11:20:32:60','true');
Insert into YUSUNGHO.USER_PRO_HISTORY (HISTORY_ANSWER,USER_ID,PRO_NUM,HISTORY_DATE,HISTORY_OX) values ('2','kakao-1515179669',14,'2020.11.11 15:03:29:28','false');
Insert into YUSUNGHO.USER_PRO_HISTORY (HISTORY_ANSWER,USER_ID,PRO_NUM,HISTORY_DATE,HISTORY_OX) values ('4','kakao-1515179669',18,'2020.11.12 15:20:38:94','true');
Insert into YUSUNGHO.USER_PRO_HISTORY (HISTORY_ANSWER,USER_ID,PRO_NUM,HISTORY_DATE,HISTORY_OX) values ('4','kakao-1515179669',18,'2020.11.12 15:25:35:59','true');
Insert into YUSUNGHO.USER_PRO_HISTORY (HISTORY_ANSWER,USER_ID,PRO_NUM,HISTORY_DATE,HISTORY_OX) values ('4','kakao-1515179669',18,'2020.11.12 15:28:55:23','true');
Insert into YUSUNGHO.USER_PRO_HISTORY (HISTORY_ANSWER,USER_ID,PRO_NUM,HISTORY_DATE,HISTORY_OX) values ('4','kakao-1515179669',18,'2020.11.12 15:30:32:69','true');
Insert into YUSUNGHO.USER_PRO_HISTORY (HISTORY_ANSWER,USER_ID,PRO_NUM,HISTORY_DATE,HISTORY_OX) values ('4','kakao-1515179669',18,'2020.11.12 15:32:21:71','true');
Insert into YUSUNGHO.USER_PRO_HISTORY (HISTORY_ANSWER,USER_ID,PRO_NUM,HISTORY_DATE,HISTORY_OX) values ('4','kakao-1515179669',18,'2020.11.12 15:33:57:07','true');
Insert into YUSUNGHO.USER_PRO_HISTORY (HISTORY_ANSWER,USER_ID,PRO_NUM,HISTORY_DATE,HISTORY_OX) values ('4','kakao-1515179669',18,'2020.11.12 15:35:34:76','true');
Insert into YUSUNGHO.USER_PRO_HISTORY (HISTORY_ANSWER,USER_ID,PRO_NUM,HISTORY_DATE,HISTORY_OX) values ('4','kakao-1515179669',18,'2020.11.12 15:36:43:39','true');
Insert into YUSUNGHO.USER_PRO_HISTORY (HISTORY_ANSWER,USER_ID,PRO_NUM,HISTORY_DATE,HISTORY_OX) values ('4','kakao-1515179669',18,'2020.11.12 15:38:07:10','true');
Insert into YUSUNGHO.USER_PRO_HISTORY (HISTORY_ANSWER,USER_ID,PRO_NUM,HISTORY_DATE,HISTORY_OX) values ('4','kakao-1515179669',18,'2020.11.12 15:46:32:11','true');
Insert into YUSUNGHO.USER_PRO_HISTORY (HISTORY_ANSWER,USER_ID,PRO_NUM,HISTORY_DATE,HISTORY_OX) values ('4','kakao-1515179669',18,'2020.11.12 15:54:12:94','true');
Insert into YUSUNGHO.USER_PRO_HISTORY (HISTORY_ANSWER,USER_ID,PRO_NUM,HISTORY_DATE,HISTORY_OX) values ('4','kakao-1515179669',18,'2020.11.12 15:55:08:43','true');
Insert into YUSUNGHO.USER_PRO_HISTORY (HISTORY_ANSWER,USER_ID,PRO_NUM,HISTORY_DATE,HISTORY_OX) values ('4','kakao-1515179669',18,'2020.11.12 15:55:38:98','true');
Insert into YUSUNGHO.USER_PRO_HISTORY (HISTORY_ANSWER,USER_ID,PRO_NUM,HISTORY_DATE,HISTORY_OX) values ('4','kakao-1515179669',18,'2020.11.12 15:56:46:42','true');
Insert into YUSUNGHO.USER_PRO_HISTORY (HISTORY_ANSWER,USER_ID,PRO_NUM,HISTORY_DATE,HISTORY_OX) values ('4','kakao-1515179669',18,'2020.11.12 15:58:27:65','true');
Insert into YUSUNGHO.USER_PRO_HISTORY (HISTORY_ANSWER,USER_ID,PRO_NUM,HISTORY_DATE,HISTORY_OX) values ('4','kakao-1515179669',18,'2020.11.12 15:58:39:85','true');
Insert into YUSUNGHO.USER_PRO_HISTORY (HISTORY_ANSWER,USER_ID,PRO_NUM,HISTORY_DATE,HISTORY_OX) values ('2','kakao-1515179669',18,'2020.11.12 16:10:07:28','false');
Insert into YUSUNGHO.USER_PRO_HISTORY (HISTORY_ANSWER,USER_ID,PRO_NUM,HISTORY_DATE,HISTORY_OX) values ('1','kakao-1515179669',18,'2020.11.12 16:10:10:57','false');
Insert into YUSUNGHO.USER_PRO_HISTORY (HISTORY_ANSWER,USER_ID,PRO_NUM,HISTORY_DATE,HISTORY_OX) values ('3','kakao-1515179669',18,'2020.11.12 16:10:13:32','false');
Insert into YUSUNGHO.USER_PRO_HISTORY (HISTORY_ANSWER,USER_ID,PRO_NUM,HISTORY_DATE,HISTORY_OX) values ('4','kakao-1515179669',18,'2020.11.12 16:18:48:29','true');
Insert into YUSUNGHO.USER_PRO_HISTORY (HISTORY_ANSWER,USER_ID,PRO_NUM,HISTORY_DATE,HISTORY_OX) values ('1','kakao-1515179669',18,'2020.11.13 14:00:59:62','false');
Insert into YUSUNGHO.USER_PRO_HISTORY (HISTORY_ANSWER,USER_ID,PRO_NUM,HISTORY_DATE,HISTORY_OX) values ('4','kakao-1515179669',18,'2020.11.13 14:01:09:35','true');
Insert into YUSUNGHO.USER_PRO_HISTORY (HISTORY_ANSWER,USER_ID,PRO_NUM,HISTORY_DATE,HISTORY_OX) values ('2','test123',18,'2020.11.13 14:50:56:80','false');
Insert into YUSUNGHO.USER_PRO_HISTORY (HISTORY_ANSWER,USER_ID,PRO_NUM,HISTORY_DATE,HISTORY_OX) values ('4','test123',18,'2020.11.13 14:51:10:93','true');
Insert into YUSUNGHO.USER_PRO_HISTORY (HISTORY_ANSWER,USER_ID,PRO_NUM,HISTORY_DATE,HISTORY_OX) values ('2','test123',11,'2020.11.13 16:21:55:60','false');
Insert into YUSUNGHO.USER_PRO_HISTORY (HISTORY_ANSWER,USER_ID,PRO_NUM,HISTORY_DATE,HISTORY_OX) values ('3','test123',11,'2020.11.13 16:22:11:34','true');
REM INSERTING into YUSUNGHO.USER_PRO_LIST
SET DEFINE OFF;
REM INSERTING into YUSUNGHO.USER_TABLE
SET DEFINE OFF;
Insert into YUSUNGHO.USER_TABLE (USER_ID,USER_PW,USER_TYPE,USER_EMAIL,USER_PHONE,USER_NICKNAME,USER_SIGNDATE,USER_ENABLE,USER_AUTHKEY,USER_IMAGE) values ('cirno999','{bcrypt}$2a$10$saS3x6VYNyo2f1kzWG2yY.mpjRs92zuHMwMCLwYzbzRYfXcgUPD2G','ROLE_USER','ryusungho@naver.com','test_phonenum','토익공부',to_date('20/11/13','RR/MM/DD'),'1','203480','noimage.png');
Insert into YUSUNGHO.USER_TABLE (USER_ID,USER_PW,USER_TYPE,USER_EMAIL,USER_PHONE,USER_NICKNAME,USER_SIGNDATE,USER_ENABLE,USER_AUTHKEY,USER_IMAGE) values ('kakao-1515179669','{bcrpyt}$2a$10$gYoTcP/zZ8SBJQdrMiOmV.y8bjoE8nWonDwvBJP0E3ZRI7tDHFcH6','ROLE_USER','kakao@kakao.com',null,'카카오',to_date('20/10/29','RR/MM/DD'),'1',null,'1604897346817unnamed.jpg');
Insert into YUSUNGHO.USER_TABLE (USER_ID,USER_PW,USER_TYPE,USER_EMAIL,USER_PHONE,USER_NICKNAME,USER_SIGNDATE,USER_ENABLE,USER_AUTHKEY,USER_IMAGE) values ('test123','{bcrypt}$2a$10$ByOR/3XboBFfw/SBvfwQeOMzeHOfx7PCKFd.p8SlfqwGeef3XScb.','ROLE_USER','ryusungho@naver.com','test_phonenum','test',to_date('20/11/13','RR/MM/DD'),'1','511194','1605246380494unnamed.jpg');
Insert into YUSUNGHO.USER_TABLE (USER_ID,USER_PW,USER_TYPE,USER_EMAIL,USER_PHONE,USER_NICKNAME,USER_SIGNDATE,USER_ENABLE,USER_AUTHKEY,USER_IMAGE) values ('test1234','{bcrypt}$2a$10$Ds8FDpnlJzQMmsLl0Ghko.RRuYCFrSgcvcSYN2B.h3qT0GtBpmRP6','ROLE_USER','dsfewfew@naver.com','test_phonenum','testtest',to_date('20/11/13','RR/MM/DD'),'0','550472','noimage.png');
Insert into YUSUNGHO.USER_TABLE (USER_ID,USER_PW,USER_TYPE,USER_EMAIL,USER_PHONE,USER_NICKNAME,USER_SIGNDATE,USER_ENABLE,USER_AUTHKEY,USER_IMAGE) values ('manager','{bcrypt}$2a$10$4ohlkjP50ddoDlilEHeH9eCHw1pkyZW38ShNmfnCWNE3ftmX/BrPa','ROLE_MANAGER','ryusungho@naver.com','test_phonenum','성호',to_date('20/11/13','RR/MM/DD'),'1','893594','noimage.png');
--------------------------------------------------------
--  DDL for Index 엔터티1_PK1
--------------------------------------------------------

  CREATE UNIQUE INDEX "YUSUNGHO"."엔터티1_PK1" ON "YUSUNGHO"."BOARD" ("BOARD_NUM") 
  PCTFREE 10 INITRANS 2 MAXTRANS 255 COMPUTE STATISTICS 
  STORAGE(INITIAL 65536 NEXT 1048576 MINEXTENTS 1 MAXEXTENTS 2147483645
  PCTINCREASE 0 FREELISTS 1 FREELIST GROUPS 1 BUFFER_POOL DEFAULT FLASH_CACHE DEFAULT CELL_FLASH_CACHE DEFAULT)
  TABLESPACE "SYSTEM" ;
--------------------------------------------------------
--  DDL for Index 엔터티1_PK3
--------------------------------------------------------

  CREATE UNIQUE INDEX "YUSUNGHO"."엔터티1_PK3" ON "YUSUNGHO"."CALENDAR" ("USER_ID", "CAL_ID") 
  PCTFREE 10 INITRANS 2 MAXTRANS 255 COMPUTE STATISTICS 
  STORAGE(INITIAL 65536 NEXT 1048576 MINEXTENTS 1 MAXEXTENTS 2147483645
  PCTINCREASE 0 FREELISTS 1 FREELIST GROUPS 1 BUFFER_POOL DEFAULT FLASH_CACHE DEFAULT CELL_FLASH_CACHE DEFAULT)
  TABLESPACE "SYSTEM" ;
--------------------------------------------------------
--  DDL for Index 엔터티3_PK8
--------------------------------------------------------

  CREATE UNIQUE INDEX "YUSUNGHO"."엔터티3_PK8" ON "YUSUNGHO"."COL_ANSWER" ("USER_ID", "COL_NUM", "COL_SOLVEDATE", "COL_LIST_NUM") 
  PCTFREE 10 INITRANS 2 MAXTRANS 255 COMPUTE STATISTICS 
  STORAGE(INITIAL 65536 NEXT 1048576 MINEXTENTS 1 MAXEXTENTS 2147483645
  PCTINCREASE 0 FREELISTS 1 FREELIST GROUPS 1 BUFFER_POOL DEFAULT FLASH_CACHE DEFAULT CELL_FLASH_CACHE DEFAULT)
  TABLESPACE "SYSTEM" ;
--------------------------------------------------------
--  DDL for Index 엔터티3_PK6
--------------------------------------------------------

  CREATE UNIQUE INDEX "YUSUNGHO"."엔터티3_PK6" ON "YUSUNGHO"."COL_EVAL" ("USER_ID", "COL_NUM") 
  PCTFREE 10 INITRANS 2 MAXTRANS 255 COMPUTE STATISTICS 
  STORAGE(INITIAL 65536 NEXT 1048576 MINEXTENTS 1 MAXEXTENTS 2147483645
  PCTINCREASE 0 FREELISTS 1 FREELIST GROUPS 1 BUFFER_POOL DEFAULT FLASH_CACHE DEFAULT CELL_FLASH_CACHE DEFAULT)
  TABLESPACE "SYSTEM" ;
--------------------------------------------------------
--  DDL for Index 엔터티3_PK1
--------------------------------------------------------

  CREATE UNIQUE INDEX "YUSUNGHO"."엔터티3_PK1" ON "YUSUNGHO"."COL_HISTORY" ("USER_ID", "COL_NUM", "COL_SOLVEDATE") 
  PCTFREE 10 INITRANS 2 MAXTRANS 255 COMPUTE STATISTICS 
  STORAGE(INITIAL 65536 NEXT 1048576 MINEXTENTS 1 MAXEXTENTS 2147483645
  PCTINCREASE 0 FREELISTS 1 FREELIST GROUPS 1 BUFFER_POOL DEFAULT FLASH_CACHE DEFAULT CELL_FLASH_CACHE DEFAULT)
  TABLESPACE "SYSTEM" ;
--------------------------------------------------------
--  DDL for Index 엔터티2_PK5
--------------------------------------------------------

  CREATE UNIQUE INDEX "YUSUNGHO"."엔터티2_PK5" ON "YUSUNGHO"."COL_LIST" ("PRO_NUM", "COL_NUM", "COL_LIST_NUM") 
  PCTFREE 10 INITRANS 2 MAXTRANS 255 COMPUTE STATISTICS 
  STORAGE(INITIAL 65536 NEXT 1048576 MINEXTENTS 1 MAXEXTENTS 2147483645
  PCTINCREASE 0 FREELISTS 1 FREELIST GROUPS 1 BUFFER_POOL DEFAULT FLASH_CACHE DEFAULT CELL_FLASH_CACHE DEFAULT)
  TABLESPACE "SYSTEM" ;
--------------------------------------------------------
--  DDL for Index 엔터티1_PK4
--------------------------------------------------------

  CREATE UNIQUE INDEX "YUSUNGHO"."엔터티1_PK4" ON "YUSUNGHO"."GROUP_TABLE" ("GROUP_NUM") 
  PCTFREE 10 INITRANS 2 MAXTRANS 255 COMPUTE STATISTICS 
  STORAGE(INITIAL 65536 NEXT 1048576 MINEXTENTS 1 MAXEXTENTS 2147483645
  PCTINCREASE 0 FREELISTS 1 FREELIST GROUPS 1 BUFFER_POOL DEFAULT FLASH_CACHE DEFAULT CELL_FLASH_CACHE DEFAULT)
  TABLESPACE "SYSTEM" ;
--------------------------------------------------------
--  DDL for Index 엔터티1_PK5
--------------------------------------------------------

  CREATE UNIQUE INDEX "YUSUNGHO"."엔터티1_PK5" ON "YUSUNGHO"."JOIN_GROUP_LIST" ("GROUP_NUM", "USER_ID") 
  PCTFREE 10 INITRANS 2 MAXTRANS 255 COMPUTE STATISTICS 
  STORAGE(INITIAL 65536 NEXT 1048576 MINEXTENTS 1 MAXEXTENTS 2147483645
  PCTINCREASE 0 FREELISTS 1 FREELIST GROUPS 1 BUFFER_POOL DEFAULT FLASH_CACHE DEFAULT CELL_FLASH_CACHE DEFAULT)
  TABLESPACE "SYSTEM" ;
--------------------------------------------------------
--  DDL for Index 엔터티3_PK
--------------------------------------------------------

  CREATE UNIQUE INDEX "YUSUNGHO"."엔터티3_PK" ON "YUSUNGHO"."LEC_CONTENT" ("LECTURE_ID", "LEC_CONTENT_ID") 
  PCTFREE 10 INITRANS 2 MAXTRANS 255 COMPUTE STATISTICS 
  STORAGE(INITIAL 65536 NEXT 1048576 MINEXTENTS 1 MAXEXTENTS 2147483645
  PCTINCREASE 0 FREELISTS 1 FREELIST GROUPS 1 BUFFER_POOL DEFAULT FLASH_CACHE DEFAULT CELL_FLASH_CACHE DEFAULT)
  TABLESPACE "SYSTEM" ;
--------------------------------------------------------
--  DDL for Index 엔터티3_PK2
--------------------------------------------------------

  CREATE UNIQUE INDEX "YUSUNGHO"."엔터티3_PK2" ON "YUSUNGHO"."LEC_FILE" ("LECTURE_ID", "LEC_CONTENT_ID", "LEC_FILE_ID") 
  PCTFREE 10 INITRANS 2 MAXTRANS 255 COMPUTE STATISTICS 
  STORAGE(INITIAL 65536 NEXT 1048576 MINEXTENTS 1 MAXEXTENTS 2147483645
  PCTINCREASE 0 FREELISTS 1 FREELIST GROUPS 1 BUFFER_POOL DEFAULT FLASH_CACHE DEFAULT CELL_FLASH_CACHE DEFAULT)
  TABLESPACE "SYSTEM" ;
--------------------------------------------------------
--  DDL for Index 엔터티1_PK2
--------------------------------------------------------

  CREATE UNIQUE INDEX "YUSUNGHO"."엔터티1_PK2" ON "YUSUNGHO"."LECTURE" ("LECTURE_ID") 
  PCTFREE 10 INITRANS 2 MAXTRANS 255 COMPUTE STATISTICS 
  STORAGE(INITIAL 65536 NEXT 1048576 MINEXTENTS 1 MAXEXTENTS 2147483645
  PCTINCREASE 0 FREELISTS 1 FREELIST GROUPS 1 BUFFER_POOL DEFAULT FLASH_CACHE DEFAULT CELL_FLASH_CACHE DEFAULT)
  TABLESPACE "SYSTEM" ;
--------------------------------------------------------
--  DDL for Index ORDERS_PK
--------------------------------------------------------

  CREATE UNIQUE INDEX "YUSUNGHO"."ORDERS_PK" ON "YUSUNGHO"."ORDERS" ("ORDER_ID", "ORDER_DATE") 
  PCTFREE 10 INITRANS 2 MAXTRANS 255 COMPUTE STATISTICS 
  STORAGE(INITIAL 65536 NEXT 1048576 MINEXTENTS 1 MAXEXTENTS 2147483645
  PCTINCREASE 0 FREELISTS 1 FREELIST GROUPS 1 BUFFER_POOL DEFAULT FLASH_CACHE DEFAULT CELL_FLASH_CACHE DEFAULT)
  TABLESPACE "USERS" ;
--------------------------------------------------------
--  DDL for Index 엔터티3_PK3
--------------------------------------------------------

  CREATE UNIQUE INDEX "YUSUNGHO"."엔터티3_PK3" ON "YUSUNGHO"."P_FILE" ("PRO_NUM") 
  PCTFREE 10 INITRANS 2 MAXTRANS 255 COMPUTE STATISTICS 
  STORAGE(INITIAL 65536 NEXT 1048576 MINEXTENTS 1 MAXEXTENTS 2147483645
  PCTINCREASE 0 FREELISTS 1 FREELIST GROUPS 1 BUFFER_POOL DEFAULT FLASH_CACHE DEFAULT CELL_FLASH_CACHE DEFAULT)
  TABLESPACE "SYSTEM" ;
--------------------------------------------------------
--  DDL for Index 엔터티3_PK9
--------------------------------------------------------

  CREATE UNIQUE INDEX "YUSUNGHO"."엔터티3_PK9" ON "YUSUNGHO"."PAY" ("USER_ID", "PAY_ID") 
  PCTFREE 10 INITRANS 2 MAXTRANS 255 COMPUTE STATISTICS 
  STORAGE(INITIAL 65536 NEXT 1048576 MINEXTENTS 1 MAXEXTENTS 2147483645
  PCTINCREASE 0 FREELISTS 1 FREELIST GROUPS 1 BUFFER_POOL DEFAULT FLASH_CACHE DEFAULT CELL_FLASH_CACHE DEFAULT)
  TABLESPACE "SYSTEM" ;
--------------------------------------------------------
--  DDL for Index 엔터티3_PK4
--------------------------------------------------------

  CREATE UNIQUE INDEX "YUSUNGHO"."엔터티3_PK4" ON "YUSUNGHO"."POINT" ("USER_ID", "POINT_DATE") 
  PCTFREE 10 INITRANS 2 MAXTRANS 255 COMPUTE STATISTICS 
  STORAGE(INITIAL 65536 NEXT 1048576 MINEXTENTS 1 MAXEXTENTS 2147483645
  PCTINCREASE 0 FREELISTS 1 FREELIST GROUPS 1 BUFFER_POOL DEFAULT FLASH_CACHE DEFAULT CELL_FLASH_CACHE DEFAULT)
  TABLESPACE "SYSTEM" ;
--------------------------------------------------------
--  DDL for Index 엔터티1_PK6
--------------------------------------------------------

  CREATE UNIQUE INDEX "YUSUNGHO"."엔터티1_PK6" ON "YUSUNGHO"."POST" ("POST_NUM") 
  PCTFREE 10 INITRANS 2 MAXTRANS 255 COMPUTE STATISTICS 
  STORAGE(INITIAL 65536 NEXT 1048576 MINEXTENTS 1 MAXEXTENTS 2147483645
  PCTINCREASE 0 FREELISTS 1 FREELIST GROUPS 1 BUFFER_POOL DEFAULT FLASH_CACHE DEFAULT CELL_FLASH_CACHE DEFAULT)
  TABLESPACE "SYSTEM" ;
--------------------------------------------------------
--  DDL for Index 엔터티2_PK2
--------------------------------------------------------

  CREATE UNIQUE INDEX "YUSUNGHO"."엔터티2_PK2" ON "YUSUNGHO"."POST_FILE" ("POST_NUM", "POST_FILE_NUM") 
  PCTFREE 10 INITRANS 2 MAXTRANS 255 COMPUTE STATISTICS 
  STORAGE(INITIAL 65536 NEXT 1048576 MINEXTENTS 1 MAXEXTENTS 2147483645
  PCTINCREASE 0 FREELISTS 1 FREELIST GROUPS 1 BUFFER_POOL DEFAULT FLASH_CACHE DEFAULT CELL_FLASH_CACHE DEFAULT)
  TABLESPACE "SYSTEM" ;
--------------------------------------------------------
--  DDL for Index 엔터티3_PK10
--------------------------------------------------------

  CREATE UNIQUE INDEX "YUSUNGHO"."엔터티3_PK10" ON "YUSUNGHO"."PRO_CATEGORY" ("CATEGORY_ID", "CATEGORY_NAME") 
  PCTFREE 10 INITRANS 2 MAXTRANS 255 COMPUTE STATISTICS 
  STORAGE(INITIAL 65536 NEXT 1048576 MINEXTENTS 1 MAXEXTENTS 2147483645
  PCTINCREASE 0 FREELISTS 1 FREELIST GROUPS 1 BUFFER_POOL DEFAULT FLASH_CACHE DEFAULT CELL_FLASH_CACHE DEFAULT)
  TABLESPACE "SYSTEM" ;
--------------------------------------------------------
--  DDL for Index 엔터티4_PK
--------------------------------------------------------

  CREATE UNIQUE INDEX "YUSUNGHO"."엔터티4_PK" ON "YUSUNGHO"."PRO_CHOICE" ("PRO_NUM", "CHO_NUM") 
  PCTFREE 10 INITRANS 2 MAXTRANS 255 COMPUTE STATISTICS 
  STORAGE(INITIAL 65536 NEXT 1048576 MINEXTENTS 1 MAXEXTENTS 2147483645
  PCTINCREASE 0 FREELISTS 1 FREELIST GROUPS 1 BUFFER_POOL DEFAULT FLASH_CACHE DEFAULT CELL_FLASH_CACHE DEFAULT)
  TABLESPACE "SYSTEM" ;
--------------------------------------------------------
--  DDL for Index 엔터티2_PK4
--------------------------------------------------------

  CREATE UNIQUE INDEX "YUSUNGHO"."엔터티2_PK4" ON "YUSUNGHO"."PRO_COLLECTION" ("COL_NUM") 
  PCTFREE 10 INITRANS 2 MAXTRANS 255 COMPUTE STATISTICS 
  STORAGE(INITIAL 65536 NEXT 1048576 MINEXTENTS 1 MAXEXTENTS 2147483645
  PCTINCREASE 0 FREELISTS 1 FREELIST GROUPS 1 BUFFER_POOL DEFAULT FLASH_CACHE DEFAULT CELL_FLASH_CACHE DEFAULT)
  TABLESPACE "SYSTEM" ;
--------------------------------------------------------
--  DDL for Index 엔터티3_PK5
--------------------------------------------------------

  CREATE UNIQUE INDEX "YUSUNGHO"."엔터티3_PK5" ON "YUSUNGHO"."PRO_EVAL" ("USER_ID", "PRO_NUM") 
  PCTFREE 10 INITRANS 2 MAXTRANS 255 COMPUTE STATISTICS 
  STORAGE(INITIAL 65536 NEXT 1048576 MINEXTENTS 1 MAXEXTENTS 2147483645
  PCTINCREASE 0 FREELISTS 1 FREELIST GROUPS 1 BUFFER_POOL DEFAULT FLASH_CACHE DEFAULT CELL_FLASH_CACHE DEFAULT)
  TABLESPACE "SYSTEM" ;
--------------------------------------------------------
--  DDL for Index 엔터티3_PK11
--------------------------------------------------------

  CREATE UNIQUE INDEX "YUSUNGHO"."엔터티3_PK11" ON "YUSUNGHO"."PRO_TAG" ("TAG_ID", "TAG_NAME", "TAG_ISCHOICE") 
  PCTFREE 10 INITRANS 2 MAXTRANS 255 COMPUTE STATISTICS 
  STORAGE(INITIAL 65536 NEXT 1048576 MINEXTENTS 1 MAXEXTENTS 2147483645
  PCTINCREASE 0 FREELISTS 1 FREELIST GROUPS 1 BUFFER_POOL DEFAULT FLASH_CACHE DEFAULT CELL_FLASH_CACHE DEFAULT)
  TABLESPACE "SYSTEM" ;
--------------------------------------------------------
--  DDL for Index 엔터티1_PK
--------------------------------------------------------

  CREATE UNIQUE INDEX "YUSUNGHO"."엔터티1_PK" ON "YUSUNGHO"."PROBLEM" ("PRO_NUM") 
  PCTFREE 10 INITRANS 2 MAXTRANS 255 COMPUTE STATISTICS 
  STORAGE(INITIAL 65536 NEXT 1048576 MINEXTENTS 1 MAXEXTENTS 2147483645
  PCTINCREASE 0 FREELISTS 1 FREELIST GROUPS 1 BUFFER_POOL DEFAULT FLASH_CACHE DEFAULT CELL_FLASH_CACHE DEFAULT)
  TABLESPACE "SYSTEM" ;
--------------------------------------------------------
--  DDL for Index 엔터티2_PK3
--------------------------------------------------------

  CREATE UNIQUE INDEX "YUSUNGHO"."엔터티2_PK3" ON "YUSUNGHO"."STUDENT" ("LECTURE_ID", "USER_ID") 
  PCTFREE 10 INITRANS 2 MAXTRANS 255 COMPUTE STATISTICS 
  STORAGE(INITIAL 65536 NEXT 1048576 MINEXTENTS 1 MAXEXTENTS 2147483645
  PCTINCREASE 0 FREELISTS 1 FREELIST GROUPS 1 BUFFER_POOL DEFAULT FLASH_CACHE DEFAULT CELL_FLASH_CACHE DEFAULT)
  TABLESPACE "SYSTEM" ;
--------------------------------------------------------
--  DDL for Index 엔터티1_PK9
--------------------------------------------------------

  CREATE UNIQUE INDEX "YUSUNGHO"."엔터티1_PK9" ON "YUSUNGHO"."USER_PRO_HISTORY" ("USER_ID", "PRO_NUM", "HISTORY_DATE") 
  PCTFREE 10 INITRANS 2 MAXTRANS 255 COMPUTE STATISTICS 
  STORAGE(INITIAL 65536 NEXT 1048576 MINEXTENTS 1 MAXEXTENTS 2147483645
  PCTINCREASE 0 FREELISTS 1 FREELIST GROUPS 1 BUFFER_POOL DEFAULT FLASH_CACHE DEFAULT CELL_FLASH_CACHE DEFAULT)
  TABLESPACE "SYSTEM" ;
--------------------------------------------------------
--  DDL for Index 엔터티1_PK7
--------------------------------------------------------

  CREATE UNIQUE INDEX "YUSUNGHO"."엔터티1_PK7" ON "YUSUNGHO"."USER_PRO_LIST" ("USER_ID", "PRO_NUM") 
  PCTFREE 10 INITRANS 2 MAXTRANS 255 COMPUTE STATISTICS 
  STORAGE(INITIAL 65536 NEXT 1048576 MINEXTENTS 1 MAXEXTENTS 2147483645
  PCTINCREASE 0 FREELISTS 1 FREELIST GROUPS 1 BUFFER_POOL DEFAULT FLASH_CACHE DEFAULT CELL_FLASH_CACHE DEFAULT)
  TABLESPACE "SYSTEM" ;
--------------------------------------------------------
--  DDL for Index 엔터티2_PK
--------------------------------------------------------

  CREATE UNIQUE INDEX "YUSUNGHO"."엔터티2_PK" ON "YUSUNGHO"."USER_TABLE" ("USER_ID") 
  PCTFREE 10 INITRANS 2 MAXTRANS 255 COMPUTE STATISTICS 
  STORAGE(INITIAL 65536 NEXT 1048576 MINEXTENTS 1 MAXEXTENTS 2147483645
  PCTINCREASE 0 FREELISTS 1 FREELIST GROUPS 1 BUFFER_POOL DEFAULT FLASH_CACHE DEFAULT CELL_FLASH_CACHE DEFAULT)
  TABLESPACE "SYSTEM" ;
--------------------------------------------------------
--  Constraints for Table BOARD
--------------------------------------------------------

  ALTER TABLE "YUSUNGHO"."BOARD" ADD CONSTRAINT "엔터티1_PK1" PRIMARY KEY ("BOARD_NUM")
  USING INDEX PCTFREE 10 INITRANS 2 MAXTRANS 255 COMPUTE STATISTICS 
  STORAGE(INITIAL 65536 NEXT 1048576 MINEXTENTS 1 MAXEXTENTS 2147483645
  PCTINCREASE 0 FREELISTS 1 FREELIST GROUPS 1 BUFFER_POOL DEFAULT FLASH_CACHE DEFAULT CELL_FLASH_CACHE DEFAULT)
  TABLESPACE "SYSTEM"  ENABLE;
  ALTER TABLE "YUSUNGHO"."BOARD" MODIFY ("BOARD_NUM" NOT NULL ENABLE);
--------------------------------------------------------
--  Constraints for Table CALENDAR
--------------------------------------------------------

  ALTER TABLE "YUSUNGHO"."CALENDAR" ADD CONSTRAINT "엔터티1_PK3" PRIMARY KEY ("USER_ID", "CAL_ID")
  USING INDEX PCTFREE 10 INITRANS 2 MAXTRANS 255 COMPUTE STATISTICS 
  STORAGE(INITIAL 65536 NEXT 1048576 MINEXTENTS 1 MAXEXTENTS 2147483645
  PCTINCREASE 0 FREELISTS 1 FREELIST GROUPS 1 BUFFER_POOL DEFAULT FLASH_CACHE DEFAULT CELL_FLASH_CACHE DEFAULT)
  TABLESPACE "SYSTEM"  ENABLE;
  ALTER TABLE "YUSUNGHO"."CALENDAR" MODIFY ("USER_ID" NOT NULL ENABLE);
  ALTER TABLE "YUSUNGHO"."CALENDAR" MODIFY ("CAL_ID" NOT NULL ENABLE);
--------------------------------------------------------
--  Constraints for Table COL_ANSWER
--------------------------------------------------------

  ALTER TABLE "YUSUNGHO"."COL_ANSWER" ADD CONSTRAINT "엔터티3_PK8" PRIMARY KEY ("USER_ID", "COL_NUM", "COL_SOLVEDATE", "COL_LIST_NUM")
  USING INDEX PCTFREE 10 INITRANS 2 MAXTRANS 255 COMPUTE STATISTICS 
  STORAGE(INITIAL 65536 NEXT 1048576 MINEXTENTS 1 MAXEXTENTS 2147483645
  PCTINCREASE 0 FREELISTS 1 FREELIST GROUPS 1 BUFFER_POOL DEFAULT FLASH_CACHE DEFAULT CELL_FLASH_CACHE DEFAULT)
  TABLESPACE "SYSTEM"  ENABLE;
  ALTER TABLE "YUSUNGHO"."COL_ANSWER" MODIFY ("COL_LIST_NUM" NOT NULL ENABLE);
  ALTER TABLE "YUSUNGHO"."COL_ANSWER" MODIFY ("PRO_NUM" NOT NULL ENABLE);
  ALTER TABLE "YUSUNGHO"."COL_ANSWER" MODIFY ("COL_SOLVEDATE" NOT NULL ENABLE);
  ALTER TABLE "YUSUNGHO"."COL_ANSWER" MODIFY ("COL_NUM" NOT NULL ENABLE);
  ALTER TABLE "YUSUNGHO"."COL_ANSWER" MODIFY ("USER_ID" NOT NULL ENABLE);
--------------------------------------------------------
--  Constraints for Table COL_EVAL
--------------------------------------------------------

  ALTER TABLE "YUSUNGHO"."COL_EVAL" ADD CONSTRAINT "엔터티3_PK6" PRIMARY KEY ("USER_ID", "COL_NUM")
  USING INDEX PCTFREE 10 INITRANS 2 MAXTRANS 255 COMPUTE STATISTICS 
  STORAGE(INITIAL 65536 NEXT 1048576 MINEXTENTS 1 MAXEXTENTS 2147483645
  PCTINCREASE 0 FREELISTS 1 FREELIST GROUPS 1 BUFFER_POOL DEFAULT FLASH_CACHE DEFAULT CELL_FLASH_CACHE DEFAULT)
  TABLESPACE "SYSTEM"  ENABLE;
  ALTER TABLE "YUSUNGHO"."COL_EVAL" MODIFY ("COL_NUM" NOT NULL ENABLE);
  ALTER TABLE "YUSUNGHO"."COL_EVAL" MODIFY ("USER_ID" NOT NULL ENABLE);
--------------------------------------------------------
--  Constraints for Table COL_HISTORY
--------------------------------------------------------

  ALTER TABLE "YUSUNGHO"."COL_HISTORY" ADD CONSTRAINT "엔터티3_PK1" PRIMARY KEY ("USER_ID", "COL_NUM", "COL_SOLVEDATE")
  USING INDEX PCTFREE 10 INITRANS 2 MAXTRANS 255 COMPUTE STATISTICS 
  STORAGE(INITIAL 65536 NEXT 1048576 MINEXTENTS 1 MAXEXTENTS 2147483645
  PCTINCREASE 0 FREELISTS 1 FREELIST GROUPS 1 BUFFER_POOL DEFAULT FLASH_CACHE DEFAULT CELL_FLASH_CACHE DEFAULT)
  TABLESPACE "SYSTEM"  ENABLE;
  ALTER TABLE "YUSUNGHO"."COL_HISTORY" MODIFY ("COL_NUM" NOT NULL ENABLE);
  ALTER TABLE "YUSUNGHO"."COL_HISTORY" MODIFY ("USER_ID" NOT NULL ENABLE);
  ALTER TABLE "YUSUNGHO"."COL_HISTORY" MODIFY ("COL_SOLVEDATE" NOT NULL ENABLE);
--------------------------------------------------------
--  Constraints for Table COL_LIST
--------------------------------------------------------

  ALTER TABLE "YUSUNGHO"."COL_LIST" ADD CONSTRAINT "엔터티2_PK5" PRIMARY KEY ("PRO_NUM", "COL_NUM", "COL_LIST_NUM")
  USING INDEX PCTFREE 10 INITRANS 2 MAXTRANS 255 COMPUTE STATISTICS 
  STORAGE(INITIAL 65536 NEXT 1048576 MINEXTENTS 1 MAXEXTENTS 2147483645
  PCTINCREASE 0 FREELISTS 1 FREELIST GROUPS 1 BUFFER_POOL DEFAULT FLASH_CACHE DEFAULT CELL_FLASH_CACHE DEFAULT)
  TABLESPACE "SYSTEM"  ENABLE;
  ALTER TABLE "YUSUNGHO"."COL_LIST" MODIFY ("COL_LIST_NUM" NOT NULL ENABLE);
  ALTER TABLE "YUSUNGHO"."COL_LIST" MODIFY ("COL_NUM" NOT NULL ENABLE);
  ALTER TABLE "YUSUNGHO"."COL_LIST" MODIFY ("PRO_NUM" NOT NULL ENABLE);
--------------------------------------------------------
--  Constraints for Table GROUP_TABLE
--------------------------------------------------------

  ALTER TABLE "YUSUNGHO"."GROUP_TABLE" ADD CONSTRAINT "엔터티1_PK4" PRIMARY KEY ("GROUP_NUM")
  USING INDEX PCTFREE 10 INITRANS 2 MAXTRANS 255 COMPUTE STATISTICS 
  STORAGE(INITIAL 65536 NEXT 1048576 MINEXTENTS 1 MAXEXTENTS 2147483645
  PCTINCREASE 0 FREELISTS 1 FREELIST GROUPS 1 BUFFER_POOL DEFAULT FLASH_CACHE DEFAULT CELL_FLASH_CACHE DEFAULT)
  TABLESPACE "SYSTEM"  ENABLE;
  ALTER TABLE "YUSUNGHO"."GROUP_TABLE" MODIFY ("GROUP_NUM" NOT NULL ENABLE);
--------------------------------------------------------
--  Constraints for Table JOIN_GROUP_LIST
--------------------------------------------------------

  ALTER TABLE "YUSUNGHO"."JOIN_GROUP_LIST" ADD CONSTRAINT "엔터티1_PK5" PRIMARY KEY ("GROUP_NUM", "USER_ID")
  USING INDEX PCTFREE 10 INITRANS 2 MAXTRANS 255 COMPUTE STATISTICS 
  STORAGE(INITIAL 65536 NEXT 1048576 MINEXTENTS 1 MAXEXTENTS 2147483645
  PCTINCREASE 0 FREELISTS 1 FREELIST GROUPS 1 BUFFER_POOL DEFAULT FLASH_CACHE DEFAULT CELL_FLASH_CACHE DEFAULT)
  TABLESPACE "SYSTEM"  ENABLE;
  ALTER TABLE "YUSUNGHO"."JOIN_GROUP_LIST" MODIFY ("USER_ID" NOT NULL ENABLE);
  ALTER TABLE "YUSUNGHO"."JOIN_GROUP_LIST" MODIFY ("GROUP_NUM" NOT NULL ENABLE);
--------------------------------------------------------
--  Constraints for Table LEC_CONTENT
--------------------------------------------------------

  ALTER TABLE "YUSUNGHO"."LEC_CONTENT" ADD CONSTRAINT "엔터티3_PK" PRIMARY KEY ("LECTURE_ID", "LEC_CONTENT_ID")
  USING INDEX PCTFREE 10 INITRANS 2 MAXTRANS 255 COMPUTE STATISTICS 
  STORAGE(INITIAL 65536 NEXT 1048576 MINEXTENTS 1 MAXEXTENTS 2147483645
  PCTINCREASE 0 FREELISTS 1 FREELIST GROUPS 1 BUFFER_POOL DEFAULT FLASH_CACHE DEFAULT CELL_FLASH_CACHE DEFAULT)
  TABLESPACE "SYSTEM"  ENABLE;
  ALTER TABLE "YUSUNGHO"."LEC_CONTENT" MODIFY ("LEC_CONTENT_ID" NOT NULL ENABLE);
  ALTER TABLE "YUSUNGHO"."LEC_CONTENT" MODIFY ("LECTURE_ID" NOT NULL ENABLE);
--------------------------------------------------------
--  Constraints for Table LEC_FILE
--------------------------------------------------------

  ALTER TABLE "YUSUNGHO"."LEC_FILE" ADD CONSTRAINT "엔터티3_PK2" PRIMARY KEY ("LECTURE_ID", "LEC_CONTENT_ID", "LEC_FILE_ID")
  USING INDEX PCTFREE 10 INITRANS 2 MAXTRANS 255 COMPUTE STATISTICS 
  STORAGE(INITIAL 65536 NEXT 1048576 MINEXTENTS 1 MAXEXTENTS 2147483645
  PCTINCREASE 0 FREELISTS 1 FREELIST GROUPS 1 BUFFER_POOL DEFAULT FLASH_CACHE DEFAULT CELL_FLASH_CACHE DEFAULT)
  TABLESPACE "SYSTEM"  ENABLE;
  ALTER TABLE "YUSUNGHO"."LEC_FILE" MODIFY ("LEC_CONTENT_ID" NOT NULL ENABLE);
  ALTER TABLE "YUSUNGHO"."LEC_FILE" MODIFY ("LECTURE_ID" NOT NULL ENABLE);
  ALTER TABLE "YUSUNGHO"."LEC_FILE" MODIFY ("LEC_FILE_ID" NOT NULL ENABLE);
--------------------------------------------------------
--  Constraints for Table LECTURE
--------------------------------------------------------

  ALTER TABLE "YUSUNGHO"."LECTURE" MODIFY ("LECTURE_DETAIL" NOT NULL ENABLE);
  ALTER TABLE "YUSUNGHO"."LECTURE" MODIFY ("LECTURE_ID" NOT NULL ENABLE);
  ALTER TABLE "YUSUNGHO"."LECTURE" MODIFY ("USER_ID" NOT NULL ENABLE);
  ALTER TABLE "YUSUNGHO"."LECTURE" ADD CONSTRAINT "엔터티1_PK2" PRIMARY KEY ("LECTURE_ID")
  USING INDEX PCTFREE 10 INITRANS 2 MAXTRANS 255 COMPUTE STATISTICS 
  STORAGE(INITIAL 65536 NEXT 1048576 MINEXTENTS 1 MAXEXTENTS 2147483645
  PCTINCREASE 0 FREELISTS 1 FREELIST GROUPS 1 BUFFER_POOL DEFAULT FLASH_CACHE DEFAULT CELL_FLASH_CACHE DEFAULT)
  TABLESPACE "SYSTEM"  ENABLE;
--------------------------------------------------------
--  Constraints for Table ORDERS
--------------------------------------------------------

  ALTER TABLE "YUSUNGHO"."ORDERS" ADD CONSTRAINT "ORDERS_PK" PRIMARY KEY ("ORDER_ID", "ORDER_DATE")
  USING INDEX PCTFREE 10 INITRANS 2 MAXTRANS 255 COMPUTE STATISTICS 
  STORAGE(INITIAL 65536 NEXT 1048576 MINEXTENTS 1 MAXEXTENTS 2147483645
  PCTINCREASE 0 FREELISTS 1 FREELIST GROUPS 1 BUFFER_POOL DEFAULT FLASH_CACHE DEFAULT CELL_FLASH_CACHE DEFAULT)
  TABLESPACE "USERS"  ENABLE;
  ALTER TABLE "YUSUNGHO"."ORDERS" MODIFY ("ORDER_ID" NOT NULL ENABLE);
  ALTER TABLE "YUSUNGHO"."ORDERS" MODIFY ("USER_ID" NOT NULL ENABLE);
  ALTER TABLE "YUSUNGHO"."ORDERS" MODIFY ("LECTURE_ID" NOT NULL ENABLE);
  ALTER TABLE "YUSUNGHO"."ORDERS" MODIFY ("ORDER_DATE" NOT NULL ENABLE);
--------------------------------------------------------
--  Constraints for Table P_FILE
--------------------------------------------------------

  ALTER TABLE "YUSUNGHO"."P_FILE" ADD CONSTRAINT "엔터티3_PK3" PRIMARY KEY ("PRO_NUM")
  USING INDEX PCTFREE 10 INITRANS 2 MAXTRANS 255 COMPUTE STATISTICS 
  STORAGE(INITIAL 65536 NEXT 1048576 MINEXTENTS 1 MAXEXTENTS 2147483645
  PCTINCREASE 0 FREELISTS 1 FREELIST GROUPS 1 BUFFER_POOL DEFAULT FLASH_CACHE DEFAULT CELL_FLASH_CACHE DEFAULT)
  TABLESPACE "SYSTEM"  ENABLE;
  ALTER TABLE "YUSUNGHO"."P_FILE" MODIFY ("PRO_NUM" NOT NULL ENABLE);
--------------------------------------------------------
--  Constraints for Table PAY
--------------------------------------------------------

  ALTER TABLE "YUSUNGHO"."PAY" ADD CONSTRAINT "엔터티3_PK9" PRIMARY KEY ("USER_ID", "PAY_ID")
  USING INDEX PCTFREE 10 INITRANS 2 MAXTRANS 255 COMPUTE STATISTICS 
  STORAGE(INITIAL 65536 NEXT 1048576 MINEXTENTS 1 MAXEXTENTS 2147483645
  PCTINCREASE 0 FREELISTS 1 FREELIST GROUPS 1 BUFFER_POOL DEFAULT FLASH_CACHE DEFAULT CELL_FLASH_CACHE DEFAULT)
  TABLESPACE "SYSTEM"  ENABLE;
  ALTER TABLE "YUSUNGHO"."PAY" MODIFY ("USER_ID" NOT NULL ENABLE);
  ALTER TABLE "YUSUNGHO"."PAY" MODIFY ("PAY_ID" NOT NULL ENABLE);
--------------------------------------------------------
--  Constraints for Table POINT
--------------------------------------------------------

  ALTER TABLE "YUSUNGHO"."POINT" ADD CONSTRAINT "엔터티3_PK4" PRIMARY KEY ("USER_ID", "POINT_DATE")
  USING INDEX PCTFREE 10 INITRANS 2 MAXTRANS 255 COMPUTE STATISTICS 
  STORAGE(INITIAL 65536 NEXT 1048576 MINEXTENTS 1 MAXEXTENTS 2147483645
  PCTINCREASE 0 FREELISTS 1 FREELIST GROUPS 1 BUFFER_POOL DEFAULT FLASH_CACHE DEFAULT CELL_FLASH_CACHE DEFAULT)
  TABLESPACE "SYSTEM"  ENABLE;
  ALTER TABLE "YUSUNGHO"."POINT" MODIFY ("USER_ID" NOT NULL ENABLE);
  ALTER TABLE "YUSUNGHO"."POINT" MODIFY ("POINT_DATE" NOT NULL ENABLE);
--------------------------------------------------------
--  Constraints for Table POST
--------------------------------------------------------

  ALTER TABLE "YUSUNGHO"."POST" ADD CONSTRAINT "엔터티1_PK6" PRIMARY KEY ("POST_NUM")
  USING INDEX PCTFREE 10 INITRANS 2 MAXTRANS 255 COMPUTE STATISTICS 
  STORAGE(INITIAL 65536 NEXT 1048576 MINEXTENTS 1 MAXEXTENTS 2147483645
  PCTINCREASE 0 FREELISTS 1 FREELIST GROUPS 1 BUFFER_POOL DEFAULT FLASH_CACHE DEFAULT CELL_FLASH_CACHE DEFAULT)
  TABLESPACE "SYSTEM"  ENABLE;
  ALTER TABLE "YUSUNGHO"."POST" MODIFY ("USER_ID" NOT NULL ENABLE);
  ALTER TABLE "YUSUNGHO"."POST" MODIFY ("BOARD_NUM" NOT NULL ENABLE);
  ALTER TABLE "YUSUNGHO"."POST" MODIFY ("POST_NUM" NOT NULL ENABLE);
--------------------------------------------------------
--  Constraints for Table POST_FILE
--------------------------------------------------------

  ALTER TABLE "YUSUNGHO"."POST_FILE" ADD CONSTRAINT "엔터티2_PK2" PRIMARY KEY ("POST_NUM", "POST_FILE_NUM")
  USING INDEX PCTFREE 10 INITRANS 2 MAXTRANS 255 COMPUTE STATISTICS 
  STORAGE(INITIAL 65536 NEXT 1048576 MINEXTENTS 1 MAXEXTENTS 2147483645
  PCTINCREASE 0 FREELISTS 1 FREELIST GROUPS 1 BUFFER_POOL DEFAULT FLASH_CACHE DEFAULT CELL_FLASH_CACHE DEFAULT)
  TABLESPACE "SYSTEM"  ENABLE;
  ALTER TABLE "YUSUNGHO"."POST_FILE" MODIFY ("POST_NUM" NOT NULL ENABLE);
  ALTER TABLE "YUSUNGHO"."POST_FILE" MODIFY ("POST_FILE_NUM" NOT NULL ENABLE);
--------------------------------------------------------
--  Constraints for Table PRO_CATEGORY
--------------------------------------------------------

  ALTER TABLE "YUSUNGHO"."PRO_CATEGORY" ADD CONSTRAINT "엔터티3_PK10" PRIMARY KEY ("CATEGORY_ID", "CATEGORY_NAME")
  USING INDEX PCTFREE 10 INITRANS 2 MAXTRANS 255 COMPUTE STATISTICS 
  STORAGE(INITIAL 65536 NEXT 1048576 MINEXTENTS 1 MAXEXTENTS 2147483645
  PCTINCREASE 0 FREELISTS 1 FREELIST GROUPS 1 BUFFER_POOL DEFAULT FLASH_CACHE DEFAULT CELL_FLASH_CACHE DEFAULT)
  TABLESPACE "SYSTEM"  ENABLE;
  ALTER TABLE "YUSUNGHO"."PRO_CATEGORY" MODIFY ("CATEGORY_NAME" NOT NULL ENABLE);
  ALTER TABLE "YUSUNGHO"."PRO_CATEGORY" MODIFY ("CATEGORY_ID" NOT NULL ENABLE);
--------------------------------------------------------
--  Constraints for Table PRO_CHOICE
--------------------------------------------------------

  ALTER TABLE "YUSUNGHO"."PRO_CHOICE" ADD CONSTRAINT "엔터티4_PK" PRIMARY KEY ("PRO_NUM", "CHO_NUM")
  USING INDEX PCTFREE 10 INITRANS 2 MAXTRANS 255 COMPUTE STATISTICS 
  STORAGE(INITIAL 65536 NEXT 1048576 MINEXTENTS 1 MAXEXTENTS 2147483645
  PCTINCREASE 0 FREELISTS 1 FREELIST GROUPS 1 BUFFER_POOL DEFAULT FLASH_CACHE DEFAULT CELL_FLASH_CACHE DEFAULT)
  TABLESPACE "SYSTEM"  ENABLE;
  ALTER TABLE "YUSUNGHO"."PRO_CHOICE" MODIFY ("CHO_NUM" NOT NULL ENABLE);
  ALTER TABLE "YUSUNGHO"."PRO_CHOICE" MODIFY ("PRO_NUM" NOT NULL ENABLE);
--------------------------------------------------------
--  Constraints for Table PRO_COLLECTION
--------------------------------------------------------

  ALTER TABLE "YUSUNGHO"."PRO_COLLECTION" MODIFY ("COL_NUM" NOT NULL ENABLE);
  ALTER TABLE "YUSUNGHO"."PRO_COLLECTION" ADD CONSTRAINT "엔터티2_PK4" PRIMARY KEY ("COL_NUM")
  USING INDEX PCTFREE 10 INITRANS 2 MAXTRANS 255 COMPUTE STATISTICS 
  STORAGE(INITIAL 65536 NEXT 1048576 MINEXTENTS 1 MAXEXTENTS 2147483645
  PCTINCREASE 0 FREELISTS 1 FREELIST GROUPS 1 BUFFER_POOL DEFAULT FLASH_CACHE DEFAULT CELL_FLASH_CACHE DEFAULT)
  TABLESPACE "SYSTEM"  ENABLE;
  ALTER TABLE "YUSUNGHO"."PRO_COLLECTION" MODIFY ("COL_NAME" NOT NULL ENABLE);
  ALTER TABLE "YUSUNGHO"."PRO_COLLECTION" MODIFY ("USER_ID" NOT NULL ENABLE);
--------------------------------------------------------
--  Constraints for Table PRO_EVAL
--------------------------------------------------------

  ALTER TABLE "YUSUNGHO"."PRO_EVAL" ADD CONSTRAINT "엔터티3_PK5" PRIMARY KEY ("USER_ID", "PRO_NUM")
  USING INDEX PCTFREE 10 INITRANS 2 MAXTRANS 255 COMPUTE STATISTICS 
  STORAGE(INITIAL 65536 NEXT 1048576 MINEXTENTS 1 MAXEXTENTS 2147483645
  PCTINCREASE 0 FREELISTS 1 FREELIST GROUPS 1 BUFFER_POOL DEFAULT FLASH_CACHE DEFAULT CELL_FLASH_CACHE DEFAULT)
  TABLESPACE "SYSTEM"  ENABLE;
  ALTER TABLE "YUSUNGHO"."PRO_EVAL" MODIFY ("PRO_NUM" NOT NULL ENABLE);
  ALTER TABLE "YUSUNGHO"."PRO_EVAL" MODIFY ("USER_ID" NOT NULL ENABLE);
--------------------------------------------------------
--  Constraints for Table PRO_TAG
--------------------------------------------------------

  ALTER TABLE "YUSUNGHO"."PRO_TAG" ADD CONSTRAINT "엔터티3_PK11" PRIMARY KEY ("TAG_ID", "TAG_NAME", "TAG_ISCHOICE")
  USING INDEX PCTFREE 10 INITRANS 2 MAXTRANS 255 COMPUTE STATISTICS 
  STORAGE(INITIAL 65536 NEXT 1048576 MINEXTENTS 1 MAXEXTENTS 2147483645
  PCTINCREASE 0 FREELISTS 1 FREELIST GROUPS 1 BUFFER_POOL DEFAULT FLASH_CACHE DEFAULT CELL_FLASH_CACHE DEFAULT)
  TABLESPACE "SYSTEM"  ENABLE;
  ALTER TABLE "YUSUNGHO"."PRO_TAG" MODIFY ("TAG_ISCHOICE" NOT NULL ENABLE);
  ALTER TABLE "YUSUNGHO"."PRO_TAG" MODIFY ("TAG_NAME" NOT NULL ENABLE);
  ALTER TABLE "YUSUNGHO"."PRO_TAG" MODIFY ("TAG_ID" NOT NULL ENABLE);
  ALTER TABLE "YUSUNGHO"."PRO_TAG" MODIFY ("CATEGORY_NAME" NOT NULL ENABLE);
  ALTER TABLE "YUSUNGHO"."PRO_TAG" MODIFY ("CATEGORY_ID" NOT NULL ENABLE);
--------------------------------------------------------
--  Constraints for Table PROBLEM
--------------------------------------------------------

  ALTER TABLE "YUSUNGHO"."PROBLEM" ADD CONSTRAINT "엔터티1_PK" PRIMARY KEY ("PRO_NUM")
  USING INDEX PCTFREE 10 INITRANS 2 MAXTRANS 255 COMPUTE STATISTICS 
  STORAGE(INITIAL 65536 NEXT 1048576 MINEXTENTS 1 MAXEXTENTS 2147483645
  PCTINCREASE 0 FREELISTS 1 FREELIST GROUPS 1 BUFFER_POOL DEFAULT FLASH_CACHE DEFAULT CELL_FLASH_CACHE DEFAULT)
  TABLESPACE "SYSTEM"  ENABLE;
  ALTER TABLE "YUSUNGHO"."PROBLEM" MODIFY ("USER_ID" NOT NULL ENABLE);
  ALTER TABLE "YUSUNGHO"."PROBLEM" MODIFY ("CATEGORY_NAME" NOT NULL ENABLE);
  ALTER TABLE "YUSUNGHO"."PROBLEM" MODIFY ("CATEGORY_ID" NOT NULL ENABLE);
  ALTER TABLE "YUSUNGHO"."PROBLEM" MODIFY ("PRO_NUM" NOT NULL ENABLE);
--------------------------------------------------------
--  Constraints for Table SCORE
--------------------------------------------------------

  ALTER TABLE "YUSUNGHO"."SCORE" MODIFY ("USER_ID" NOT NULL ENABLE);
  ALTER TABLE "YUSUNGHO"."SCORE" MODIFY ("SCORE_DATE" NOT NULL ENABLE);
--------------------------------------------------------
--  Constraints for Table STUDENT
--------------------------------------------------------

  ALTER TABLE "YUSUNGHO"."STUDENT" ADD CONSTRAINT "엔터티2_PK3" PRIMARY KEY ("LECTURE_ID", "USER_ID")
  USING INDEX PCTFREE 10 INITRANS 2 MAXTRANS 255 COMPUTE STATISTICS 
  STORAGE(INITIAL 65536 NEXT 1048576 MINEXTENTS 1 MAXEXTENTS 2147483645
  PCTINCREASE 0 FREELISTS 1 FREELIST GROUPS 1 BUFFER_POOL DEFAULT FLASH_CACHE DEFAULT CELL_FLASH_CACHE DEFAULT)
  TABLESPACE "SYSTEM"  ENABLE;
  ALTER TABLE "YUSUNGHO"."STUDENT" MODIFY ("USER_ID" NOT NULL ENABLE);
  ALTER TABLE "YUSUNGHO"."STUDENT" MODIFY ("LECTURE_ID" NOT NULL ENABLE);
--------------------------------------------------------
--  Constraints for Table USER_PRO_HISTORY
--------------------------------------------------------

  ALTER TABLE "YUSUNGHO"."USER_PRO_HISTORY" ADD CONSTRAINT "엔터티1_PK9" PRIMARY KEY ("USER_ID", "PRO_NUM", "HISTORY_DATE")
  USING INDEX PCTFREE 10 INITRANS 2 MAXTRANS 255 COMPUTE STATISTICS 
  STORAGE(INITIAL 65536 NEXT 1048576 MINEXTENTS 1 MAXEXTENTS 2147483645
  PCTINCREASE 0 FREELISTS 1 FREELIST GROUPS 1 BUFFER_POOL DEFAULT FLASH_CACHE DEFAULT CELL_FLASH_CACHE DEFAULT)
  TABLESPACE "SYSTEM"  ENABLE;
  ALTER TABLE "YUSUNGHO"."USER_PRO_HISTORY" MODIFY ("HISTORY_DATE" NOT NULL ENABLE);
  ALTER TABLE "YUSUNGHO"."USER_PRO_HISTORY" MODIFY ("PRO_NUM" NOT NULL ENABLE);
  ALTER TABLE "YUSUNGHO"."USER_PRO_HISTORY" MODIFY ("USER_ID" NOT NULL ENABLE);
--------------------------------------------------------
--  Constraints for Table USER_PRO_LIST
--------------------------------------------------------

  ALTER TABLE "YUSUNGHO"."USER_PRO_LIST" MODIFY ("USER_ID" NOT NULL ENABLE);
  ALTER TABLE "YUSUNGHO"."USER_PRO_LIST" MODIFY ("PRO_NUM" NOT NULL ENABLE);
  ALTER TABLE "YUSUNGHO"."USER_PRO_LIST" ADD CONSTRAINT "엔터티1_PK7" PRIMARY KEY ("USER_ID", "PRO_NUM")
  USING INDEX PCTFREE 10 INITRANS 2 MAXTRANS 255 COMPUTE STATISTICS 
  STORAGE(INITIAL 65536 NEXT 1048576 MINEXTENTS 1 MAXEXTENTS 2147483645
  PCTINCREASE 0 FREELISTS 1 FREELIST GROUPS 1 BUFFER_POOL DEFAULT FLASH_CACHE DEFAULT CELL_FLASH_CACHE DEFAULT)
  TABLESPACE "SYSTEM"  ENABLE;
--------------------------------------------------------
--  Constraints for Table USER_TABLE
--------------------------------------------------------

  ALTER TABLE "YUSUNGHO"."USER_TABLE" ADD CONSTRAINT "엔터티2_PK" PRIMARY KEY ("USER_ID")
  USING INDEX PCTFREE 10 INITRANS 2 MAXTRANS 255 COMPUTE STATISTICS 
  STORAGE(INITIAL 65536 NEXT 1048576 MINEXTENTS 1 MAXEXTENTS 2147483645
  PCTINCREASE 0 FREELISTS 1 FREELIST GROUPS 1 BUFFER_POOL DEFAULT FLASH_CACHE DEFAULT CELL_FLASH_CACHE DEFAULT)
  TABLESPACE "SYSTEM"  ENABLE;
  ALTER TABLE "YUSUNGHO"."USER_TABLE" MODIFY ("USER_ID" NOT NULL ENABLE);
