--------------------------------------------------------
--  파일이 생성됨 - 월요일-10월-19-2020   
--------------------------------------------------------
--------------------------------------------------------
--  DDL for Table BOARD
--------------------------------------------------------

  CREATE TABLE "YUSUNGHO"."BOARD" 
   (	"BOARD_NUM" VARCHAR2(50 BYTE), 
	"GROUP_NUM" VARCHAR2(50 BYTE), 
	"BOARD_NAME" VARCHAR2(50 BYTE)
   ) SEGMENT CREATION IMMEDIATE 
  PCTFREE 10 PCTUSED 40 INITRANS 1 MAXTRANS 255 NOCOMPRESS LOGGING
  STORAGE(INITIAL 65536 NEXT 1048576 MINEXTENTS 1 MAXEXTENTS 2147483645
  PCTINCREASE 0 FREELISTS 1 FREELIST GROUPS 1 BUFFER_POOL DEFAULT FLASH_CACHE DEFAULT CELL_FLASH_CACHE DEFAULT)
  TABLESPACE "SYSTEM" ;

   COMMENT ON COLUMN "YUSUNGHO"."BOARD"."BOARD_NUM" IS '게시판번호';
   COMMENT ON COLUMN "YUSUNGHO"."BOARD"."GROUP_NUM" IS '그룹번호';
   COMMENT ON COLUMN "YUSUNGHO"."BOARD"."BOARD_NAME" IS '이름';
   COMMENT ON TABLE "YUSUNGHO"."BOARD"  IS '게시판';
--------------------------------------------------------
--  DDL for Table CALENDER
--------------------------------------------------------

  CREATE TABLE "YUSUNGHO"."CALENDER" 
   (	"CAL_ID" VARCHAR2(50 BYTE), 
	"CAL_DATE" DATE, 
	"USER_ID" VARCHAR2(30 BYTE), 
	"CAL_STARTDATE" DATE, 
	"CAL_ENDDATE" DATE, 
	"CAL_CONTENT" VARCHAR2(500 BYTE), 
	"CAL_NAME" VARCHAR2(50 BYTE), 
	"CAL_CATEGORY" VARCHAR2(50 BYTE)
   ) SEGMENT CREATION IMMEDIATE 
  PCTFREE 10 PCTUSED 40 INITRANS 1 MAXTRANS 255 NOCOMPRESS LOGGING
  STORAGE(INITIAL 65536 NEXT 1048576 MINEXTENTS 1 MAXEXTENTS 2147483645
  PCTINCREASE 0 FREELISTS 1 FREELIST GROUPS 1 BUFFER_POOL DEFAULT FLASH_CACHE DEFAULT CELL_FLASH_CACHE DEFAULT)
  TABLESPACE "SYSTEM" ;

   COMMENT ON COLUMN "YUSUNGHO"."CALENDER"."CAL_ID" IS '일정번호';
   COMMENT ON COLUMN "YUSUNGHO"."CALENDER"."CAL_DATE" IS '날짜';
   COMMENT ON COLUMN "YUSUNGHO"."CALENDER"."USER_ID" IS '회원ID';
   COMMENT ON COLUMN "YUSUNGHO"."CALENDER"."CAL_STARTDATE" IS '일정시작일자';
   COMMENT ON COLUMN "YUSUNGHO"."CALENDER"."CAL_ENDDATE" IS '일정종료일자';
   COMMENT ON COLUMN "YUSUNGHO"."CALENDER"."CAL_CONTENT" IS '일정내용';
   COMMENT ON COLUMN "YUSUNGHO"."CALENDER"."CAL_NAME" IS '일정제목';
   COMMENT ON COLUMN "YUSUNGHO"."CALENDER"."CAL_CATEGORY" IS '일정분류';
   COMMENT ON TABLE "YUSUNGHO"."CALENDER"  IS '일정';
--------------------------------------------------------
--  DDL for Table COL_ANSWER
--------------------------------------------------------

  CREATE TABLE "YUSUNGHO"."COL_ANSWER" 
   (	"USER_ID" VARCHAR2(30 BYTE), 
	"COL_NUM" VARCHAR2(50 BYTE), 
	"COL_SOLVEDATE" VARCHAR2(100 BYTE), 
	"COL_WRONGCONTENT" VARCHAR2(1000 BYTE), 
	"COL_REALANSWER" VARCHAR2(200 BYTE), 
	"PRO_NUM" VARCHAR2(50 BYTE), 
	"COL_LIST_NUM" VARCHAR2(50 BYTE)
   ) SEGMENT CREATION IMMEDIATE 
  PCTFREE 10 PCTUSED 40 INITRANS 1 MAXTRANS 255 NOCOMPRESS LOGGING
  STORAGE(INITIAL 65536 NEXT 1048576 MINEXTENTS 1 MAXEXTENTS 2147483645
  PCTINCREASE 0 FREELISTS 1 FREELIST GROUPS 1 BUFFER_POOL DEFAULT FLASH_CACHE DEFAULT CELL_FLASH_CACHE DEFAULT)
  TABLESPACE "SYSTEM" ;

   COMMENT ON COLUMN "YUSUNGHO"."COL_ANSWER"."USER_ID" IS '아이디';
   COMMENT ON COLUMN "YUSUNGHO"."COL_ANSWER"."COL_NUM" IS '문제집번호';
   COMMENT ON COLUMN "YUSUNGHO"."COL_ANSWER"."COL_SOLVEDATE" IS '문제집푼시각';
   COMMENT ON COLUMN "YUSUNGHO"."COL_ANSWER"."COL_WRONGCONTENT" IS '오답내역';
   COMMENT ON COLUMN "YUSUNGHO"."COL_ANSWER"."COL_REALANSWER" IS '정답';
   COMMENT ON COLUMN "YUSUNGHO"."COL_ANSWER"."PRO_NUM" IS '문제번호';
   COMMENT ON COLUMN "YUSUNGHO"."COL_ANSWER"."COL_LIST_NUM" IS '문제순서번호';
   COMMENT ON TABLE "YUSUNGHO"."COL_ANSWER"  IS '문제집오답문제';
--------------------------------------------------------
--  DDL for Table COL_EVAL
--------------------------------------------------------

  CREATE TABLE "YUSUNGHO"."COL_EVAL" 
   (	"COL_EVAL_CONTENT" BLOB, 
	"COL_EVAL_SCORE" VARCHAR2(50 BYTE), 
	"USER_ID" VARCHAR2(30 BYTE), 
	"COL_NUM" VARCHAR2(50 BYTE)
   ) SEGMENT CREATION IMMEDIATE 
  PCTFREE 10 PCTUSED 40 INITRANS 1 MAXTRANS 255 NOCOMPRESS LOGGING
  STORAGE(INITIAL 65536 NEXT 1048576 MINEXTENTS 1 MAXEXTENTS 2147483645
  PCTINCREASE 0 FREELISTS 1 FREELIST GROUPS 1 BUFFER_POOL DEFAULT FLASH_CACHE DEFAULT CELL_FLASH_CACHE DEFAULT)
  TABLESPACE "SYSTEM" 
 LOB ("COL_EVAL_CONTENT") STORE AS BASICFILE (
  TABLESPACE "SYSTEM" ENABLE STORAGE IN ROW CHUNK 8192 RETENTION 
  NOCACHE LOGGING 
  STORAGE(INITIAL 65536 NEXT 1048576 MINEXTENTS 1 MAXEXTENTS 2147483645
  PCTINCREASE 0 FREELISTS 1 FREELIST GROUPS 1 BUFFER_POOL DEFAULT FLASH_CACHE DEFAULT CELL_FLASH_CACHE DEFAULT)) ;

   COMMENT ON COLUMN "YUSUNGHO"."COL_EVAL"."COL_EVAL_CONTENT" IS '내용';
   COMMENT ON COLUMN "YUSUNGHO"."COL_EVAL"."COL_EVAL_SCORE" IS '점수';
   COMMENT ON COLUMN "YUSUNGHO"."COL_EVAL"."USER_ID" IS '아이디';
   COMMENT ON COLUMN "YUSUNGHO"."COL_EVAL"."COL_NUM" IS '문제집번호';
   COMMENT ON TABLE "YUSUNGHO"."COL_EVAL"  IS '문제집평가';
--------------------------------------------------------
--  DDL for Table COL_HISTORY
--------------------------------------------------------

  CREATE TABLE "YUSUNGHO"."COL_HISTORY" 
   (	"COL_SOLVEDATE" VARCHAR2(100 BYTE), 
	"USER_ID" VARCHAR2(30 BYTE), 
	"COL_NUM" VARCHAR2(50 BYTE), 
	"COL_SCORE" VARCHAR2(50 BYTE)
   ) SEGMENT CREATION IMMEDIATE 
  PCTFREE 10 PCTUSED 40 INITRANS 1 MAXTRANS 255 NOCOMPRESS LOGGING
  STORAGE(INITIAL 65536 NEXT 1048576 MINEXTENTS 1 MAXEXTENTS 2147483645
  PCTINCREASE 0 FREELISTS 1 FREELIST GROUPS 1 BUFFER_POOL DEFAULT FLASH_CACHE DEFAULT CELL_FLASH_CACHE DEFAULT)
  TABLESPACE "SYSTEM" ;

   COMMENT ON COLUMN "YUSUNGHO"."COL_HISTORY"."COL_SOLVEDATE" IS '문제집푼시각';
   COMMENT ON COLUMN "YUSUNGHO"."COL_HISTORY"."USER_ID" IS '아이디';
   COMMENT ON COLUMN "YUSUNGHO"."COL_HISTORY"."COL_NUM" IS '문제집번호';
   COMMENT ON COLUMN "YUSUNGHO"."COL_HISTORY"."COL_SCORE" IS '점수';
   COMMENT ON TABLE "YUSUNGHO"."COL_HISTORY"  IS '문제집히스토리';
--------------------------------------------------------
--  DDL for Table COL_LIST
--------------------------------------------------------

  CREATE TABLE "YUSUNGHO"."COL_LIST" 
   (	"PRO_NUM" VARCHAR2(50 BYTE), 
	"COL_NUM" VARCHAR2(50 BYTE), 
	"COL_LIST_NUM" VARCHAR2(50 BYTE), 
	"COL_LIST_POINT" NUMBER
   ) SEGMENT CREATION IMMEDIATE 
  PCTFREE 10 PCTUSED 40 INITRANS 1 MAXTRANS 255 NOCOMPRESS LOGGING
  STORAGE(INITIAL 65536 NEXT 1048576 MINEXTENTS 1 MAXEXTENTS 2147483645
  PCTINCREASE 0 FREELISTS 1 FREELIST GROUPS 1 BUFFER_POOL DEFAULT FLASH_CACHE DEFAULT CELL_FLASH_CACHE DEFAULT)
  TABLESPACE "SYSTEM" ;

   COMMENT ON COLUMN "YUSUNGHO"."COL_LIST"."PRO_NUM" IS '문제번호';
   COMMENT ON COLUMN "YUSUNGHO"."COL_LIST"."COL_NUM" IS '문제집번호';
   COMMENT ON COLUMN "YUSUNGHO"."COL_LIST"."COL_LIST_NUM" IS '문제순서번호';
   COMMENT ON COLUMN "YUSUNGHO"."COL_LIST"."COL_LIST_POINT" IS '문제점수';
   COMMENT ON TABLE "YUSUNGHO"."COL_LIST"  IS '문제집문제';
--------------------------------------------------------
--  DDL for Table GROUP_TABLE
--------------------------------------------------------

  CREATE TABLE "YUSUNGHO"."GROUP_TABLE" 
   (	"GROUP_NUM" VARCHAR2(50 BYTE), 
	"GROUP_NAME" VARCHAR2(50 BYTE), 
	"GROUP_LEADER" VARCHAR2(50 BYTE), 
	"GROUP_CATEGORY" VARCHAR2(50 BYTE), 
	"GROUP_ICON" VARCHAR2(500 BYTE), 
	"GROUP_JOINMANNER" VARCHAR2(50 BYTE), 
	"GROUP_DESC" VARCHAR2(1000 BYTE), 
	"GROUP_DATE" DATE
   ) SEGMENT CREATION IMMEDIATE 
  PCTFREE 10 PCTUSED 40 INITRANS 1 MAXTRANS 255 NOCOMPRESS LOGGING
  STORAGE(INITIAL 65536 NEXT 1048576 MINEXTENTS 1 MAXEXTENTS 2147483645
  PCTINCREASE 0 FREELISTS 1 FREELIST GROUPS 1 BUFFER_POOL DEFAULT FLASH_CACHE DEFAULT CELL_FLASH_CACHE DEFAULT)
  TABLESPACE "SYSTEM" ;

   COMMENT ON COLUMN "YUSUNGHO"."GROUP_TABLE"."GROUP_NUM" IS '그룹번호';
   COMMENT ON COLUMN "YUSUNGHO"."GROUP_TABLE"."GROUP_NAME" IS '그룹명';
   COMMENT ON COLUMN "YUSUNGHO"."GROUP_TABLE"."GROUP_LEADER" IS '그룹장';
   COMMENT ON COLUMN "YUSUNGHO"."GROUP_TABLE"."GROUP_CATEGORY" IS '그룹카테고리';
   COMMENT ON COLUMN "YUSUNGHO"."GROUP_TABLE"."GROUP_ICON" IS '그룹아이콘';
   COMMENT ON COLUMN "YUSUNGHO"."GROUP_TABLE"."GROUP_JOINMANNER" IS '가입방식';
   COMMENT ON COLUMN "YUSUNGHO"."GROUP_TABLE"."GROUP_DESC" IS '그룹설명';
   COMMENT ON COLUMN "YUSUNGHO"."GROUP_TABLE"."GROUP_DATE" IS '그룹생성일';
   COMMENT ON TABLE "YUSUNGHO"."GROUP_TABLE"  IS '그룹';
--------------------------------------------------------
--  DDL for Table JOIN_GROUP_LIST
--------------------------------------------------------

  CREATE TABLE "YUSUNGHO"."JOIN_GROUP_LIST" 
   (	"GROUP_NUM" VARCHAR2(50 BYTE), 
	"USER_ID" VARCHAR2(30 BYTE), 
	"G_LIST_STATE" VARCHAR2(50 BYTE), 
	"G_LIST_JOINDATE" DATE, 
	"G_LIST_CANDIDATE" DATE
   ) SEGMENT CREATION IMMEDIATE 
  PCTFREE 10 PCTUSED 40 INITRANS 1 MAXTRANS 255 NOCOMPRESS LOGGING
  STORAGE(INITIAL 65536 NEXT 1048576 MINEXTENTS 1 MAXEXTENTS 2147483645
  PCTINCREASE 0 FREELISTS 1 FREELIST GROUPS 1 BUFFER_POOL DEFAULT FLASH_CACHE DEFAULT CELL_FLASH_CACHE DEFAULT)
  TABLESPACE "SYSTEM" ;

   COMMENT ON COLUMN "YUSUNGHO"."JOIN_GROUP_LIST"."GROUP_NUM" IS '그룹번호';
   COMMENT ON COLUMN "YUSUNGHO"."JOIN_GROUP_LIST"."USER_ID" IS '아이디';
   COMMENT ON COLUMN "YUSUNGHO"."JOIN_GROUP_LIST"."G_LIST_STATE" IS '등급-승인상태';
   COMMENT ON COLUMN "YUSUNGHO"."JOIN_GROUP_LIST"."G_LIST_JOINDATE" IS '가입일자';
   COMMENT ON COLUMN "YUSUNGHO"."JOIN_GROUP_LIST"."G_LIST_CANDIDATE" IS '가입신청일자';
   COMMENT ON TABLE "YUSUNGHO"."JOIN_GROUP_LIST"  IS '참여그룹';
--------------------------------------------------------
--  DDL for Table LEC_CONTENT
--------------------------------------------------------

  CREATE TABLE "YUSUNGHO"."LEC_CONTENT" 
   (	"LECTURE_ID" VARCHAR2(50 BYTE), 
	"LEC_CONTENT_ID" VARCHAR2(50 BYTE)
   ) SEGMENT CREATION IMMEDIATE 
  PCTFREE 10 PCTUSED 40 INITRANS 1 MAXTRANS 255 NOCOMPRESS LOGGING
  STORAGE(INITIAL 65536 NEXT 1048576 MINEXTENTS 1 MAXEXTENTS 2147483645
  PCTINCREASE 0 FREELISTS 1 FREELIST GROUPS 1 BUFFER_POOL DEFAULT FLASH_CACHE DEFAULT CELL_FLASH_CACHE DEFAULT)
  TABLESPACE "SYSTEM" ;

   COMMENT ON COLUMN "YUSUNGHO"."LEC_CONTENT"."LECTURE_ID" IS '강의번호';
   COMMENT ON COLUMN "YUSUNGHO"."LEC_CONTENT"."LEC_CONTENT_ID" IS '강의내용번호';
   COMMENT ON TABLE "YUSUNGHO"."LEC_CONTENT"  IS '강의내용';
--------------------------------------------------------
--  DDL for Table LEC_FILE
--------------------------------------------------------

  CREATE TABLE "YUSUNGHO"."LEC_FILE" 
   (	"LEC_FILE_ID" VARCHAR2(50 BYTE), 
	"LEC_FILE_NAME" VARCHAR2(50 BYTE), 
	"LECTURE_ID" VARCHAR2(50 BYTE), 
	"LEC_CONTENT_ID" VARCHAR2(50 BYTE), 
	"LEC_FILE_ORDER" VARCHAR2(50 BYTE)
   ) SEGMENT CREATION IMMEDIATE 
  PCTFREE 10 PCTUSED 40 INITRANS 1 MAXTRANS 255 NOCOMPRESS LOGGING
  STORAGE(INITIAL 65536 NEXT 1048576 MINEXTENTS 1 MAXEXTENTS 2147483645
  PCTINCREASE 0 FREELISTS 1 FREELIST GROUPS 1 BUFFER_POOL DEFAULT FLASH_CACHE DEFAULT CELL_FLASH_CACHE DEFAULT)
  TABLESPACE "SYSTEM" ;

   COMMENT ON COLUMN "YUSUNGHO"."LEC_FILE"."LEC_FILE_ID" IS '파일번호';
   COMMENT ON COLUMN "YUSUNGHO"."LEC_FILE"."LEC_FILE_NAME" IS '파일명';
   COMMENT ON COLUMN "YUSUNGHO"."LEC_FILE"."LECTURE_ID" IS '강의번호';
   COMMENT ON COLUMN "YUSUNGHO"."LEC_FILE"."LEC_CONTENT_ID" IS '강의내용번호';
   COMMENT ON COLUMN "YUSUNGHO"."LEC_FILE"."LEC_FILE_ORDER" IS '순서';
   COMMENT ON TABLE "YUSUNGHO"."LEC_FILE"  IS '강의파일';
--------------------------------------------------------
--  DDL for Table LECTURE
--------------------------------------------------------

  CREATE TABLE "YUSUNGHO"."LECTURE" 
   (	"LECTURE_ID" VARCHAR2(50 BYTE), 
	"LECTURE_CATEGORY" VARCHAR2(50 BYTE), 
	"LECTURE_NAME" VARCHAR2(50 BYTE), 
	"USER_ID" VARCHAR2(30 BYTE), 
	"LECTURE_TUITION" NUMBER
   ) SEGMENT CREATION IMMEDIATE 
  PCTFREE 10 PCTUSED 40 INITRANS 1 MAXTRANS 255 NOCOMPRESS LOGGING
  STORAGE(INITIAL 65536 NEXT 1048576 MINEXTENTS 1 MAXEXTENTS 2147483645
  PCTINCREASE 0 FREELISTS 1 FREELIST GROUPS 1 BUFFER_POOL DEFAULT FLASH_CACHE DEFAULT CELL_FLASH_CACHE DEFAULT)
  TABLESPACE "USERS" ;

   COMMENT ON COLUMN "YUSUNGHO"."LECTURE"."LECTURE_ID" IS '강의번호';
   COMMENT ON COLUMN "YUSUNGHO"."LECTURE"."LECTURE_CATEGORY" IS '분야';
   COMMENT ON COLUMN "YUSUNGHO"."LECTURE"."LECTURE_NAME" IS '강의명';
   COMMENT ON COLUMN "YUSUNGHO"."LECTURE"."USER_ID" IS '강사아이디';
   COMMENT ON COLUMN "YUSUNGHO"."LECTURE"."LECTURE_TUITION" IS '수강료';
   COMMENT ON TABLE "YUSUNGHO"."LECTURE"  IS '강의';
--------------------------------------------------------
--  DDL for Table ORDERS
--------------------------------------------------------

  CREATE TABLE "YUSUNGHO"."ORDERS" 
   (	"ORDER_ID" VARCHAR2(30 BYTE), 
	"USER_ID" VARCHAR2(30 BYTE), 
	"LECTURE_ID" VARCHAR2(30 BYTE), 
	"DISCOUNT_POINT" NUMBER, 
	"TOTAL_PRICE" NUMBER, 
	"POINT_OVER" CHAR(1 BYTE), 
	"ORDER_DATE" VARCHAR2(200 BYTE), 
	"ORDER_PRICE" NUMBER
   ) SEGMENT CREATION IMMEDIATE 
  PCTFREE 10 PCTUSED 40 INITRANS 1 MAXTRANS 255 NOCOMPRESS LOGGING
  STORAGE(INITIAL 65536 NEXT 1048576 MINEXTENTS 1 MAXEXTENTS 2147483645
  PCTINCREASE 0 FREELISTS 1 FREELIST GROUPS 1 BUFFER_POOL DEFAULT FLASH_CACHE DEFAULT CELL_FLASH_CACHE DEFAULT)
  TABLESPACE "USERS" ;

   COMMENT ON COLUMN "YUSUNGHO"."ORDERS"."ORDER_ID" IS '주문번호';
   COMMENT ON COLUMN "YUSUNGHO"."ORDERS"."USER_ID" IS '아이디';
   COMMENT ON COLUMN "YUSUNGHO"."ORDERS"."LECTURE_ID" IS '강의번호';
   COMMENT ON COLUMN "YUSUNGHO"."ORDERS"."DISCOUNT_POINT" IS '할인포인트';
   COMMENT ON COLUMN "YUSUNGHO"."ORDERS"."TOTAL_PRICE" IS '주문합계가격';
   COMMENT ON COLUMN "YUSUNGHO"."ORDERS"."ORDER_DATE" IS '주문날짜';
   COMMENT ON COLUMN "YUSUNGHO"."ORDERS"."ORDER_PRICE" IS '주문가격';
   COMMENT ON TABLE "YUSUNGHO"."ORDERS"  IS '주문';
--------------------------------------------------------
--  DDL for Table P_FILE
--------------------------------------------------------

  CREATE TABLE "YUSUNGHO"."P_FILE" 
   (	"P_FILE_NUM" VARCHAR2(50 BYTE), 
	"P_FILE_NAME" VARCHAR2(50 BYTE), 
	"P_FILE_ORDER" VARCHAR2(50 BYTE), 
	"PRO_NUM" VARCHAR2(50 BYTE)
   ) SEGMENT CREATION IMMEDIATE 
  PCTFREE 10 PCTUSED 40 INITRANS 1 MAXTRANS 255 NOCOMPRESS LOGGING
  STORAGE(INITIAL 65536 NEXT 1048576 MINEXTENTS 1 MAXEXTENTS 2147483645
  PCTINCREASE 0 FREELISTS 1 FREELIST GROUPS 1 BUFFER_POOL DEFAULT FLASH_CACHE DEFAULT CELL_FLASH_CACHE DEFAULT)
  TABLESPACE "SYSTEM" ;

   COMMENT ON COLUMN "YUSUNGHO"."P_FILE"."P_FILE_NUM" IS '파일번호';
   COMMENT ON COLUMN "YUSUNGHO"."P_FILE"."P_FILE_NAME" IS '파일명';
   COMMENT ON COLUMN "YUSUNGHO"."P_FILE"."P_FILE_ORDER" IS '순서';
   COMMENT ON COLUMN "YUSUNGHO"."P_FILE"."PRO_NUM" IS '문제번호';
   COMMENT ON TABLE "YUSUNGHO"."P_FILE"  IS '문제파일';
--------------------------------------------------------
--  DDL for Table POINT
--------------------------------------------------------

  CREATE TABLE "YUSUNGHO"."POINT" 
   (	"POINT_DATE" DATE, 
	"POINT_CHANGE" NUMBER, 
	"POINT_REST" NUMBER, 
	"USER_ID" VARCHAR2(30 BYTE), 
	"POINT_CONTENT" VARCHAR2(500 BYTE)
   ) SEGMENT CREATION IMMEDIATE 
  PCTFREE 10 PCTUSED 40 INITRANS 1 MAXTRANS 255 NOCOMPRESS LOGGING
  STORAGE(INITIAL 65536 NEXT 1048576 MINEXTENTS 1 MAXEXTENTS 2147483645
  PCTINCREASE 0 FREELISTS 1 FREELIST GROUPS 1 BUFFER_POOL DEFAULT FLASH_CACHE DEFAULT CELL_FLASH_CACHE DEFAULT)
  TABLESPACE "USERS" ;

   COMMENT ON COLUMN "YUSUNGHO"."POINT"."POINT_DATE" IS '변동시각';
   COMMENT ON COLUMN "YUSUNGHO"."POINT"."POINT_CHANGE" IS '변동금액';
   COMMENT ON COLUMN "YUSUNGHO"."POINT"."POINT_REST" IS '포인트 잔액';
   COMMENT ON COLUMN "YUSUNGHO"."POINT"."USER_ID" IS '아이디';
   COMMENT ON COLUMN "YUSUNGHO"."POINT"."POINT_CONTENT" IS '변동내역';
   COMMENT ON TABLE "YUSUNGHO"."POINT"  IS '포인트';
--------------------------------------------------------
--  DDL for Table POST
--------------------------------------------------------

  CREATE TABLE "YUSUNGHO"."POST" 
   (	"POST_NUM" VARCHAR2(50 BYTE), 
	"BOARD_NUM" VARCHAR2(50 BYTE), 
	"USER_ID" VARCHAR2(30 BYTE), 
	"POST_TITLE" VARCHAR2(100 BYTE), 
	"POST_CONTENT" VARCHAR2(4000 BYTE), 
	"POST_DATE" DATE, 
	"POST_CATEGORY" VARCHAR2(50 BYTE), 
	"POST_PARENT" VARCHAR2(50 BYTE), 
	"IMAGEFILENAME" VARCHAR2(4000 BYTE)
   ) SEGMENT CREATION IMMEDIATE 
  PCTFREE 10 PCTUSED 40 INITRANS 1 MAXTRANS 255 NOCOMPRESS LOGGING
  STORAGE(INITIAL 65536 NEXT 1048576 MINEXTENTS 1 MAXEXTENTS 2147483645
  PCTINCREASE 0 FREELISTS 1 FREELIST GROUPS 1 BUFFER_POOL DEFAULT FLASH_CACHE DEFAULT CELL_FLASH_CACHE DEFAULT)
  TABLESPACE "SYSTEM" ;

   COMMENT ON COLUMN "YUSUNGHO"."POST"."POST_NUM" IS '글번호';
   COMMENT ON COLUMN "YUSUNGHO"."POST"."BOARD_NUM" IS '게시판번호';
   COMMENT ON COLUMN "YUSUNGHO"."POST"."USER_ID" IS '작성자아이디';
   COMMENT ON COLUMN "YUSUNGHO"."POST"."POST_TITLE" IS '제목';
   COMMENT ON COLUMN "YUSUNGHO"."POST"."POST_CONTENT" IS '내용';
   COMMENT ON COLUMN "YUSUNGHO"."POST"."POST_DATE" IS '작성시각';
   COMMENT ON COLUMN "YUSUNGHO"."POST"."POST_CATEGORY" IS '분류';
   COMMENT ON COLUMN "YUSUNGHO"."POST"."POST_PARENT" IS '상위글';
   COMMENT ON TABLE "YUSUNGHO"."POST"  IS '게시글/댓글';
--------------------------------------------------------
--  DDL for Table POST_FILE
--------------------------------------------------------

  CREATE TABLE "YUSUNGHO"."POST_FILE" 
   (	"POST_FILE_NUM" VARCHAR2(50 BYTE), 
	"POST_NUM" VARCHAR2(50 BYTE), 
	"POST_FILE_NAME" VARCHAR2(100 BYTE), 
	"POST_FILE_ORDER" VARCHAR2(50 BYTE)
   ) SEGMENT CREATION IMMEDIATE 
  PCTFREE 10 PCTUSED 40 INITRANS 1 MAXTRANS 255 NOCOMPRESS LOGGING
  STORAGE(INITIAL 65536 NEXT 1048576 MINEXTENTS 1 MAXEXTENTS 2147483645
  PCTINCREASE 0 FREELISTS 1 FREELIST GROUPS 1 BUFFER_POOL DEFAULT FLASH_CACHE DEFAULT CELL_FLASH_CACHE DEFAULT)
  TABLESPACE "SYSTEM" ;

   COMMENT ON COLUMN "YUSUNGHO"."POST_FILE"."POST_FILE_NUM" IS '파일번호';
   COMMENT ON COLUMN "YUSUNGHO"."POST_FILE"."POST_NUM" IS '글번호';
   COMMENT ON COLUMN "YUSUNGHO"."POST_FILE"."POST_FILE_NAME" IS '파일명';
   COMMENT ON COLUMN "YUSUNGHO"."POST_FILE"."POST_FILE_ORDER" IS '순서';
   COMMENT ON TABLE "YUSUNGHO"."POST_FILE"  IS '게시글파일';
--------------------------------------------------------
--  DDL for Table PRO_CATEGORY
--------------------------------------------------------

  CREATE TABLE "YUSUNGHO"."PRO_CATEGORY" 
   (	"CATEGORY_ID" VARCHAR2(50 BYTE), 
	"CATEGORY_NAME" VARCHAR2(100 BYTE)
   ) SEGMENT CREATION IMMEDIATE 
  PCTFREE 10 PCTUSED 40 INITRANS 1 MAXTRANS 255 NOCOMPRESS LOGGING
  STORAGE(INITIAL 65536 NEXT 1048576 MINEXTENTS 1 MAXEXTENTS 2147483645
  PCTINCREASE 0 FREELISTS 1 FREELIST GROUPS 1 BUFFER_POOL DEFAULT FLASH_CACHE DEFAULT CELL_FLASH_CACHE DEFAULT)
  TABLESPACE "SYSTEM" ;

   COMMENT ON COLUMN "YUSUNGHO"."PRO_CATEGORY"."CATEGORY_ID" IS '카테고리id';
   COMMENT ON COLUMN "YUSUNGHO"."PRO_CATEGORY"."CATEGORY_NAME" IS '카테고리이름';
   COMMENT ON TABLE "YUSUNGHO"."PRO_CATEGORY"  IS '문제카테고리';
--------------------------------------------------------
--  DDL for Table PRO_CHOICE
--------------------------------------------------------

  CREATE TABLE "YUSUNGHO"."PRO_CHOICE" 
   (	"CHO_CONTENT" VARCHAR2(500 BYTE), 
	"PRO_NUM" VARCHAR2(50 BYTE), 
	"CHO_NUM" VARCHAR2(50 BYTE)
   ) SEGMENT CREATION IMMEDIATE 
  PCTFREE 10 PCTUSED 40 INITRANS 1 MAXTRANS 255 NOCOMPRESS LOGGING
  STORAGE(INITIAL 65536 NEXT 1048576 MINEXTENTS 1 MAXEXTENTS 2147483645
  PCTINCREASE 0 FREELISTS 1 FREELIST GROUPS 1 BUFFER_POOL DEFAULT FLASH_CACHE DEFAULT CELL_FLASH_CACHE DEFAULT)
  TABLESPACE "SYSTEM" ;

   COMMENT ON COLUMN "YUSUNGHO"."PRO_CHOICE"."CHO_CONTENT" IS '내용';
   COMMENT ON COLUMN "YUSUNGHO"."PRO_CHOICE"."PRO_NUM" IS '문제번호';
   COMMENT ON COLUMN "YUSUNGHO"."PRO_CHOICE"."CHO_NUM" IS '번호';
   COMMENT ON TABLE "YUSUNGHO"."PRO_CHOICE"  IS '문제 항목';
--------------------------------------------------------
--  DDL for Table PRO_COLLECTION
--------------------------------------------------------

  CREATE TABLE "YUSUNGHO"."PRO_COLLECTION" 
   (	"COL_NUM" VARCHAR2(50 BYTE), 
	"USER_ID" VARCHAR2(30 BYTE), 
	"COL_NAME" VARCHAR2(50 BYTE), 
	"COL_TAG" VARCHAR2(50 BYTE), 
	"CATEGORY_ID" VARCHAR2(50 BYTE), 
	"CATEGORY_NAME" VARCHAR2(100 BYTE), 
	"COL_MAXSCORE" VARCHAR2(50 BYTE)
   ) SEGMENT CREATION IMMEDIATE 
  PCTFREE 10 PCTUSED 40 INITRANS 1 MAXTRANS 255 NOCOMPRESS LOGGING
  STORAGE(INITIAL 65536 NEXT 1048576 MINEXTENTS 1 MAXEXTENTS 2147483645
  PCTINCREASE 0 FREELISTS 1 FREELIST GROUPS 1 BUFFER_POOL DEFAULT FLASH_CACHE DEFAULT CELL_FLASH_CACHE DEFAULT)
  TABLESPACE "SYSTEM" ;

   COMMENT ON COLUMN "YUSUNGHO"."PRO_COLLECTION"."COL_NUM" IS '문제집번호';
   COMMENT ON COLUMN "YUSUNGHO"."PRO_COLLECTION"."USER_ID" IS '제작자아이디';
   COMMENT ON COLUMN "YUSUNGHO"."PRO_COLLECTION"."COL_NAME" IS '제목';
   COMMENT ON COLUMN "YUSUNGHO"."PRO_COLLECTION"."COL_TAG" IS '기출분류';
   COMMENT ON COLUMN "YUSUNGHO"."PRO_COLLECTION"."CATEGORY_ID" IS '카테고리id';
   COMMENT ON COLUMN "YUSUNGHO"."PRO_COLLECTION"."CATEGORY_NAME" IS '카테고리이름';
   COMMENT ON COLUMN "YUSUNGHO"."PRO_COLLECTION"."COL_MAXSCORE" IS '만점';
   COMMENT ON TABLE "YUSUNGHO"."PRO_COLLECTION"  IS '문제집';
--------------------------------------------------------
--  DDL for Table PRO_EVAL
--------------------------------------------------------

  CREATE TABLE "YUSUNGHO"."PRO_EVAL" 
   (	"PRO_EVAL_CONTENT" BLOB, 
	"PRO_EVAL_SCORE" VARCHAR2(50 BYTE), 
	"USER_ID" VARCHAR2(30 BYTE), 
	"PRO_NUM" VARCHAR2(50 BYTE)
   ) SEGMENT CREATION IMMEDIATE 
  PCTFREE 10 PCTUSED 40 INITRANS 1 MAXTRANS 255 NOCOMPRESS LOGGING
  STORAGE(INITIAL 65536 NEXT 1048576 MINEXTENTS 1 MAXEXTENTS 2147483645
  PCTINCREASE 0 FREELISTS 1 FREELIST GROUPS 1 BUFFER_POOL DEFAULT FLASH_CACHE DEFAULT CELL_FLASH_CACHE DEFAULT)
  TABLESPACE "SYSTEM" 
 LOB ("PRO_EVAL_CONTENT") STORE AS BASICFILE (
  TABLESPACE "SYSTEM" ENABLE STORAGE IN ROW CHUNK 8192 RETENTION 
  NOCACHE LOGGING 
  STORAGE(INITIAL 65536 NEXT 1048576 MINEXTENTS 1 MAXEXTENTS 2147483645
  PCTINCREASE 0 FREELISTS 1 FREELIST GROUPS 1 BUFFER_POOL DEFAULT FLASH_CACHE DEFAULT CELL_FLASH_CACHE DEFAULT)) ;

   COMMENT ON COLUMN "YUSUNGHO"."PRO_EVAL"."PRO_EVAL_CONTENT" IS '내용';
   COMMENT ON COLUMN "YUSUNGHO"."PRO_EVAL"."PRO_EVAL_SCORE" IS '점수';
   COMMENT ON COLUMN "YUSUNGHO"."PRO_EVAL"."USER_ID" IS '아이디';
   COMMENT ON COLUMN "YUSUNGHO"."PRO_EVAL"."PRO_NUM" IS '문제번호';
   COMMENT ON TABLE "YUSUNGHO"."PRO_EVAL"  IS '문제평가';
--------------------------------------------------------
--  DDL for Table PRO_TAG
--------------------------------------------------------

  CREATE TABLE "YUSUNGHO"."PRO_TAG" 
   (	"CATEGORY_ID" VARCHAR2(50 BYTE), 
	"CATEGORY_NAME" VARCHAR2(100 BYTE), 
	"TAG_ID" VARCHAR2(50 BYTE), 
	"TAG_NAME" VARCHAR2(50 BYTE), 
	"TAG_ISCHOICE" VARCHAR2(10 BYTE)
   ) SEGMENT CREATION IMMEDIATE 
  PCTFREE 10 PCTUSED 40 INITRANS 1 MAXTRANS 255 NOCOMPRESS LOGGING
  STORAGE(INITIAL 65536 NEXT 1048576 MINEXTENTS 1 MAXEXTENTS 2147483645
  PCTINCREASE 0 FREELISTS 1 FREELIST GROUPS 1 BUFFER_POOL DEFAULT FLASH_CACHE DEFAULT CELL_FLASH_CACHE DEFAULT)
  TABLESPACE "SYSTEM" ;

   COMMENT ON COLUMN "YUSUNGHO"."PRO_TAG"."CATEGORY_ID" IS '카테고리id';
   COMMENT ON COLUMN "YUSUNGHO"."PRO_TAG"."CATEGORY_NAME" IS '카테고리이름';
   COMMENT ON COLUMN "YUSUNGHO"."PRO_TAG"."TAG_ID" IS '태그ID';
   COMMENT ON COLUMN "YUSUNGHO"."PRO_TAG"."TAG_NAME" IS '태그이름';
   COMMENT ON COLUMN "YUSUNGHO"."PRO_TAG"."TAG_ISCHOICE" IS '태그객관식여부';
   COMMENT ON TABLE "YUSUNGHO"."PRO_TAG"  IS '문제태그';
--------------------------------------------------------
--  DDL for Table PROBLEM
--------------------------------------------------------

  CREATE TABLE "YUSUNGHO"."PROBLEM" 
   (	"PRO_NUM" VARCHAR2(50 BYTE), 
	"PRO_FIELD" VARCHAR2(50 BYTE), 
	"PRO_NAME" VARCHAR2(50 BYTE), 
	"PRO_CONTENT" VARCHAR2(4000 BYTE), 
	"PRO_ANSWER" VARCHAR2(200 BYTE), 
	"PRO_COMMENT" VARCHAR2(500 BYTE), 
	"CATEGORY_ID" VARCHAR2(50 BYTE), 
	"CATEGORY_NAME" VARCHAR2(100 BYTE), 
	"TAG_ID" VARCHAR2(50 BYTE), 
	"TAG_NAME" VARCHAR2(50 BYTE), 
	"TAG_ISCHOICE" VARCHAR2(10 BYTE), 
	"USER_ID" VARCHAR2(30 BYTE)
   ) SEGMENT CREATION IMMEDIATE 
  PCTFREE 10 PCTUSED 40 INITRANS 1 MAXTRANS 255 NOCOMPRESS LOGGING
  STORAGE(INITIAL 65536 NEXT 1048576 MINEXTENTS 1 MAXEXTENTS 2147483645
  PCTINCREASE 0 FREELISTS 1 FREELIST GROUPS 1 BUFFER_POOL DEFAULT FLASH_CACHE DEFAULT CELL_FLASH_CACHE DEFAULT)
  TABLESPACE "SYSTEM" ;

   COMMENT ON COLUMN "YUSUNGHO"."PROBLEM"."PRO_NUM" IS '문제번호';
   COMMENT ON COLUMN "YUSUNGHO"."PROBLEM"."PRO_FIELD" IS '분야';
   COMMENT ON COLUMN "YUSUNGHO"."PROBLEM"."PRO_NAME" IS '제목';
   COMMENT ON COLUMN "YUSUNGHO"."PROBLEM"."PRO_CONTENT" IS '내용';
   COMMENT ON COLUMN "YUSUNGHO"."PROBLEM"."PRO_ANSWER" IS '정답';
   COMMENT ON COLUMN "YUSUNGHO"."PROBLEM"."PRO_COMMENT" IS '해설';
   COMMENT ON COLUMN "YUSUNGHO"."PROBLEM"."CATEGORY_ID" IS '카테고리id';
   COMMENT ON COLUMN "YUSUNGHO"."PROBLEM"."CATEGORY_NAME" IS '카테고리이름';
   COMMENT ON COLUMN "YUSUNGHO"."PROBLEM"."TAG_ID" IS '태그ID';
   COMMENT ON COLUMN "YUSUNGHO"."PROBLEM"."TAG_NAME" IS '태그이름';
   COMMENT ON COLUMN "YUSUNGHO"."PROBLEM"."TAG_ISCHOICE" IS '태그객관식여부';
   COMMENT ON COLUMN "YUSUNGHO"."PROBLEM"."USER_ID" IS '제작자아이디';
   COMMENT ON TABLE "YUSUNGHO"."PROBLEM"  IS '문제';
--------------------------------------------------------
--  DDL for Table SCORE
--------------------------------------------------------

  CREATE TABLE "YUSUNGHO"."SCORE" 
   (	"SCORE_CONTENT" VARCHAR2(500 BYTE), 
	"SCORE_DATE" DATE, 
	"SCORE_POINT" VARCHAR2(50 BYTE), 
	"USER_ID" VARCHAR2(30 BYTE), 
	"SCORE_CATEGORY" VARCHAR2(50 BYTE)
   ) SEGMENT CREATION IMMEDIATE 
  PCTFREE 10 PCTUSED 40 INITRANS 1 MAXTRANS 255 NOCOMPRESS LOGGING
  STORAGE(INITIAL 65536 NEXT 1048576 MINEXTENTS 1 MAXEXTENTS 2147483645
  PCTINCREASE 0 FREELISTS 1 FREELIST GROUPS 1 BUFFER_POOL DEFAULT FLASH_CACHE DEFAULT CELL_FLASH_CACHE DEFAULT)
  TABLESPACE "SYSTEM" ;

   COMMENT ON COLUMN "YUSUNGHO"."SCORE"."SCORE_CONTENT" IS '내역';
   COMMENT ON COLUMN "YUSUNGHO"."SCORE"."SCORE_DATE" IS '시각';
   COMMENT ON COLUMN "YUSUNGHO"."SCORE"."SCORE_POINT" IS '변동점수';
   COMMENT ON COLUMN "YUSUNGHO"."SCORE"."USER_ID" IS '아이디';
   COMMENT ON COLUMN "YUSUNGHO"."SCORE"."SCORE_CATEGORY" IS '분류';
   COMMENT ON TABLE "YUSUNGHO"."SCORE"  IS '점수';
--------------------------------------------------------
--  DDL for Table STUDENT
--------------------------------------------------------

  CREATE TABLE "YUSUNGHO"."STUDENT" 
   (	"LECTURE_ID" VARCHAR2(50 BYTE), 
	"USER_ID" VARCHAR2(30 BYTE), 
	"STU_EVALSCORE" NUMBER, 
	"STU_EVALCONTENT" VARCHAR2(500 BYTE)
   ) SEGMENT CREATION IMMEDIATE 
  PCTFREE 10 PCTUSED 40 INITRANS 1 MAXTRANS 255 NOCOMPRESS LOGGING
  STORAGE(INITIAL 65536 NEXT 1048576 MINEXTENTS 1 MAXEXTENTS 2147483645
  PCTINCREASE 0 FREELISTS 1 FREELIST GROUPS 1 BUFFER_POOL DEFAULT FLASH_CACHE DEFAULT CELL_FLASH_CACHE DEFAULT)
  TABLESPACE "SYSTEM" ;

   COMMENT ON COLUMN "YUSUNGHO"."STUDENT"."LECTURE_ID" IS '강의번호';
   COMMENT ON COLUMN "YUSUNGHO"."STUDENT"."USER_ID" IS '수강생아이디';
   COMMENT ON COLUMN "YUSUNGHO"."STUDENT"."STU_EVALSCORE" IS '강의평가점수';
   COMMENT ON COLUMN "YUSUNGHO"."STUDENT"."STU_EVALCONTENT" IS '강의평가내용';
   COMMENT ON TABLE "YUSUNGHO"."STUDENT"  IS '강의수강생';
--------------------------------------------------------
--  DDL for Table USER_PRO_HISTORY
--------------------------------------------------------

  CREATE TABLE "YUSUNGHO"."USER_PRO_HISTORY" 
   (	"HISTORY_ANSWER" VARCHAR2(200 BYTE), 
	"USER_ID" VARCHAR2(30 BYTE), 
	"PRO_NUM" VARCHAR2(50 BYTE), 
	"HISTORY_DATE" VARCHAR2(200 BYTE), 
	"HISTORY_OX" VARCHAR2(50 BYTE)
   ) SEGMENT CREATION IMMEDIATE 
  PCTFREE 10 PCTUSED 40 INITRANS 1 MAXTRANS 255 NOCOMPRESS LOGGING
  STORAGE(INITIAL 65536 NEXT 1048576 MINEXTENTS 1 MAXEXTENTS 2147483645
  PCTINCREASE 0 FREELISTS 1 FREELIST GROUPS 1 BUFFER_POOL DEFAULT FLASH_CACHE DEFAULT CELL_FLASH_CACHE DEFAULT)
  TABLESPACE "SYSTEM" ;

   COMMENT ON COLUMN "YUSUNGHO"."USER_PRO_HISTORY"."HISTORY_ANSWER" IS '사용자정답';
   COMMENT ON COLUMN "YUSUNGHO"."USER_PRO_HISTORY"."USER_ID" IS '아이디';
   COMMENT ON COLUMN "YUSUNGHO"."USER_PRO_HISTORY"."PRO_NUM" IS '문제번호';
   COMMENT ON COLUMN "YUSUNGHO"."USER_PRO_HISTORY"."HISTORY_DATE" IS '푼 일시';
   COMMENT ON COLUMN "YUSUNGHO"."USER_PRO_HISTORY"."HISTORY_OX" IS '정답여부';
   COMMENT ON TABLE "YUSUNGHO"."USER_PRO_HISTORY"  IS '문제히스토리';
--------------------------------------------------------
--  DDL for Table USER_PRO_LIST
--------------------------------------------------------

  CREATE TABLE "YUSUNGHO"."USER_PRO_LIST" 
   (	"USER_ID" VARCHAR2(30 BYTE), 
	"PRO_NUM" VARCHAR2(50 BYTE)
   ) SEGMENT CREATION IMMEDIATE 
  PCTFREE 10 PCTUSED 40 INITRANS 1 MAXTRANS 255 NOCOMPRESS LOGGING
  STORAGE(INITIAL 65536 NEXT 1048576 MINEXTENTS 1 MAXEXTENTS 2147483645
  PCTINCREASE 0 FREELISTS 1 FREELIST GROUPS 1 BUFFER_POOL DEFAULT FLASH_CACHE DEFAULT CELL_FLASH_CACHE DEFAULT)
  TABLESPACE "SYSTEM" ;

   COMMENT ON COLUMN "YUSUNGHO"."USER_PRO_LIST"."USER_ID" IS '아이디';
   COMMENT ON COLUMN "YUSUNGHO"."USER_PRO_LIST"."PRO_NUM" IS '문제번호';
   COMMENT ON TABLE "YUSUNGHO"."USER_PRO_LIST"  IS '사용자기출문제';
--------------------------------------------------------
--  DDL for Table USER_TABLE
--------------------------------------------------------

  CREATE TABLE "YUSUNGHO"."USER_TABLE" 
   (	"USER_ID" VARCHAR2(30 BYTE), 
	"USER_PW" VARCHAR2(200 BYTE), 
	"USER_TYPE" VARCHAR2(20 BYTE), 
	"USER_EMAIL" VARCHAR2(50 BYTE), 
	"USER_PHONE" VARCHAR2(50 BYTE), 
	"USER_NICKNAME" VARCHAR2(50 BYTE), 
	"USER_SIGNDATE" DATE
   ) SEGMENT CREATION IMMEDIATE 
  PCTFREE 10 PCTUSED 40 INITRANS 1 MAXTRANS 255 NOCOMPRESS LOGGING
  STORAGE(INITIAL 65536 NEXT 1048576 MINEXTENTS 1 MAXEXTENTS 2147483645
  PCTINCREASE 0 FREELISTS 1 FREELIST GROUPS 1 BUFFER_POOL DEFAULT FLASH_CACHE DEFAULT CELL_FLASH_CACHE DEFAULT)
  TABLESPACE "SYSTEM" ;

   COMMENT ON COLUMN "YUSUNGHO"."USER_TABLE"."USER_ID" IS '아이디';
   COMMENT ON COLUMN "YUSUNGHO"."USER_TABLE"."USER_PW" IS '비밀번호';
   COMMENT ON COLUMN "YUSUNGHO"."USER_TABLE"."USER_TYPE" IS '사용자분류';
   COMMENT ON COLUMN "YUSUNGHO"."USER_TABLE"."USER_EMAIL" IS '이메일';
   COMMENT ON COLUMN "YUSUNGHO"."USER_TABLE"."USER_PHONE" IS '전화번호';
   COMMENT ON COLUMN "YUSUNGHO"."USER_TABLE"."USER_NICKNAME" IS '닉네임';
   COMMENT ON COLUMN "YUSUNGHO"."USER_TABLE"."USER_SIGNDATE" IS '가입날짜';
   COMMENT ON TABLE "YUSUNGHO"."USER_TABLE"  IS '사용자';
REM INSERTING into YUSUNGHO.BOARD
SET DEFINE OFF;
REM INSERTING into YUSUNGHO.CALENDER
SET DEFINE OFF;
REM INSERTING into YUSUNGHO.COL_ANSWER
SET DEFINE OFF;
Insert into YUSUNGHO.COL_ANSWER (USER_ID,COL_NUM,COL_SOLVEDATE,COL_WRONGCONTENT,COL_REALANSWER,PRO_NUM,COL_LIST_NUM) values ('test','1','2020-10-14 17:53:25:53','2','2','2','2');
Insert into YUSUNGHO.COL_ANSWER (USER_ID,COL_NUM,COL_SOLVEDATE,COL_WRONGCONTENT,COL_REALANSWER,PRO_NUM,COL_LIST_NUM) values ('test','1','2020-10-14 17:53:25:53','4','4','3','3');
Insert into YUSUNGHO.COL_ANSWER (USER_ID,COL_NUM,COL_SOLVEDATE,COL_WRONGCONTENT,COL_REALANSWER,PRO_NUM,COL_LIST_NUM) values ('test','1','2020-10-14 17:53:25:53','3','3','4','4');
Insert into YUSUNGHO.COL_ANSWER (USER_ID,COL_NUM,COL_SOLVEDATE,COL_WRONGCONTENT,COL_REALANSWER,PRO_NUM,COL_LIST_NUM) values ('test','1','2020-10-14 17:53:25:53','3','3','5','5');
Insert into YUSUNGHO.COL_ANSWER (USER_ID,COL_NUM,COL_SOLVEDATE,COL_WRONGCONTENT,COL_REALANSWER,PRO_NUM,COL_LIST_NUM) values ('test','1','2020-10-14 17:54:18:66','3','3','1','1');
Insert into YUSUNGHO.COL_ANSWER (USER_ID,COL_NUM,COL_SOLVEDATE,COL_WRONGCONTENT,COL_REALANSWER,PRO_NUM,COL_LIST_NUM) values ('test','1','2020-10-14 17:54:18:66','2','2','2','2');
Insert into YUSUNGHO.COL_ANSWER (USER_ID,COL_NUM,COL_SOLVEDATE,COL_WRONGCONTENT,COL_REALANSWER,PRO_NUM,COL_LIST_NUM) values ('test','1','2020-10-14 17:54:18:66','4','4','3','3');
Insert into YUSUNGHO.COL_ANSWER (USER_ID,COL_NUM,COL_SOLVEDATE,COL_WRONGCONTENT,COL_REALANSWER,PRO_NUM,COL_LIST_NUM) values ('test','1','2020-10-14 17:54:18:66','3','3','4','4');
Insert into YUSUNGHO.COL_ANSWER (USER_ID,COL_NUM,COL_SOLVEDATE,COL_WRONGCONTENT,COL_REALANSWER,PRO_NUM,COL_LIST_NUM) values ('test','1','2020-10-14 17:54:18:66','3','3','5','5');
Insert into YUSUNGHO.COL_ANSWER (USER_ID,COL_NUM,COL_SOLVEDATE,COL_WRONGCONTENT,COL_REALANSWER,PRO_NUM,COL_LIST_NUM) values ('test','1','2020-10-14 17:59:13:58','4','3','1','1');
Insert into YUSUNGHO.COL_ANSWER (USER_ID,COL_NUM,COL_SOLVEDATE,COL_WRONGCONTENT,COL_REALANSWER,PRO_NUM,COL_LIST_NUM) values ('test','1','2020-10-14 17:59:13:58','3','2','2','2');
Insert into YUSUNGHO.COL_ANSWER (USER_ID,COL_NUM,COL_SOLVEDATE,COL_WRONGCONTENT,COL_REALANSWER,PRO_NUM,COL_LIST_NUM) values ('test','1','2020-10-14 17:59:13:58','2','4','3','3');
Insert into YUSUNGHO.COL_ANSWER (USER_ID,COL_NUM,COL_SOLVEDATE,COL_WRONGCONTENT,COL_REALANSWER,PRO_NUM,COL_LIST_NUM) values ('test','1','2020-10-14 17:59:13:58','2','3','4','4');
Insert into YUSUNGHO.COL_ANSWER (USER_ID,COL_NUM,COL_SOLVEDATE,COL_WRONGCONTENT,COL_REALANSWER,PRO_NUM,COL_LIST_NUM) values ('test','1','2020-10-14 17:59:13:58','3','3','5','5');
Insert into YUSUNGHO.COL_ANSWER (USER_ID,COL_NUM,COL_SOLVEDATE,COL_WRONGCONTENT,COL_REALANSWER,PRO_NUM,COL_LIST_NUM) values ('test','1','2020-10-15 09:32:43:78','4','3','1','1');
Insert into YUSUNGHO.COL_ANSWER (USER_ID,COL_NUM,COL_SOLVEDATE,COL_WRONGCONTENT,COL_REALANSWER,PRO_NUM,COL_LIST_NUM) values ('test','1','2020-10-15 09:32:43:78','3','2','2','2');
Insert into YUSUNGHO.COL_ANSWER (USER_ID,COL_NUM,COL_SOLVEDATE,COL_WRONGCONTENT,COL_REALANSWER,PRO_NUM,COL_LIST_NUM) values ('test','1','2020-10-15 09:32:43:78','2','4','3','3');
Insert into YUSUNGHO.COL_ANSWER (USER_ID,COL_NUM,COL_SOLVEDATE,COL_WRONGCONTENT,COL_REALANSWER,PRO_NUM,COL_LIST_NUM) values ('test','1','2020-10-15 09:32:43:78','2','3','4','4');
Insert into YUSUNGHO.COL_ANSWER (USER_ID,COL_NUM,COL_SOLVEDATE,COL_WRONGCONTENT,COL_REALANSWER,PRO_NUM,COL_LIST_NUM) values ('test','1','2020-10-15 09:32:43:78','3','3','5','5');
Insert into YUSUNGHO.COL_ANSWER (USER_ID,COL_NUM,COL_SOLVEDATE,COL_WRONGCONTENT,COL_REALANSWER,PRO_NUM,COL_LIST_NUM) values ('test','1','2020-10-15 14:41:14:17','1','3','1','1');
Insert into YUSUNGHO.COL_ANSWER (USER_ID,COL_NUM,COL_SOLVEDATE,COL_WRONGCONTENT,COL_REALANSWER,PRO_NUM,COL_LIST_NUM) values ('test','1','2020-10-15 14:41:14:17','3','2','2','2');
Insert into YUSUNGHO.COL_ANSWER (USER_ID,COL_NUM,COL_SOLVEDATE,COL_WRONGCONTENT,COL_REALANSWER,PRO_NUM,COL_LIST_NUM) values ('test','1','2020-10-15 14:41:14:17','2','4','3','3');
Insert into YUSUNGHO.COL_ANSWER (USER_ID,COL_NUM,COL_SOLVEDATE,COL_WRONGCONTENT,COL_REALANSWER,PRO_NUM,COL_LIST_NUM) values ('test','1','2020-10-15 14:41:14:17','4','3','4','4');
Insert into YUSUNGHO.COL_ANSWER (USER_ID,COL_NUM,COL_SOLVEDATE,COL_WRONGCONTENT,COL_REALANSWER,PRO_NUM,COL_LIST_NUM) values ('test','1','2020-10-15 14:41:14:17','4','3','5','5');
Insert into YUSUNGHO.COL_ANSWER (USER_ID,COL_NUM,COL_SOLVEDATE,COL_WRONGCONTENT,COL_REALANSWER,PRO_NUM,COL_LIST_NUM) values ('test','1','2020-10-14 17:52:39:38','3','3','1','1');
Insert into YUSUNGHO.COL_ANSWER (USER_ID,COL_NUM,COL_SOLVEDATE,COL_WRONGCONTENT,COL_REALANSWER,PRO_NUM,COL_LIST_NUM) values ('test','1','2020-10-14 17:52:39:38','2','2','2','2');
Insert into YUSUNGHO.COL_ANSWER (USER_ID,COL_NUM,COL_SOLVEDATE,COL_WRONGCONTENT,COL_REALANSWER,PRO_NUM,COL_LIST_NUM) values ('test','1','2020-10-14 17:52:39:38','4','4','3','3');
Insert into YUSUNGHO.COL_ANSWER (USER_ID,COL_NUM,COL_SOLVEDATE,COL_WRONGCONTENT,COL_REALANSWER,PRO_NUM,COL_LIST_NUM) values ('test','1','2020-10-14 17:52:39:38','3','3','4','4');
Insert into YUSUNGHO.COL_ANSWER (USER_ID,COL_NUM,COL_SOLVEDATE,COL_WRONGCONTENT,COL_REALANSWER,PRO_NUM,COL_LIST_NUM) values ('test','1','2020-10-14 17:52:39:38','3','3','5','5');
Insert into YUSUNGHO.COL_ANSWER (USER_ID,COL_NUM,COL_SOLVEDATE,COL_WRONGCONTENT,COL_REALANSWER,PRO_NUM,COL_LIST_NUM) values ('test','1','2020-10-14 17:53:25:53','3','3','1','1');
Insert into YUSUNGHO.COL_ANSWER (USER_ID,COL_NUM,COL_SOLVEDATE,COL_WRONGCONTENT,COL_REALANSWER,PRO_NUM,COL_LIST_NUM) values ('test','1','2020-10-16 14:52:03:39','3','2','2','2');
Insert into YUSUNGHO.COL_ANSWER (USER_ID,COL_NUM,COL_SOLVEDATE,COL_WRONGCONTENT,COL_REALANSWER,PRO_NUM,COL_LIST_NUM) values ('test','1','2020-10-16 14:52:03:39','4','4','3','3');
Insert into YUSUNGHO.COL_ANSWER (USER_ID,COL_NUM,COL_SOLVEDATE,COL_WRONGCONTENT,COL_REALANSWER,PRO_NUM,COL_LIST_NUM) values ('test','1','2020-10-16 14:52:03:39','4','3','4','4');
Insert into YUSUNGHO.COL_ANSWER (USER_ID,COL_NUM,COL_SOLVEDATE,COL_WRONGCONTENT,COL_REALANSWER,PRO_NUM,COL_LIST_NUM) values ('test','1','2020-10-16 14:52:03:39','3','3','5','5');
Insert into YUSUNGHO.COL_ANSWER (USER_ID,COL_NUM,COL_SOLVEDATE,COL_WRONGCONTENT,COL_REALANSWER,PRO_NUM,COL_LIST_NUM) values ('test','1','2020-10-16 16:01:37:74','2','3','1','1');
Insert into YUSUNGHO.COL_ANSWER (USER_ID,COL_NUM,COL_SOLVEDATE,COL_WRONGCONTENT,COL_REALANSWER,PRO_NUM,COL_LIST_NUM) values ('test','1','2020-10-16 16:01:37:74','3','2','2','2');
Insert into YUSUNGHO.COL_ANSWER (USER_ID,COL_NUM,COL_SOLVEDATE,COL_WRONGCONTENT,COL_REALANSWER,PRO_NUM,COL_LIST_NUM) values ('test','1','2020-10-16 16:01:37:74','4','4','3','3');
Insert into YUSUNGHO.COL_ANSWER (USER_ID,COL_NUM,COL_SOLVEDATE,COL_WRONGCONTENT,COL_REALANSWER,PRO_NUM,COL_LIST_NUM) values ('test','1','2020-10-16 16:01:37:74','4','3','4','4');
Insert into YUSUNGHO.COL_ANSWER (USER_ID,COL_NUM,COL_SOLVEDATE,COL_WRONGCONTENT,COL_REALANSWER,PRO_NUM,COL_LIST_NUM) values ('test','1','2020-10-16 16:01:37:74','3','3','5','5');
Insert into YUSUNGHO.COL_ANSWER (USER_ID,COL_NUM,COL_SOLVEDATE,COL_WRONGCONTENT,COL_REALANSWER,PRO_NUM,COL_LIST_NUM) values ('test','1','2020-10-16 16:01:43:09','2','3','1','1');
Insert into YUSUNGHO.COL_ANSWER (USER_ID,COL_NUM,COL_SOLVEDATE,COL_WRONGCONTENT,COL_REALANSWER,PRO_NUM,COL_LIST_NUM) values ('test','1','2020-10-16 16:01:43:09','3','2','2','2');
Insert into YUSUNGHO.COL_ANSWER (USER_ID,COL_NUM,COL_SOLVEDATE,COL_WRONGCONTENT,COL_REALANSWER,PRO_NUM,COL_LIST_NUM) values ('test','1','2020-10-16 16:01:43:09','4','4','3','3');
Insert into YUSUNGHO.COL_ANSWER (USER_ID,COL_NUM,COL_SOLVEDATE,COL_WRONGCONTENT,COL_REALANSWER,PRO_NUM,COL_LIST_NUM) values ('test','1','2020-10-16 16:01:43:09','4','3','4','4');
Insert into YUSUNGHO.COL_ANSWER (USER_ID,COL_NUM,COL_SOLVEDATE,COL_WRONGCONTENT,COL_REALANSWER,PRO_NUM,COL_LIST_NUM) values ('test','1','2020-10-16 16:01:43:09','3','3','5','5');
Insert into YUSUNGHO.COL_ANSWER (USER_ID,COL_NUM,COL_SOLVEDATE,COL_WRONGCONTENT,COL_REALANSWER,PRO_NUM,COL_LIST_NUM) values ('test','1','2020-10-16 14:42:53:49','3','3','1','1');
Insert into YUSUNGHO.COL_ANSWER (USER_ID,COL_NUM,COL_SOLVEDATE,COL_WRONGCONTENT,COL_REALANSWER,PRO_NUM,COL_LIST_NUM) values ('test','1','2020-10-16 14:42:53:49','4','2','2','2');
Insert into YUSUNGHO.COL_ANSWER (USER_ID,COL_NUM,COL_SOLVEDATE,COL_WRONGCONTENT,COL_REALANSWER,PRO_NUM,COL_LIST_NUM) values ('test','1','2020-10-16 14:42:53:49','4','4','3','3');
Insert into YUSUNGHO.COL_ANSWER (USER_ID,COL_NUM,COL_SOLVEDATE,COL_WRONGCONTENT,COL_REALANSWER,PRO_NUM,COL_LIST_NUM) values ('test','1','2020-10-16 14:42:53:49','3','3','4','4');
Insert into YUSUNGHO.COL_ANSWER (USER_ID,COL_NUM,COL_SOLVEDATE,COL_WRONGCONTENT,COL_REALANSWER,PRO_NUM,COL_LIST_NUM) values ('test','1','2020-10-16 14:42:53:49','4','3','5','5');
Insert into YUSUNGHO.COL_ANSWER (USER_ID,COL_NUM,COL_SOLVEDATE,COL_WRONGCONTENT,COL_REALANSWER,PRO_NUM,COL_LIST_NUM) values ('test','1','2020-10-16 14:52:03:39','2','3','1','1');
REM INSERTING into YUSUNGHO.COL_EVAL
SET DEFINE OFF;
REM INSERTING into YUSUNGHO.COL_HISTORY
SET DEFINE OFF;
Insert into YUSUNGHO.COL_HISTORY (COL_SOLVEDATE,USER_ID,COL_NUM,COL_SCORE) values ('2020-10-14 17:54:18:66','test','1','25');
Insert into YUSUNGHO.COL_HISTORY (COL_SOLVEDATE,USER_ID,COL_NUM,COL_SCORE) values ('2020-10-14 17:59:13:58','test','1','7');
Insert into YUSUNGHO.COL_HISTORY (COL_SOLVEDATE,USER_ID,COL_NUM,COL_SCORE) values ('2020-10-15 09:32:43:78','test','1','7');
Insert into YUSUNGHO.COL_HISTORY (COL_SOLVEDATE,USER_ID,COL_NUM,COL_SCORE) values ('2020-10-15 14:41:14:17','test','1','0');
Insert into YUSUNGHO.COL_HISTORY (COL_SOLVEDATE,USER_ID,COL_NUM,COL_SCORE) values ('2020-10-14 17:52:39:38','test','1','25');
Insert into YUSUNGHO.COL_HISTORY (COL_SOLVEDATE,USER_ID,COL_NUM,COL_SCORE) values ('2020-10-14 17:53:25:53','test','1','25');
Insert into YUSUNGHO.COL_HISTORY (COL_SOLVEDATE,USER_ID,COL_NUM,COL_SCORE) values ('2020-10-16 16:01:37:74','test','1','12');
Insert into YUSUNGHO.COL_HISTORY (COL_SOLVEDATE,USER_ID,COL_NUM,COL_SCORE) values ('2020-10-16 16:01:43:09','test','1','12');
Insert into YUSUNGHO.COL_HISTORY (COL_SOLVEDATE,USER_ID,COL_NUM,COL_SCORE) values ('2020-10-16 14:42:53:49','test','1','14');
Insert into YUSUNGHO.COL_HISTORY (COL_SOLVEDATE,USER_ID,COL_NUM,COL_SCORE) values ('2020-10-16 14:52:03:39','test','1','12');
REM INSERTING into YUSUNGHO.COL_LIST
SET DEFINE OFF;
Insert into YUSUNGHO.COL_LIST (PRO_NUM,COL_NUM,COL_LIST_NUM,COL_LIST_POINT) values ('1','1','1',3);
Insert into YUSUNGHO.COL_LIST (PRO_NUM,COL_NUM,COL_LIST_NUM,COL_LIST_POINT) values ('2','1','2',4);
Insert into YUSUNGHO.COL_LIST (PRO_NUM,COL_NUM,COL_LIST_NUM,COL_LIST_POINT) values ('3','1','3',5);
Insert into YUSUNGHO.COL_LIST (PRO_NUM,COL_NUM,COL_LIST_NUM,COL_LIST_POINT) values ('4','1','4',6);
Insert into YUSUNGHO.COL_LIST (PRO_NUM,COL_NUM,COL_LIST_NUM,COL_LIST_POINT) values ('5','1','5',7);
Insert into YUSUNGHO.COL_LIST (PRO_NUM,COL_NUM,COL_LIST_NUM,COL_LIST_POINT) values ('7','2','1',3);
Insert into YUSUNGHO.COL_LIST (PRO_NUM,COL_NUM,COL_LIST_NUM,COL_LIST_POINT) values ('5','2','2',3);
Insert into YUSUNGHO.COL_LIST (PRO_NUM,COL_NUM,COL_LIST_NUM,COL_LIST_POINT) values ('3','2','3',3);
REM INSERTING into YUSUNGHO.GROUP_TABLE
SET DEFINE OFF;
Insert into YUSUNGHO.GROUP_TABLE (GROUP_NUM,GROUP_NAME,GROUP_LEADER,GROUP_CATEGORY,GROUP_ICON,GROUP_JOINMANNER,GROUP_DESC,GROUP_DATE) values ('3','wefewqf','test','qfewqfweq',null,null,'qwfqwefqwe',to_date('20/10/19','RR/MM/DD'));
Insert into YUSUNGHO.GROUP_TABLE (GROUP_NUM,GROUP_NAME,GROUP_LEADER,GROUP_CATEGORY,GROUP_ICON,GROUP_JOINMANNER,GROUP_DESC,GROUP_DATE) values ('4','wefewqf','test','qfewqfweq',null,null,'qwfqwefqwe',to_date('20/10/19','RR/MM/DD'));
Insert into YUSUNGHO.GROUP_TABLE (GROUP_NUM,GROUP_NAME,GROUP_LEADER,GROUP_CATEGORY,GROUP_ICON,GROUP_JOINMANNER,GROUP_DESC,GROUP_DATE) values ('1','test','test','test',null,'on','test',to_date('20/10/19','RR/MM/DD'));
Insert into YUSUNGHO.GROUP_TABLE (GROUP_NUM,GROUP_NAME,GROUP_LEADER,GROUP_CATEGORY,GROUP_ICON,GROUP_JOINMANNER,GROUP_DESC,GROUP_DATE) values ('2','asdf','test',null,null,null,null,to_date('20/10/19','RR/MM/DD'));
REM INSERTING into YUSUNGHO.JOIN_GROUP_LIST
SET DEFINE OFF;
Insert into YUSUNGHO.JOIN_GROUP_LIST (GROUP_NUM,USER_ID,G_LIST_STATE,G_LIST_JOINDATE,G_LIST_CANDIDATE) values ('3','test','manager',to_date('20/10/19','RR/MM/DD'),to_date('20/10/19','RR/MM/DD'));
Insert into YUSUNGHO.JOIN_GROUP_LIST (GROUP_NUM,USER_ID,G_LIST_STATE,G_LIST_JOINDATE,G_LIST_CANDIDATE) values ('1','test','manager',to_date('20/10/19','RR/MM/DD'),to_date('20/10/19','RR/MM/DD'));
Insert into YUSUNGHO.JOIN_GROUP_LIST (GROUP_NUM,USER_ID,G_LIST_STATE,G_LIST_JOINDATE,G_LIST_CANDIDATE) values ('2','test','manager',to_date('20/10/19','RR/MM/DD'),to_date('20/10/19','RR/MM/DD'));
Insert into YUSUNGHO.JOIN_GROUP_LIST (GROUP_NUM,USER_ID,G_LIST_STATE,G_LIST_JOINDATE,G_LIST_CANDIDATE) values ('4','test','manager',to_date('20/10/19','RR/MM/DD'),to_date('20/10/19','RR/MM/DD'));
REM INSERTING into YUSUNGHO.LEC_CONTENT
SET DEFINE OFF;
REM INSERTING into YUSUNGHO.LEC_FILE
SET DEFINE OFF;
REM INSERTING into YUSUNGHO.LECTURE
SET DEFINE OFF;
Insert into YUSUNGHO.LECTURE (LECTURE_ID,LECTURE_CATEGORY,LECTURE_NAME,USER_ID,LECTURE_TUITION) values ('a01','어학시험','TOEIC특강','efgh',100000);
REM INSERTING into YUSUNGHO.ORDERS
SET DEFINE OFF;
Insert into YUSUNGHO.ORDERS (ORDER_ID,USER_ID,LECTURE_ID,DISCOUNT_POINT,TOTAL_PRICE,POINT_OVER,ORDER_DATE,ORDER_PRICE) values ('2010161098','abcd','a01',100,99900,'1','20/10/16',100000);
Insert into YUSUNGHO.ORDERS (ORDER_ID,USER_ID,LECTURE_ID,DISCOUNT_POINT,TOTAL_PRICE,POINT_OVER,ORDER_DATE,ORDER_PRICE) values ('2010161099','abcd','a01',100,99900,'1','20/10/16',100000);
Insert into YUSUNGHO.ORDERS (ORDER_ID,USER_ID,LECTURE_ID,DISCOUNT_POINT,TOTAL_PRICE,POINT_OVER,ORDER_DATE,ORDER_PRICE) values ('2010161021','abcd','a01',null,null,null,'20/10/16',100000);
Insert into YUSUNGHO.ORDERS (ORDER_ID,USER_ID,LECTURE_ID,DISCOUNT_POINT,TOTAL_PRICE,POINT_OVER,ORDER_DATE,ORDER_PRICE) values ('2010161022','abcd','a01',null,null,null,'20/10/16',100000);
Insert into YUSUNGHO.ORDERS (ORDER_ID,USER_ID,LECTURE_ID,DISCOUNT_POINT,TOTAL_PRICE,POINT_OVER,ORDER_DATE,ORDER_PRICE) values ('2010161023','abcd','a01',null,null,null,'20/10/16',100000);
Insert into YUSUNGHO.ORDERS (ORDER_ID,USER_ID,LECTURE_ID,DISCOUNT_POINT,TOTAL_PRICE,POINT_OVER,ORDER_DATE,ORDER_PRICE) values ('2010161027','abcd','a01',null,null,null,'20/10/16',100000);
Insert into YUSUNGHO.ORDERS (ORDER_ID,USER_ID,LECTURE_ID,DISCOUNT_POINT,TOTAL_PRICE,POINT_OVER,ORDER_DATE,ORDER_PRICE) values ('2010161028','abcd','a01',null,null,null,'20/10/16',100000);
Insert into YUSUNGHO.ORDERS (ORDER_ID,USER_ID,LECTURE_ID,DISCOUNT_POINT,TOTAL_PRICE,POINT_OVER,ORDER_DATE,ORDER_PRICE) values ('2010161029','abcd','a01',400,99600,'1','20/10/16',100000);
Insert into YUSUNGHO.ORDERS (ORDER_ID,USER_ID,LECTURE_ID,DISCOUNT_POINT,TOTAL_PRICE,POINT_OVER,ORDER_DATE,ORDER_PRICE) values ('2010161030','abcd','a01',null,null,null,'20/10/16',100000);
Insert into YUSUNGHO.ORDERS (ORDER_ID,USER_ID,LECTURE_ID,DISCOUNT_POINT,TOTAL_PRICE,POINT_OVER,ORDER_DATE,ORDER_PRICE) values ('2010161031','abcd','a01',null,null,null,'20/10/16',100000);
Insert into YUSUNGHO.ORDERS (ORDER_ID,USER_ID,LECTURE_ID,DISCOUNT_POINT,TOTAL_PRICE,POINT_OVER,ORDER_DATE,ORDER_PRICE) values ('2010161032','abcd','a01',null,null,null,'20/10/16',100000);
Insert into YUSUNGHO.ORDERS (ORDER_ID,USER_ID,LECTURE_ID,DISCOUNT_POINT,TOTAL_PRICE,POINT_OVER,ORDER_DATE,ORDER_PRICE) values ('2010161033','abcd','a01',null,null,null,'20/10/16',100000);
Insert into YUSUNGHO.ORDERS (ORDER_ID,USER_ID,LECTURE_ID,DISCOUNT_POINT,TOTAL_PRICE,POINT_OVER,ORDER_DATE,ORDER_PRICE) values ('2010161034','abcd','a01',null,null,null,'20/10/16',100000);
Insert into YUSUNGHO.ORDERS (ORDER_ID,USER_ID,LECTURE_ID,DISCOUNT_POINT,TOTAL_PRICE,POINT_OVER,ORDER_DATE,ORDER_PRICE) values ('2010161035','abcd','a01',null,null,null,'20/10/16',100000);
Insert into YUSUNGHO.ORDERS (ORDER_ID,USER_ID,LECTURE_ID,DISCOUNT_POINT,TOTAL_PRICE,POINT_OVER,ORDER_DATE,ORDER_PRICE) values ('2010161036','abcd','a01',null,null,null,'20/10/16',100000);
Insert into YUSUNGHO.ORDERS (ORDER_ID,USER_ID,LECTURE_ID,DISCOUNT_POINT,TOTAL_PRICE,POINT_OVER,ORDER_DATE,ORDER_PRICE) values ('2010161037','abcd','a01',null,null,null,'20/10/16',100000);
Insert into YUSUNGHO.ORDERS (ORDER_ID,USER_ID,LECTURE_ID,DISCOUNT_POINT,TOTAL_PRICE,POINT_OVER,ORDER_DATE,ORDER_PRICE) values ('2010161038','abcd','a01',null,null,null,'20/10/16',100000);
Insert into YUSUNGHO.ORDERS (ORDER_ID,USER_ID,LECTURE_ID,DISCOUNT_POINT,TOTAL_PRICE,POINT_OVER,ORDER_DATE,ORDER_PRICE) values ('2010161039','abcd','a01',null,null,null,'20/10/16',100000);
Insert into YUSUNGHO.ORDERS (ORDER_ID,USER_ID,LECTURE_ID,DISCOUNT_POINT,TOTAL_PRICE,POINT_OVER,ORDER_DATE,ORDER_PRICE) values ('2010161040','abcd','a01',null,null,null,'20/10/16',100000);
Insert into YUSUNGHO.ORDERS (ORDER_ID,USER_ID,LECTURE_ID,DISCOUNT_POINT,TOTAL_PRICE,POINT_OVER,ORDER_DATE,ORDER_PRICE) values ('2010161041','abcd','a01',null,null,null,'20/10/16',100000);
Insert into YUSUNGHO.ORDERS (ORDER_ID,USER_ID,LECTURE_ID,DISCOUNT_POINT,TOTAL_PRICE,POINT_OVER,ORDER_DATE,ORDER_PRICE) values ('2010161020','abcd','a01',null,null,null,'20/10/16',100000);
Insert into YUSUNGHO.ORDERS (ORDER_ID,USER_ID,LECTURE_ID,DISCOUNT_POINT,TOTAL_PRICE,POINT_OVER,ORDER_DATE,ORDER_PRICE) values ('2010161024','abcd','a01',null,null,null,'20/10/16',100000);
Insert into YUSUNGHO.ORDERS (ORDER_ID,USER_ID,LECTURE_ID,DISCOUNT_POINT,TOTAL_PRICE,POINT_OVER,ORDER_DATE,ORDER_PRICE) values ('2010161025','abcd','a01',2000,98000,'1','20/10/16',100000);
Insert into YUSUNGHO.ORDERS (ORDER_ID,USER_ID,LECTURE_ID,DISCOUNT_POINT,TOTAL_PRICE,POINT_OVER,ORDER_DATE,ORDER_PRICE) values ('2010161026','abcd','a01',null,null,null,'20/10/16',100000);
Insert into YUSUNGHO.ORDERS (ORDER_ID,USER_ID,LECTURE_ID,DISCOUNT_POINT,TOTAL_PRICE,POINT_OVER,ORDER_DATE,ORDER_PRICE) values ('2010191061','abcd','a01',null,null,null,'20/10/19',100000);
Insert into YUSUNGHO.ORDERS (ORDER_ID,USER_ID,LECTURE_ID,DISCOUNT_POINT,TOTAL_PRICE,POINT_OVER,ORDER_DATE,ORDER_PRICE) values ('2010191060','abcd','a01',null,null,null,'20/10/19',100000);
REM INSERTING into YUSUNGHO.P_FILE
SET DEFINE OFF;
REM INSERTING into YUSUNGHO.POINT
SET DEFINE OFF;
Insert into YUSUNGHO.POINT (POINT_DATE,POINT_CHANGE,POINT_REST,USER_ID,POINT_CONTENT) values (to_date('20/10/07','RR/MM/DD'),10,770,'abcd',null);
Insert into YUSUNGHO.POINT (POINT_DATE,POINT_CHANGE,POINT_REST,USER_ID,POINT_CONTENT) values (to_date('20/11/11','RR/MM/DD'),1500,3000,'efgh','올림');
REM INSERTING into YUSUNGHO.POST
SET DEFINE OFF;
REM INSERTING into YUSUNGHO.POST_FILE
SET DEFINE OFF;
REM INSERTING into YUSUNGHO.PRO_CATEGORY
SET DEFINE OFF;
Insert into YUSUNGHO.PRO_CATEGORY (CATEGORY_ID,CATEGORY_NAME) values ('1001','TOEIC');
Insert into YUSUNGHO.PRO_CATEGORY (CATEGORY_ID,CATEGORY_NAME) values ('1002','TOEFL');
Insert into YUSUNGHO.PRO_CATEGORY (CATEGORY_ID,CATEGORY_NAME) values ('1003','HSK');
Insert into YUSUNGHO.PRO_CATEGORY (CATEGORY_ID,CATEGORY_NAME) values ('1004','JLPT');
Insert into YUSUNGHO.PRO_CATEGORY (CATEGORY_ID,CATEGORY_NAME) values ('2101','정보처리기능사');
Insert into YUSUNGHO.PRO_CATEGORY (CATEGORY_ID,CATEGORY_NAME) values ('2102','전기기능사');
Insert into YUSUNGHO.PRO_CATEGORY (CATEGORY_ID,CATEGORY_NAME) values ('2201','정보처리산업기사');
Insert into YUSUNGHO.PRO_CATEGORY (CATEGORY_ID,CATEGORY_NAME) values ('2301','정보처리기사');
REM INSERTING into YUSUNGHO.PRO_CHOICE
SET DEFINE OFF;
Insert into YUSUNGHO.PRO_CHOICE (CHO_CONTENT,PRO_NUM,CHO_NUM) values ('farness','4','2');
Insert into YUSUNGHO.PRO_CHOICE (CHO_CONTENT,PRO_NUM,CHO_NUM) values ('further','4','3');
Insert into YUSUNGHO.PRO_CHOICE (CHO_CONTENT,PRO_NUM,CHO_NUM) values ('furthest','4','4');
Insert into YUSUNGHO.PRO_CHOICE (CHO_CONTENT,PRO_NUM,CHO_NUM) values ('both','5','1');
Insert into YUSUNGHO.PRO_CHOICE (CHO_CONTENT,PRO_NUM,CHO_NUM) values ('such','5','2');
Insert into YUSUNGHO.PRO_CHOICE (CHO_CONTENT,PRO_NUM,CHO_NUM) values ('every','5','3');
Insert into YUSUNGHO.PRO_CHOICE (CHO_CONTENT,PRO_NUM,CHO_NUM) values ('these','5','4');
Insert into YUSUNGHO.PRO_CHOICE (CHO_CONTENT,PRO_NUM,CHO_NUM) values ('proceed','6','1');
Insert into YUSUNGHO.PRO_CHOICE (CHO_CONTENT,PRO_NUM,CHO_NUM) values ('proceeds','6','2');
Insert into YUSUNGHO.PRO_CHOICE (CHO_CONTENT,PRO_NUM,CHO_NUM) values ('to proceed','6','3');
Insert into YUSUNGHO.PRO_CHOICE (CHO_CONTENT,PRO_NUM,CHO_NUM) values ('processors','6','4');
Insert into YUSUNGHO.PRO_CHOICE (CHO_CONTENT,PRO_NUM,CHO_NUM) values ('assigned','7','1');
Insert into YUSUNGHO.PRO_CHOICE (CHO_CONTENT,PRO_NUM,CHO_NUM) values ('its','1','1');
Insert into YUSUNGHO.PRO_CHOICE (CHO_CONTENT,PRO_NUM,CHO_NUM) values ('whose','1','2');
Insert into YUSUNGHO.PRO_CHOICE (CHO_CONTENT,PRO_NUM,CHO_NUM) values ('their','1','3');
Insert into YUSUNGHO.PRO_CHOICE (CHO_CONTENT,PRO_NUM,CHO_NUM) values ('which','1','4');
Insert into YUSUNGHO.PRO_CHOICE (CHO_CONTENT,PRO_NUM,CHO_NUM) values ('wasted','2','1');
Insert into YUSUNGHO.PRO_CHOICE (CHO_CONTENT,PRO_NUM,CHO_NUM) values ('waste','2','2');
Insert into YUSUNGHO.PRO_CHOICE (CHO_CONTENT,PRO_NUM,CHO_NUM) values ('wastefully','2','3');
Insert into YUSUNGHO.PRO_CHOICE (CHO_CONTENT,PRO_NUM,CHO_NUM) values ('wasteful','2','4');
Insert into YUSUNGHO.PRO_CHOICE (CHO_CONTENT,PRO_NUM,CHO_NUM) values ('countless','3','1');
Insert into YUSUNGHO.PRO_CHOICE (CHO_CONTENT,PRO_NUM,CHO_NUM) values ('gradual','3','2');
Insert into YUSUNGHO.PRO_CHOICE (CHO_CONTENT,PRO_NUM,CHO_NUM) values ('fortunate','3','3');
Insert into YUSUNGHO.PRO_CHOICE (CHO_CONTENT,PRO_NUM,CHO_NUM) values ('vacant','3','4');
Insert into YUSUNGHO.PRO_CHOICE (CHO_CONTENT,PRO_NUM,CHO_NUM) values ('far','4','1');
Insert into YUSUNGHO.PRO_CHOICE (CHO_CONTENT,PRO_NUM,CHO_NUM) values ('reached','7','2');
Insert into YUSUNGHO.PRO_CHOICE (CHO_CONTENT,PRO_NUM,CHO_NUM) values ('resolved','7','3');
Insert into YUSUNGHO.PRO_CHOICE (CHO_CONTENT,PRO_NUM,CHO_NUM) values ('anticipated','7','4');
REM INSERTING into YUSUNGHO.PRO_COLLECTION
SET DEFINE OFF;
Insert into YUSUNGHO.PRO_COLLECTION (COL_NUM,USER_ID,COL_NAME,COL_TAG,CATEGORY_ID,CATEGORY_NAME,COL_MAXSCORE) values ('1','test','test2','창작','1001','TOEIC','25');
Insert into YUSUNGHO.PRO_COLLECTION (COL_NUM,USER_ID,COL_NAME,COL_TAG,CATEGORY_ID,CATEGORY_NAME,COL_MAXSCORE) values ('2','test','hong list','창작','1001','TOEIC','9');
REM INSERTING into YUSUNGHO.PRO_EVAL
SET DEFINE OFF;
REM INSERTING into YUSUNGHO.PRO_TAG
SET DEFINE OFF;
Insert into YUSUNGHO.PRO_TAG (CATEGORY_ID,CATEGORY_NAME,TAG_ID,TAG_NAME,TAG_ISCHOICE) values ('1001','TOEIC','1001001','TOEIC유형1','4');
Insert into YUSUNGHO.PRO_TAG (CATEGORY_ID,CATEGORY_NAME,TAG_ID,TAG_NAME,TAG_ISCHOICE) values ('1001','TOEIC','1001002','TOEIC유형2','N');
Insert into YUSUNGHO.PRO_TAG (CATEGORY_ID,CATEGORY_NAME,TAG_ID,TAG_NAME,TAG_ISCHOICE) values ('1001','TOEIC','1001003','TOEIC유형3','5');
REM INSERTING into YUSUNGHO.PROBLEM
SET DEFINE OFF;
Insert into YUSUNGHO.PROBLEM (PRO_NUM,PRO_FIELD,PRO_NAME,PRO_CONTENT,PRO_ANSWER,PRO_COMMENT,CATEGORY_ID,CATEGORY_NAME,TAG_ID,TAG_NAME,TAG_ISCHOICE,USER_ID) values ('3','0','3번','<p>More than a hundred applications for the _______ private client advisor position have yet to be reviewed.</p>
','4','4번','1001','TOEIC','1001001','TOEIC유형1','4','test');
Insert into YUSUNGHO.PROBLEM (PRO_NUM,PRO_FIELD,PRO_NAME,PRO_CONTENT,PRO_ANSWER,PRO_COMMENT,CATEGORY_ID,CATEGORY_NAME,TAG_ID,TAG_NAME,TAG_ISCHOICE,USER_ID) values ('4','0','4번','<p>The Stanton Grand Hotel is _______ away from the airport than the Stanton Downtown Inn.</p>
','3','3번','1001','TOEIC','1001001','TOEIC유형1','4','test');
Insert into YUSUNGHO.PROBLEM (PRO_NUM,PRO_FIELD,PRO_NAME,PRO_CONTENT,PRO_ANSWER,PRO_COMMENT,CATEGORY_ID,CATEGORY_NAME,TAG_ID,TAG_NAME,TAG_ISCHOICE,USER_ID) values ('5','0','5번','<p>Before the group discussion is held, _______ job candidate will be interviewed individually.</p>
','3','3번','1001','TOEIC','1001001','TOEIC유형1','4','test');
Insert into YUSUNGHO.PROBLEM (PRO_NUM,PRO_FIELD,PRO_NAME,PRO_CONTENT,PRO_ANSWER,PRO_COMMENT,CATEGORY_ID,CATEGORY_NAME,TAG_ID,TAG_NAME,TAG_ISCHOICE,USER_ID) values ('6','0','6번','<p>Travelers hoping to make a connecting flight are advised ------- immediately to their assigned gate.</p>
','1','1번','1001','TOEIC','1001001','TOEIC유형1','4','test');
Insert into YUSUNGHO.PROBLEM (PRO_NUM,PRO_FIELD,PRO_NAME,PRO_CONTENT,PRO_ANSWER,PRO_COMMENT,CATEGORY_ID,CATEGORY_NAME,TAG_ID,TAG_NAME,TAG_ISCHOICE,USER_ID) values ('7','0','7번','<p>After months of negotiations, the conflict between Cooper Foods and the employees union was ------- agreeably.</p>
','2','2번','1001','TOEIC','1001001','TOEIC유형1','4','test');
Insert into YUSUNGHO.PROBLEM (PRO_NUM,PRO_FIELD,PRO_NAME,PRO_CONTENT,PRO_ANSWER,PRO_COMMENT,CATEGORY_ID,CATEGORY_NAME,TAG_ID,TAG_NAME,TAG_ISCHOICE,USER_ID) values ('1','0','1번','<p>Unless new property owners file a change of address request, all mail will be sent to _______ old address.</p>
','3','3번','1001','TOEIC','1001001','TOEIC유형1','4','test');
Insert into YUSUNGHO.PROBLEM (PRO_NUM,PRO_FIELD,PRO_NAME,PRO_CONTENT,PRO_ANSWER,PRO_COMMENT,CATEGORY_ID,CATEGORY_NAME,TAG_ID,TAG_NAME,TAG_ISCHOICE,USER_ID) values ('2','0','2번','<p>Trying to curb consumer _______, Yard Coffee Shop has stopped carrying plastic utensils.</p>
','2','2번','1001','TOEIC','1001001','TOEIC유형1','4','test');
Insert into YUSUNGHO.PROBLEM (PRO_NUM,PRO_FIELD,PRO_NAME,PRO_CONTENT,PRO_ANSWER,PRO_COMMENT,CATEGORY_ID,CATEGORY_NAME,TAG_ID,TAG_NAME,TAG_ISCHOICE,USER_ID) values ('8','0','hong','<p>문제</p>
','답','답','1001','TOEIC','1001002','TOEIC유형2','N','test');
REM INSERTING into YUSUNGHO.SCORE
SET DEFINE OFF;
REM INSERTING into YUSUNGHO.STUDENT
SET DEFINE OFF;
REM INSERTING into YUSUNGHO.USER_PRO_HISTORY
SET DEFINE OFF;
Insert into YUSUNGHO.USER_PRO_HISTORY (HISTORY_ANSWER,USER_ID,PRO_NUM,HISTORY_DATE,HISTORY_OX) values ('3','test','4','2020.10.14 17:36:57:12','true');
Insert into YUSUNGHO.USER_PRO_HISTORY (HISTORY_ANSWER,USER_ID,PRO_NUM,HISTORY_DATE,HISTORY_OX) values ('2','test','5','2020.10.15 10:26:03:68','false');
Insert into YUSUNGHO.USER_PRO_HISTORY (HISTORY_ANSWER,USER_ID,PRO_NUM,HISTORY_DATE,HISTORY_OX) values ('3','test','5','2020.10.15 10:26:06:52','true');
Insert into YUSUNGHO.USER_PRO_HISTORY (HISTORY_ANSWER,USER_ID,PRO_NUM,HISTORY_DATE,HISTORY_OX) values ('1','test','6','2020.10.14 17:36:50:75','true');
Insert into YUSUNGHO.USER_PRO_HISTORY (HISTORY_ANSWER,USER_ID,PRO_NUM,HISTORY_DATE,HISTORY_OX) values ('2','test','4','2020.10.14 17:36:54:02','false');
Insert into YUSUNGHO.USER_PRO_HISTORY (HISTORY_ANSWER,USER_ID,PRO_NUM,HISTORY_DATE,HISTORY_OX) values ('2','test','6','2020.10.15 21:53:09:88','false');
Insert into YUSUNGHO.USER_PRO_HISTORY (HISTORY_ANSWER,USER_ID,PRO_NUM,HISTORY_DATE,HISTORY_OX) values ('3','test','6','2020.10.15 21:53:12:66','false');
Insert into YUSUNGHO.USER_PRO_HISTORY (HISTORY_ANSWER,USER_ID,PRO_NUM,HISTORY_DATE,HISTORY_OX) values ('4','test','6','2020.10.15 21:53:15:46','false');
Insert into YUSUNGHO.USER_PRO_HISTORY (HISTORY_ANSWER,USER_ID,PRO_NUM,HISTORY_DATE,HISTORY_OX) values ('1','test','6','2020.10.15 21:53:17:74','true');
Insert into YUSUNGHO.USER_PRO_HISTORY (HISTORY_ANSWER,USER_ID,PRO_NUM,HISTORY_DATE,HISTORY_OX) values ('dsf','test','8','2020.10.16 02:04:13:79','false');
Insert into YUSUNGHO.USER_PRO_HISTORY (HISTORY_ANSWER,USER_ID,PRO_NUM,HISTORY_DATE,HISTORY_OX) values ('dsfds','test','9','2020.10.16 02:04:26:14','false');
Insert into YUSUNGHO.USER_PRO_HISTORY (HISTORY_ANSWER,USER_ID,PRO_NUM,HISTORY_DATE,HISTORY_OX) values ('2','test','7','2020.10.16 02:04:34:52','true');
Insert into YUSUNGHO.USER_PRO_HISTORY (HISTORY_ANSWER,USER_ID,PRO_NUM,HISTORY_DATE,HISTORY_OX) values ('1','test','4','2020.10.16 02:04:39:72','false');
Insert into YUSUNGHO.USER_PRO_HISTORY (HISTORY_ANSWER,USER_ID,PRO_NUM,HISTORY_DATE,HISTORY_OX) values ('4','test','7','2020.10.16 13:33:29:16','false');
Insert into YUSUNGHO.USER_PRO_HISTORY (HISTORY_ANSWER,USER_ID,PRO_NUM,HISTORY_DATE,HISTORY_OX) values ('2','test','7','2020.10.16 13:33:31:83','true');
Insert into YUSUNGHO.USER_PRO_HISTORY (HISTORY_ANSWER,USER_ID,PRO_NUM,HISTORY_DATE,HISTORY_OX) values ('3','test','4','2020.10.16 13:33:35:38','true');
Insert into YUSUNGHO.USER_PRO_HISTORY (HISTORY_ANSWER,USER_ID,PRO_NUM,HISTORY_DATE,HISTORY_OX) values ('4','test','7','2020.10.16 14:55:36:24','false');
Insert into YUSUNGHO.USER_PRO_HISTORY (HISTORY_ANSWER,USER_ID,PRO_NUM,HISTORY_DATE,HISTORY_OX) values ('3','test','7','2020.10.16 14:55:39:18','false');
Insert into YUSUNGHO.USER_PRO_HISTORY (HISTORY_ANSWER,USER_ID,PRO_NUM,HISTORY_DATE,HISTORY_OX) values ('2','test','7','2020.10.16 14:55:42:43','true');
Insert into YUSUNGHO.USER_PRO_HISTORY (HISTORY_ANSWER,USER_ID,PRO_NUM,HISTORY_DATE,HISTORY_OX) values ('1','test','4','2020.10.16 14:55:47:72','false');
Insert into YUSUNGHO.USER_PRO_HISTORY (HISTORY_ANSWER,USER_ID,PRO_NUM,HISTORY_DATE,HISTORY_OX) values ('3','test','6','2020.10.16 14:59:15:00','false');
Insert into YUSUNGHO.USER_PRO_HISTORY (HISTORY_ANSWER,USER_ID,PRO_NUM,HISTORY_DATE,HISTORY_OX) values ('2','test','6','2020.10.16 14:59:17:53','false');
Insert into YUSUNGHO.USER_PRO_HISTORY (HISTORY_ANSWER,USER_ID,PRO_NUM,HISTORY_DATE,HISTORY_OX) values ('1','test','6','2020.10.16 14:59:19:81','true');
Insert into YUSUNGHO.USER_PRO_HISTORY (HISTORY_ANSWER,USER_ID,PRO_NUM,HISTORY_DATE,HISTORY_OX) values ('2','test','6','2020.10.16 15:20:16:22','false');
Insert into YUSUNGHO.USER_PRO_HISTORY (HISTORY_ANSWER,USER_ID,PRO_NUM,HISTORY_DATE,HISTORY_OX) values ('2','test','7','2020.10.16 15:21:44:22','true');
Insert into YUSUNGHO.USER_PRO_HISTORY (HISTORY_ANSWER,USER_ID,PRO_NUM,HISTORY_DATE,HISTORY_OX) values ('3','test','7','2020.10.16 15:32:24:45','false');
Insert into YUSUNGHO.USER_PRO_HISTORY (HISTORY_ANSWER,USER_ID,PRO_NUM,HISTORY_DATE,HISTORY_OX) values ('3','test','7','2020.10.16 15:32:27:16','false');
Insert into YUSUNGHO.USER_PRO_HISTORY (HISTORY_ANSWER,USER_ID,PRO_NUM,HISTORY_DATE,HISTORY_OX) values ('2','test','7','2020.10.16 15:35:00:27','true');
Insert into YUSUNGHO.USER_PRO_HISTORY (HISTORY_ANSWER,USER_ID,PRO_NUM,HISTORY_DATE,HISTORY_OX) values ('3','test','5','2020.10.16 15:35:05:15','true');
Insert into YUSUNGHO.USER_PRO_HISTORY (HISTORY_ANSWER,USER_ID,PRO_NUM,HISTORY_DATE,HISTORY_OX) values ('2','test','6','2020.10.16 15:55:58:26','false');
Insert into YUSUNGHO.USER_PRO_HISTORY (HISTORY_ANSWER,USER_ID,PRO_NUM,HISTORY_DATE,HISTORY_OX) values ('3','test','6','2020.10.16 15:56:05:91','false');
Insert into YUSUNGHO.USER_PRO_HISTORY (HISTORY_ANSWER,USER_ID,PRO_NUM,HISTORY_DATE,HISTORY_OX) values ('1','test','6','2020.10.16 15:56:09:13','true');
Insert into YUSUNGHO.USER_PRO_HISTORY (HISTORY_ANSWER,USER_ID,PRO_NUM,HISTORY_DATE,HISTORY_OX) values ('답','test','8','2020.10.16 16:00:53:16','true');
Insert into YUSUNGHO.USER_PRO_HISTORY (HISTORY_ANSWER,USER_ID,PRO_NUM,HISTORY_DATE,HISTORY_OX) values ('2','test','5','2020.10.16 16:56:35:88','false');
Insert into YUSUNGHO.USER_PRO_HISTORY (HISTORY_ANSWER,USER_ID,PRO_NUM,HISTORY_DATE,HISTORY_OX) values ('2','test','7','2020.10.19 16:30:00:42','true');
REM INSERTING into YUSUNGHO.USER_PRO_LIST
SET DEFINE OFF;
REM INSERTING into YUSUNGHO.USER_TABLE
SET DEFINE OFF;
Insert into YUSUNGHO.USER_TABLE (USER_ID,USER_PW,USER_TYPE,USER_EMAIL,USER_PHONE,USER_NICKNAME,USER_SIGNDATE) values ('124121','124124','ROLE_USER','124124','test_phonenum','124124',to_date('20/10/13','RR/MM/DD'));
Insert into YUSUNGHO.USER_TABLE (USER_ID,USER_PW,USER_TYPE,USER_EMAIL,USER_PHONE,USER_NICKNAME,USER_SIGNDATE) values ('test','1234','ROLE_USER','yusungho','test',null,null);
Insert into YUSUNGHO.USER_TABLE (USER_ID,USER_PW,USER_TYPE,USER_EMAIL,USER_PHONE,USER_NICKNAME,USER_SIGNDATE) values ('1111','124124','ROLE_USER','124124','test_phonenum','124124',to_date('20/10/13','RR/MM/DD'));
Insert into YUSUNGHO.USER_TABLE (USER_ID,USER_PW,USER_TYPE,USER_EMAIL,USER_PHONE,USER_NICKNAME,USER_SIGNDATE) values ('yusungho','kgr2247','ROLE_USER','sungho@email.com','test_phonenum','유성호',to_date('20/10/13','RR/MM/DD'));
Insert into YUSUNGHO.USER_TABLE (USER_ID,USER_PW,USER_TYPE,USER_EMAIL,USER_PHONE,USER_NICKNAME,USER_SIGNDATE) values ('test123','1234','ROLE_USER','13r13r13','test_phonenum','r31r13r',to_date('20/10/13','RR/MM/DD'));
Insert into YUSUNGHO.USER_TABLE (USER_ID,USER_PW,USER_TYPE,USER_EMAIL,USER_PHONE,USER_NICKNAME,USER_SIGNDATE) values ('fdfsdf',null,'ROLE_USER',null,'test_phonenum',null,to_date('20/10/13','RR/MM/DD'));
Insert into YUSUNGHO.USER_TABLE (USER_ID,USER_PW,USER_TYPE,USER_EMAIL,USER_PHONE,USER_NICKNAME,USER_SIGNDATE) values ('qwwqq',null,'ROLE_USER',null,'test_phonenum',null,to_date('20/10/13','RR/MM/DD'));
Insert into YUSUNGHO.USER_TABLE (USER_ID,USER_PW,USER_TYPE,USER_EMAIL,USER_PHONE,USER_NICKNAME,USER_SIGNDATE) values ('999','999','ROLE_USER','999','test_phonenum','999',to_date('20/10/16','RR/MM/DD'));
--------------------------------------------------------
--  DDL for Index 엔터티1_PK1
--------------------------------------------------------

  CREATE UNIQUE INDEX "YUSUNGHO"."엔터티1_PK1" ON "YUSUNGHO"."BOARD" ("BOARD_NUM") 
  PCTFREE 10 INITRANS 2 MAXTRANS 255 COMPUTE STATISTICS 
  STORAGE(INITIAL 65536 NEXT 1048576 MINEXTENTS 1 MAXEXTENTS 2147483645
  PCTINCREASE 0 FREELISTS 1 FREELIST GROUPS 1 BUFFER_POOL DEFAULT FLASH_CACHE DEFAULT CELL_FLASH_CACHE DEFAULT)
  TABLESPACE "SYSTEM" ;
--------------------------------------------------------
--  DDL for Index 엔터티1_PK3
--------------------------------------------------------

  CREATE UNIQUE INDEX "YUSUNGHO"."엔터티1_PK3" ON "YUSUNGHO"."CALENDER" ("USER_ID", "CAL_ID") 
  PCTFREE 10 INITRANS 2 MAXTRANS 255 COMPUTE STATISTICS 
  STORAGE(INITIAL 65536 NEXT 1048576 MINEXTENTS 1 MAXEXTENTS 2147483645
  PCTINCREASE 0 FREELISTS 1 FREELIST GROUPS 1 BUFFER_POOL DEFAULT FLASH_CACHE DEFAULT CELL_FLASH_CACHE DEFAULT)
  TABLESPACE "SYSTEM" ;
--------------------------------------------------------
--  DDL for Index 엔터티3_PK8
--------------------------------------------------------

  CREATE UNIQUE INDEX "YUSUNGHO"."엔터티3_PK8" ON "YUSUNGHO"."COL_ANSWER" ("USER_ID", "COL_NUM", "COL_SOLVEDATE", "COL_LIST_NUM") 
  PCTFREE 10 INITRANS 2 MAXTRANS 255 COMPUTE STATISTICS 
  STORAGE(INITIAL 65536 NEXT 1048576 MINEXTENTS 1 MAXEXTENTS 2147483645
  PCTINCREASE 0 FREELISTS 1 FREELIST GROUPS 1 BUFFER_POOL DEFAULT FLASH_CACHE DEFAULT CELL_FLASH_CACHE DEFAULT)
  TABLESPACE "SYSTEM" ;
--------------------------------------------------------
--  DDL for Index 엔터티3_PK6
--------------------------------------------------------

  CREATE UNIQUE INDEX "YUSUNGHO"."엔터티3_PK6" ON "YUSUNGHO"."COL_EVAL" ("USER_ID", "COL_NUM") 
  PCTFREE 10 INITRANS 2 MAXTRANS 255 COMPUTE STATISTICS 
  STORAGE(INITIAL 65536 NEXT 1048576 MINEXTENTS 1 MAXEXTENTS 2147483645
  PCTINCREASE 0 FREELISTS 1 FREELIST GROUPS 1 BUFFER_POOL DEFAULT FLASH_CACHE DEFAULT CELL_FLASH_CACHE DEFAULT)
  TABLESPACE "SYSTEM" ;
--------------------------------------------------------
--  DDL for Index 엔터티3_PK1
--------------------------------------------------------

  CREATE UNIQUE INDEX "YUSUNGHO"."엔터티3_PK1" ON "YUSUNGHO"."COL_HISTORY" ("USER_ID", "COL_NUM", "COL_SOLVEDATE") 
  PCTFREE 10 INITRANS 2 MAXTRANS 255 COMPUTE STATISTICS 
  STORAGE(INITIAL 65536 NEXT 1048576 MINEXTENTS 1 MAXEXTENTS 2147483645
  PCTINCREASE 0 FREELISTS 1 FREELIST GROUPS 1 BUFFER_POOL DEFAULT FLASH_CACHE DEFAULT CELL_FLASH_CACHE DEFAULT)
  TABLESPACE "SYSTEM" ;
--------------------------------------------------------
--  DDL for Index 엔터티2_PK5
--------------------------------------------------------

  CREATE UNIQUE INDEX "YUSUNGHO"."엔터티2_PK5" ON "YUSUNGHO"."COL_LIST" ("PRO_NUM", "COL_NUM", "COL_LIST_NUM") 
  PCTFREE 10 INITRANS 2 MAXTRANS 255 COMPUTE STATISTICS 
  STORAGE(INITIAL 65536 NEXT 1048576 MINEXTENTS 1 MAXEXTENTS 2147483645
  PCTINCREASE 0 FREELISTS 1 FREELIST GROUPS 1 BUFFER_POOL DEFAULT FLASH_CACHE DEFAULT CELL_FLASH_CACHE DEFAULT)
  TABLESPACE "SYSTEM" ;
--------------------------------------------------------
--  DDL for Index 엔터티1_PK4
--------------------------------------------------------

  CREATE UNIQUE INDEX "YUSUNGHO"."엔터티1_PK4" ON "YUSUNGHO"."GROUP_TABLE" ("GROUP_NUM") 
  PCTFREE 10 INITRANS 2 MAXTRANS 255 COMPUTE STATISTICS 
  STORAGE(INITIAL 65536 NEXT 1048576 MINEXTENTS 1 MAXEXTENTS 2147483645
  PCTINCREASE 0 FREELISTS 1 FREELIST GROUPS 1 BUFFER_POOL DEFAULT FLASH_CACHE DEFAULT CELL_FLASH_CACHE DEFAULT)
  TABLESPACE "SYSTEM" ;
--------------------------------------------------------
--  DDL for Index 엔터티1_PK5
--------------------------------------------------------

  CREATE UNIQUE INDEX "YUSUNGHO"."엔터티1_PK5" ON "YUSUNGHO"."JOIN_GROUP_LIST" ("GROUP_NUM", "USER_ID") 
  PCTFREE 10 INITRANS 2 MAXTRANS 255 COMPUTE STATISTICS 
  STORAGE(INITIAL 65536 NEXT 1048576 MINEXTENTS 1 MAXEXTENTS 2147483645
  PCTINCREASE 0 FREELISTS 1 FREELIST GROUPS 1 BUFFER_POOL DEFAULT FLASH_CACHE DEFAULT CELL_FLASH_CACHE DEFAULT)
  TABLESPACE "SYSTEM" ;
--------------------------------------------------------
--  DDL for Index 엔터티3_PK
--------------------------------------------------------

  CREATE UNIQUE INDEX "YUSUNGHO"."엔터티3_PK" ON "YUSUNGHO"."LEC_CONTENT" ("LECTURE_ID", "LEC_CONTENT_ID") 
  PCTFREE 10 INITRANS 2 MAXTRANS 255 COMPUTE STATISTICS 
  STORAGE(INITIAL 65536 NEXT 1048576 MINEXTENTS 1 MAXEXTENTS 2147483645
  PCTINCREASE 0 FREELISTS 1 FREELIST GROUPS 1 BUFFER_POOL DEFAULT FLASH_CACHE DEFAULT CELL_FLASH_CACHE DEFAULT)
  TABLESPACE "SYSTEM" ;
--------------------------------------------------------
--  DDL for Index 엔터티3_PK2
--------------------------------------------------------

  CREATE UNIQUE INDEX "YUSUNGHO"."엔터티3_PK2" ON "YUSUNGHO"."LEC_FILE" ("LECTURE_ID", "LEC_CONTENT_ID", "LEC_FILE_ID") 
  PCTFREE 10 INITRANS 2 MAXTRANS 255 COMPUTE STATISTICS 
  STORAGE(INITIAL 65536 NEXT 1048576 MINEXTENTS 1 MAXEXTENTS 2147483645
  PCTINCREASE 0 FREELISTS 1 FREELIST GROUPS 1 BUFFER_POOL DEFAULT FLASH_CACHE DEFAULT CELL_FLASH_CACHE DEFAULT)
  TABLESPACE "SYSTEM" ;
--------------------------------------------------------
--  DDL for Index 엔터티1_PK2
--------------------------------------------------------

  CREATE UNIQUE INDEX "YUSUNGHO"."엔터티1_PK2" ON "YUSUNGHO"."LECTURE" ("LECTURE_ID") 
  PCTFREE 10 INITRANS 2 MAXTRANS 255 COMPUTE STATISTICS 
  STORAGE(INITIAL 65536 NEXT 1048576 MINEXTENTS 1 MAXEXTENTS 2147483645
  PCTINCREASE 0 FREELISTS 1 FREELIST GROUPS 1 BUFFER_POOL DEFAULT FLASH_CACHE DEFAULT CELL_FLASH_CACHE DEFAULT)
  TABLESPACE "USERS" ;
--------------------------------------------------------
--  DDL for Index ORDERS_PK
--------------------------------------------------------

  CREATE UNIQUE INDEX "YUSUNGHO"."ORDERS_PK" ON "YUSUNGHO"."ORDERS" ("ORDER_ID", "ORDER_DATE") 
  PCTFREE 10 INITRANS 2 MAXTRANS 255 COMPUTE STATISTICS 
  STORAGE(INITIAL 65536 NEXT 1048576 MINEXTENTS 1 MAXEXTENTS 2147483645
  PCTINCREASE 0 FREELISTS 1 FREELIST GROUPS 1 BUFFER_POOL DEFAULT FLASH_CACHE DEFAULT CELL_FLASH_CACHE DEFAULT)
  TABLESPACE "USERS" ;
--------------------------------------------------------
--  DDL for Index 엔터티3_PK3
--------------------------------------------------------

  CREATE UNIQUE INDEX "YUSUNGHO"."엔터티3_PK3" ON "YUSUNGHO"."P_FILE" ("PRO_NUM") 
  PCTFREE 10 INITRANS 2 MAXTRANS 255 COMPUTE STATISTICS 
  STORAGE(INITIAL 65536 NEXT 1048576 MINEXTENTS 1 MAXEXTENTS 2147483645
  PCTINCREASE 0 FREELISTS 1 FREELIST GROUPS 1 BUFFER_POOL DEFAULT FLASH_CACHE DEFAULT CELL_FLASH_CACHE DEFAULT)
  TABLESPACE "SYSTEM" ;
--------------------------------------------------------
--  DDL for Index 엔터티3_PK4
--------------------------------------------------------

  CREATE UNIQUE INDEX "YUSUNGHO"."엔터티3_PK4" ON "YUSUNGHO"."POINT" ("USER_ID", "POINT_DATE") 
  PCTFREE 10 INITRANS 2 MAXTRANS 255 COMPUTE STATISTICS 
  STORAGE(INITIAL 65536 NEXT 1048576 MINEXTENTS 1 MAXEXTENTS 2147483645
  PCTINCREASE 0 FREELISTS 1 FREELIST GROUPS 1 BUFFER_POOL DEFAULT FLASH_CACHE DEFAULT CELL_FLASH_CACHE DEFAULT)
  TABLESPACE "USERS" ;
--------------------------------------------------------
--  DDL for Index 엔터티1_PK6
--------------------------------------------------------

  CREATE UNIQUE INDEX "YUSUNGHO"."엔터티1_PK6" ON "YUSUNGHO"."POST" ("POST_NUM") 
  PCTFREE 10 INITRANS 2 MAXTRANS 255 COMPUTE STATISTICS 
  STORAGE(INITIAL 65536 NEXT 1048576 MINEXTENTS 1 MAXEXTENTS 2147483645
  PCTINCREASE 0 FREELISTS 1 FREELIST GROUPS 1 BUFFER_POOL DEFAULT FLASH_CACHE DEFAULT CELL_FLASH_CACHE DEFAULT)
  TABLESPACE "SYSTEM" ;
--------------------------------------------------------
--  DDL for Index 엔터티2_PK2
--------------------------------------------------------

  CREATE UNIQUE INDEX "YUSUNGHO"."엔터티2_PK2" ON "YUSUNGHO"."POST_FILE" ("POST_NUM", "POST_FILE_NUM") 
  PCTFREE 10 INITRANS 2 MAXTRANS 255 COMPUTE STATISTICS 
  STORAGE(INITIAL 65536 NEXT 1048576 MINEXTENTS 1 MAXEXTENTS 2147483645
  PCTINCREASE 0 FREELISTS 1 FREELIST GROUPS 1 BUFFER_POOL DEFAULT FLASH_CACHE DEFAULT CELL_FLASH_CACHE DEFAULT)
  TABLESPACE "SYSTEM" ;
--------------------------------------------------------
--  DDL for Index 엔터티3_PK10
--------------------------------------------------------

  CREATE UNIQUE INDEX "YUSUNGHO"."엔터티3_PK10" ON "YUSUNGHO"."PRO_CATEGORY" ("CATEGORY_ID", "CATEGORY_NAME") 
  PCTFREE 10 INITRANS 2 MAXTRANS 255 COMPUTE STATISTICS 
  STORAGE(INITIAL 65536 NEXT 1048576 MINEXTENTS 1 MAXEXTENTS 2147483645
  PCTINCREASE 0 FREELISTS 1 FREELIST GROUPS 1 BUFFER_POOL DEFAULT FLASH_CACHE DEFAULT CELL_FLASH_CACHE DEFAULT)
  TABLESPACE "SYSTEM" ;
--------------------------------------------------------
--  DDL for Index 엔터티4_PK
--------------------------------------------------------

  CREATE UNIQUE INDEX "YUSUNGHO"."엔터티4_PK" ON "YUSUNGHO"."PRO_CHOICE" ("PRO_NUM", "CHO_NUM") 
  PCTFREE 10 INITRANS 2 MAXTRANS 255 COMPUTE STATISTICS 
  STORAGE(INITIAL 65536 NEXT 1048576 MINEXTENTS 1 MAXEXTENTS 2147483645
  PCTINCREASE 0 FREELISTS 1 FREELIST GROUPS 1 BUFFER_POOL DEFAULT FLASH_CACHE DEFAULT CELL_FLASH_CACHE DEFAULT)
  TABLESPACE "SYSTEM" ;
--------------------------------------------------------
--  DDL for Index 엔터티2_PK4
--------------------------------------------------------

  CREATE UNIQUE INDEX "YUSUNGHO"."엔터티2_PK4" ON "YUSUNGHO"."PRO_COLLECTION" ("COL_NUM") 
  PCTFREE 10 INITRANS 2 MAXTRANS 255 COMPUTE STATISTICS 
  STORAGE(INITIAL 65536 NEXT 1048576 MINEXTENTS 1 MAXEXTENTS 2147483645
  PCTINCREASE 0 FREELISTS 1 FREELIST GROUPS 1 BUFFER_POOL DEFAULT FLASH_CACHE DEFAULT CELL_FLASH_CACHE DEFAULT)
  TABLESPACE "SYSTEM" ;
--------------------------------------------------------
--  DDL for Index 엔터티3_PK5
--------------------------------------------------------

  CREATE UNIQUE INDEX "YUSUNGHO"."엔터티3_PK5" ON "YUSUNGHO"."PRO_EVAL" ("USER_ID", "PRO_NUM") 
  PCTFREE 10 INITRANS 2 MAXTRANS 255 COMPUTE STATISTICS 
  STORAGE(INITIAL 65536 NEXT 1048576 MINEXTENTS 1 MAXEXTENTS 2147483645
  PCTINCREASE 0 FREELISTS 1 FREELIST GROUPS 1 BUFFER_POOL DEFAULT FLASH_CACHE DEFAULT CELL_FLASH_CACHE DEFAULT)
  TABLESPACE "SYSTEM" ;
--------------------------------------------------------
--  DDL for Index 엔터티3_PK11
--------------------------------------------------------

  CREATE UNIQUE INDEX "YUSUNGHO"."엔터티3_PK11" ON "YUSUNGHO"."PRO_TAG" ("TAG_ID", "TAG_NAME", "TAG_ISCHOICE") 
  PCTFREE 10 INITRANS 2 MAXTRANS 255 COMPUTE STATISTICS 
  STORAGE(INITIAL 65536 NEXT 1048576 MINEXTENTS 1 MAXEXTENTS 2147483645
  PCTINCREASE 0 FREELISTS 1 FREELIST GROUPS 1 BUFFER_POOL DEFAULT FLASH_CACHE DEFAULT CELL_FLASH_CACHE DEFAULT)
  TABLESPACE "SYSTEM" ;
--------------------------------------------------------
--  DDL for Index 엔터티1_PK
--------------------------------------------------------

  CREATE UNIQUE INDEX "YUSUNGHO"."엔터티1_PK" ON "YUSUNGHO"."PROBLEM" ("PRO_NUM") 
  PCTFREE 10 INITRANS 2 MAXTRANS 255 COMPUTE STATISTICS 
  STORAGE(INITIAL 65536 NEXT 1048576 MINEXTENTS 1 MAXEXTENTS 2147483645
  PCTINCREASE 0 FREELISTS 1 FREELIST GROUPS 1 BUFFER_POOL DEFAULT FLASH_CACHE DEFAULT CELL_FLASH_CACHE DEFAULT)
  TABLESPACE "SYSTEM" ;
--------------------------------------------------------
--  DDL for Index 엔터티3_PK7
--------------------------------------------------------

  CREATE UNIQUE INDEX "YUSUNGHO"."엔터티3_PK7" ON "YUSUNGHO"."SCORE" ("USER_ID", "SCORE_DATE") 
  PCTFREE 10 INITRANS 2 MAXTRANS 255 COMPUTE STATISTICS 
  STORAGE(INITIAL 65536 NEXT 1048576 MINEXTENTS 1 MAXEXTENTS 2147483645
  PCTINCREASE 0 FREELISTS 1 FREELIST GROUPS 1 BUFFER_POOL DEFAULT FLASH_CACHE DEFAULT CELL_FLASH_CACHE DEFAULT)
  TABLESPACE "SYSTEM" ;
--------------------------------------------------------
--  DDL for Index 엔터티2_PK3
--------------------------------------------------------

  CREATE UNIQUE INDEX "YUSUNGHO"."엔터티2_PK3" ON "YUSUNGHO"."STUDENT" ("LECTURE_ID", "USER_ID") 
  PCTFREE 10 INITRANS 2 MAXTRANS 255 COMPUTE STATISTICS 
  STORAGE(INITIAL 65536 NEXT 1048576 MINEXTENTS 1 MAXEXTENTS 2147483645
  PCTINCREASE 0 FREELISTS 1 FREELIST GROUPS 1 BUFFER_POOL DEFAULT FLASH_CACHE DEFAULT CELL_FLASH_CACHE DEFAULT)
  TABLESPACE "SYSTEM" ;
--------------------------------------------------------
--  DDL for Index 엔터티1_PK9
--------------------------------------------------------

  CREATE UNIQUE INDEX "YUSUNGHO"."엔터티1_PK9" ON "YUSUNGHO"."USER_PRO_HISTORY" ("USER_ID", "PRO_NUM", "HISTORY_DATE") 
  PCTFREE 10 INITRANS 2 MAXTRANS 255 COMPUTE STATISTICS 
  STORAGE(INITIAL 65536 NEXT 1048576 MINEXTENTS 1 MAXEXTENTS 2147483645
  PCTINCREASE 0 FREELISTS 1 FREELIST GROUPS 1 BUFFER_POOL DEFAULT FLASH_CACHE DEFAULT CELL_FLASH_CACHE DEFAULT)
  TABLESPACE "SYSTEM" ;
--------------------------------------------------------
--  DDL for Index 엔터티1_PK7
--------------------------------------------------------

  CREATE UNIQUE INDEX "YUSUNGHO"."엔터티1_PK7" ON "YUSUNGHO"."USER_PRO_LIST" ("USER_ID", "PRO_NUM") 
  PCTFREE 10 INITRANS 2 MAXTRANS 255 COMPUTE STATISTICS 
  STORAGE(INITIAL 65536 NEXT 1048576 MINEXTENTS 1 MAXEXTENTS 2147483645
  PCTINCREASE 0 FREELISTS 1 FREELIST GROUPS 1 BUFFER_POOL DEFAULT FLASH_CACHE DEFAULT CELL_FLASH_CACHE DEFAULT)
  TABLESPACE "SYSTEM" ;
--------------------------------------------------------
--  DDL for Index 엔터티2_PK
--------------------------------------------------------

  CREATE UNIQUE INDEX "YUSUNGHO"."엔터티2_PK" ON "YUSUNGHO"."USER_TABLE" ("USER_ID") 
  PCTFREE 10 INITRANS 2 MAXTRANS 255 COMPUTE STATISTICS 
  STORAGE(INITIAL 65536 NEXT 1048576 MINEXTENTS 1 MAXEXTENTS 2147483645
  PCTINCREASE 0 FREELISTS 1 FREELIST GROUPS 1 BUFFER_POOL DEFAULT FLASH_CACHE DEFAULT CELL_FLASH_CACHE DEFAULT)
  TABLESPACE "SYSTEM" ;
--------------------------------------------------------
--  Constraints for Table BOARD
--------------------------------------------------------

  ALTER TABLE "YUSUNGHO"."BOARD" ADD CONSTRAINT "엔터티1_PK1" PRIMARY KEY ("BOARD_NUM")
  USING INDEX PCTFREE 10 INITRANS 2 MAXTRANS 255 COMPUTE STATISTICS 
  STORAGE(INITIAL 65536 NEXT 1048576 MINEXTENTS 1 MAXEXTENTS 2147483645
  PCTINCREASE 0 FREELISTS 1 FREELIST GROUPS 1 BUFFER_POOL DEFAULT FLASH_CACHE DEFAULT CELL_FLASH_CACHE DEFAULT)
  TABLESPACE "SYSTEM"  ENABLE;
  ALTER TABLE "YUSUNGHO"."BOARD" MODIFY ("BOARD_NUM" NOT NULL ENABLE);
--------------------------------------------------------
--  Constraints for Table CALENDER
--------------------------------------------------------

  ALTER TABLE "YUSUNGHO"."CALENDER" ADD CONSTRAINT "엔터티1_PK3" PRIMARY KEY ("USER_ID", "CAL_ID")
  USING INDEX PCTFREE 10 INITRANS 2 MAXTRANS 255 COMPUTE STATISTICS 
  STORAGE(INITIAL 65536 NEXT 1048576 MINEXTENTS 1 MAXEXTENTS 2147483645
  PCTINCREASE 0 FREELISTS 1 FREELIST GROUPS 1 BUFFER_POOL DEFAULT FLASH_CACHE DEFAULT CELL_FLASH_CACHE DEFAULT)
  TABLESPACE "SYSTEM"  ENABLE;
  ALTER TABLE "YUSUNGHO"."CALENDER" MODIFY ("USER_ID" NOT NULL ENABLE);
  ALTER TABLE "YUSUNGHO"."CALENDER" MODIFY ("CAL_ID" NOT NULL ENABLE);
--------------------------------------------------------
--  Constraints for Table COL_ANSWER
--------------------------------------------------------

  ALTER TABLE "YUSUNGHO"."COL_ANSWER" ADD CONSTRAINT "엔터티3_PK8" PRIMARY KEY ("USER_ID", "COL_NUM", "COL_SOLVEDATE", "COL_LIST_NUM")
  USING INDEX PCTFREE 10 INITRANS 2 MAXTRANS 255 COMPUTE STATISTICS 
  STORAGE(INITIAL 65536 NEXT 1048576 MINEXTENTS 1 MAXEXTENTS 2147483645
  PCTINCREASE 0 FREELISTS 1 FREELIST GROUPS 1 BUFFER_POOL DEFAULT FLASH_CACHE DEFAULT CELL_FLASH_CACHE DEFAULT)
  TABLESPACE "SYSTEM"  ENABLE;
  ALTER TABLE "YUSUNGHO"."COL_ANSWER" MODIFY ("COL_LIST_NUM" NOT NULL ENABLE);
  ALTER TABLE "YUSUNGHO"."COL_ANSWER" MODIFY ("PRO_NUM" NOT NULL ENABLE);
  ALTER TABLE "YUSUNGHO"."COL_ANSWER" MODIFY ("COL_SOLVEDATE" NOT NULL ENABLE);
  ALTER TABLE "YUSUNGHO"."COL_ANSWER" MODIFY ("COL_NUM" NOT NULL ENABLE);
  ALTER TABLE "YUSUNGHO"."COL_ANSWER" MODIFY ("USER_ID" NOT NULL ENABLE);
--------------------------------------------------------
--  Constraints for Table COL_EVAL
--------------------------------------------------------

  ALTER TABLE "YUSUNGHO"."COL_EVAL" ADD CONSTRAINT "엔터티3_PK6" PRIMARY KEY ("USER_ID", "COL_NUM")
  USING INDEX PCTFREE 10 INITRANS 2 MAXTRANS 255 COMPUTE STATISTICS 
  STORAGE(INITIAL 65536 NEXT 1048576 MINEXTENTS 1 MAXEXTENTS 2147483645
  PCTINCREASE 0 FREELISTS 1 FREELIST GROUPS 1 BUFFER_POOL DEFAULT FLASH_CACHE DEFAULT CELL_FLASH_CACHE DEFAULT)
  TABLESPACE "SYSTEM"  ENABLE;
  ALTER TABLE "YUSUNGHO"."COL_EVAL" MODIFY ("COL_NUM" NOT NULL ENABLE);
  ALTER TABLE "YUSUNGHO"."COL_EVAL" MODIFY ("USER_ID" NOT NULL ENABLE);
--------------------------------------------------------
--  Constraints for Table COL_HISTORY
--------------------------------------------------------

  ALTER TABLE "YUSUNGHO"."COL_HISTORY" ADD CONSTRAINT "엔터티3_PK1" PRIMARY KEY ("USER_ID", "COL_NUM", "COL_SOLVEDATE")
  USING INDEX PCTFREE 10 INITRANS 2 MAXTRANS 255 COMPUTE STATISTICS 
  STORAGE(INITIAL 65536 NEXT 1048576 MINEXTENTS 1 MAXEXTENTS 2147483645
  PCTINCREASE 0 FREELISTS 1 FREELIST GROUPS 1 BUFFER_POOL DEFAULT FLASH_CACHE DEFAULT CELL_FLASH_CACHE DEFAULT)
  TABLESPACE "SYSTEM"  ENABLE;
  ALTER TABLE "YUSUNGHO"."COL_HISTORY" MODIFY ("COL_NUM" NOT NULL ENABLE);
  ALTER TABLE "YUSUNGHO"."COL_HISTORY" MODIFY ("USER_ID" NOT NULL ENABLE);
  ALTER TABLE "YUSUNGHO"."COL_HISTORY" MODIFY ("COL_SOLVEDATE" NOT NULL ENABLE);
--------------------------------------------------------
--  Constraints for Table COL_LIST
--------------------------------------------------------

  ALTER TABLE "YUSUNGHO"."COL_LIST" ADD CONSTRAINT "엔터티2_PK5" PRIMARY KEY ("PRO_NUM", "COL_NUM", "COL_LIST_NUM")
  USING INDEX PCTFREE 10 INITRANS 2 MAXTRANS 255 COMPUTE STATISTICS 
  STORAGE(INITIAL 65536 NEXT 1048576 MINEXTENTS 1 MAXEXTENTS 2147483645
  PCTINCREASE 0 FREELISTS 1 FREELIST GROUPS 1 BUFFER_POOL DEFAULT FLASH_CACHE DEFAULT CELL_FLASH_CACHE DEFAULT)
  TABLESPACE "SYSTEM"  ENABLE;
  ALTER TABLE "YUSUNGHO"."COL_LIST" MODIFY ("COL_LIST_NUM" NOT NULL ENABLE);
  ALTER TABLE "YUSUNGHO"."COL_LIST" MODIFY ("COL_NUM" NOT NULL ENABLE);
  ALTER TABLE "YUSUNGHO"."COL_LIST" MODIFY ("PRO_NUM" NOT NULL ENABLE);
--------------------------------------------------------
--  Constraints for Table GROUP_TABLE
--------------------------------------------------------

  ALTER TABLE "YUSUNGHO"."GROUP_TABLE" ADD CONSTRAINT "엔터티1_PK4" PRIMARY KEY ("GROUP_NUM")
  USING INDEX PCTFREE 10 INITRANS 2 MAXTRANS 255 COMPUTE STATISTICS 
  STORAGE(INITIAL 65536 NEXT 1048576 MINEXTENTS 1 MAXEXTENTS 2147483645
  PCTINCREASE 0 FREELISTS 1 FREELIST GROUPS 1 BUFFER_POOL DEFAULT FLASH_CACHE DEFAULT CELL_FLASH_CACHE DEFAULT)
  TABLESPACE "SYSTEM"  ENABLE;
  ALTER TABLE "YUSUNGHO"."GROUP_TABLE" MODIFY ("GROUP_NUM" NOT NULL ENABLE);
--------------------------------------------------------
--  Constraints for Table JOIN_GROUP_LIST
--------------------------------------------------------

  ALTER TABLE "YUSUNGHO"."JOIN_GROUP_LIST" ADD CONSTRAINT "엔터티1_PK5" PRIMARY KEY ("GROUP_NUM", "USER_ID")
  USING INDEX PCTFREE 10 INITRANS 2 MAXTRANS 255 COMPUTE STATISTICS 
  STORAGE(INITIAL 65536 NEXT 1048576 MINEXTENTS 1 MAXEXTENTS 2147483645
  PCTINCREASE 0 FREELISTS 1 FREELIST GROUPS 1 BUFFER_POOL DEFAULT FLASH_CACHE DEFAULT CELL_FLASH_CACHE DEFAULT)
  TABLESPACE "SYSTEM"  ENABLE;
  ALTER TABLE "YUSUNGHO"."JOIN_GROUP_LIST" MODIFY ("USER_ID" NOT NULL ENABLE);
  ALTER TABLE "YUSUNGHO"."JOIN_GROUP_LIST" MODIFY ("GROUP_NUM" NOT NULL ENABLE);
--------------------------------------------------------
--  Constraints for Table LEC_CONTENT
--------------------------------------------------------

  ALTER TABLE "YUSUNGHO"."LEC_CONTENT" ADD CONSTRAINT "엔터티3_PK" PRIMARY KEY ("LECTURE_ID", "LEC_CONTENT_ID")
  USING INDEX PCTFREE 10 INITRANS 2 MAXTRANS 255 COMPUTE STATISTICS 
  STORAGE(INITIAL 65536 NEXT 1048576 MINEXTENTS 1 MAXEXTENTS 2147483645
  PCTINCREASE 0 FREELISTS 1 FREELIST GROUPS 1 BUFFER_POOL DEFAULT FLASH_CACHE DEFAULT CELL_FLASH_CACHE DEFAULT)
  TABLESPACE "SYSTEM"  ENABLE;
  ALTER TABLE "YUSUNGHO"."LEC_CONTENT" MODIFY ("LEC_CONTENT_ID" NOT NULL ENABLE);
  ALTER TABLE "YUSUNGHO"."LEC_CONTENT" MODIFY ("LECTURE_ID" NOT NULL ENABLE);
--------------------------------------------------------
--  Constraints for Table LEC_FILE
--------------------------------------------------------

  ALTER TABLE "YUSUNGHO"."LEC_FILE" ADD CONSTRAINT "엔터티3_PK2" PRIMARY KEY ("LECTURE_ID", "LEC_CONTENT_ID", "LEC_FILE_ID")
  USING INDEX PCTFREE 10 INITRANS 2 MAXTRANS 255 COMPUTE STATISTICS 
  STORAGE(INITIAL 65536 NEXT 1048576 MINEXTENTS 1 MAXEXTENTS 2147483645
  PCTINCREASE 0 FREELISTS 1 FREELIST GROUPS 1 BUFFER_POOL DEFAULT FLASH_CACHE DEFAULT CELL_FLASH_CACHE DEFAULT)
  TABLESPACE "SYSTEM"  ENABLE;
  ALTER TABLE "YUSUNGHO"."LEC_FILE" MODIFY ("LEC_CONTENT_ID" NOT NULL ENABLE);
  ALTER TABLE "YUSUNGHO"."LEC_FILE" MODIFY ("LECTURE_ID" NOT NULL ENABLE);
  ALTER TABLE "YUSUNGHO"."LEC_FILE" MODIFY ("LEC_FILE_ID" NOT NULL ENABLE);
--------------------------------------------------------
--  Constraints for Table LECTURE
--------------------------------------------------------

  ALTER TABLE "YUSUNGHO"."LECTURE" ADD CONSTRAINT "엔터티1_PK2" PRIMARY KEY ("LECTURE_ID")
  USING INDEX PCTFREE 10 INITRANS 2 MAXTRANS 255 COMPUTE STATISTICS 
  STORAGE(INITIAL 65536 NEXT 1048576 MINEXTENTS 1 MAXEXTENTS 2147483645
  PCTINCREASE 0 FREELISTS 1 FREELIST GROUPS 1 BUFFER_POOL DEFAULT FLASH_CACHE DEFAULT CELL_FLASH_CACHE DEFAULT)
  TABLESPACE "USERS"  ENABLE;
  ALTER TABLE "YUSUNGHO"."LECTURE" MODIFY ("USER_ID" NOT NULL ENABLE);
  ALTER TABLE "YUSUNGHO"."LECTURE" MODIFY ("LECTURE_ID" NOT NULL ENABLE);
--------------------------------------------------------
--  Constraints for Table ORDERS
--------------------------------------------------------

  ALTER TABLE "YUSUNGHO"."ORDERS" MODIFY ("ORDER_DATE" NOT NULL ENABLE);
  ALTER TABLE "YUSUNGHO"."ORDERS" MODIFY ("LECTURE_ID" NOT NULL ENABLE);
  ALTER TABLE "YUSUNGHO"."ORDERS" MODIFY ("USER_ID" NOT NULL ENABLE);
  ALTER TABLE "YUSUNGHO"."ORDERS" MODIFY ("ORDER_ID" NOT NULL ENABLE);
  ALTER TABLE "YUSUNGHO"."ORDERS" ADD CONSTRAINT "ORDERS_PK" PRIMARY KEY ("ORDER_ID", "ORDER_DATE")
  USING INDEX PCTFREE 10 INITRANS 2 MAXTRANS 255 COMPUTE STATISTICS 
  STORAGE(INITIAL 65536 NEXT 1048576 MINEXTENTS 1 MAXEXTENTS 2147483645
  PCTINCREASE 0 FREELISTS 1 FREELIST GROUPS 1 BUFFER_POOL DEFAULT FLASH_CACHE DEFAULT CELL_FLASH_CACHE DEFAULT)
  TABLESPACE "USERS"  ENABLE;
--------------------------------------------------------
--  Constraints for Table P_FILE
--------------------------------------------------------

  ALTER TABLE "YUSUNGHO"."P_FILE" ADD CONSTRAINT "엔터티3_PK3" PRIMARY KEY ("PRO_NUM")
  USING INDEX PCTFREE 10 INITRANS 2 MAXTRANS 255 COMPUTE STATISTICS 
  STORAGE(INITIAL 65536 NEXT 1048576 MINEXTENTS 1 MAXEXTENTS 2147483645
  PCTINCREASE 0 FREELISTS 1 FREELIST GROUPS 1 BUFFER_POOL DEFAULT FLASH_CACHE DEFAULT CELL_FLASH_CACHE DEFAULT)
  TABLESPACE "SYSTEM"  ENABLE;
  ALTER TABLE "YUSUNGHO"."P_FILE" MODIFY ("PRO_NUM" NOT NULL ENABLE);
--------------------------------------------------------
--  Constraints for Table POINT
--------------------------------------------------------

  ALTER TABLE "YUSUNGHO"."POINT" ADD CONSTRAINT "엔터티3_PK4" PRIMARY KEY ("USER_ID", "POINT_DATE")
  USING INDEX PCTFREE 10 INITRANS 2 MAXTRANS 255 COMPUTE STATISTICS 
  STORAGE(INITIAL 65536 NEXT 1048576 MINEXTENTS 1 MAXEXTENTS 2147483645
  PCTINCREASE 0 FREELISTS 1 FREELIST GROUPS 1 BUFFER_POOL DEFAULT FLASH_CACHE DEFAULT CELL_FLASH_CACHE DEFAULT)
  TABLESPACE "USERS"  ENABLE;
  ALTER TABLE "YUSUNGHO"."POINT" MODIFY ("USER_ID" NOT NULL ENABLE);
  ALTER TABLE "YUSUNGHO"."POINT" MODIFY ("POINT_DATE" NOT NULL ENABLE);
--------------------------------------------------------
--  Constraints for Table POST
--------------------------------------------------------

  ALTER TABLE "YUSUNGHO"."POST" ADD CONSTRAINT "엔터티1_PK6" PRIMARY KEY ("POST_NUM")
  USING INDEX PCTFREE 10 INITRANS 2 MAXTRANS 255 COMPUTE STATISTICS 
  STORAGE(INITIAL 65536 NEXT 1048576 MINEXTENTS 1 MAXEXTENTS 2147483645
  PCTINCREASE 0 FREELISTS 1 FREELIST GROUPS 1 BUFFER_POOL DEFAULT FLASH_CACHE DEFAULT CELL_FLASH_CACHE DEFAULT)
  TABLESPACE "SYSTEM"  ENABLE;
  ALTER TABLE "YUSUNGHO"."POST" MODIFY ("USER_ID" NOT NULL ENABLE);
  ALTER TABLE "YUSUNGHO"."POST" MODIFY ("BOARD_NUM" NOT NULL ENABLE);
  ALTER TABLE "YUSUNGHO"."POST" MODIFY ("POST_NUM" NOT NULL ENABLE);
--------------------------------------------------------
--  Constraints for Table POST_FILE
--------------------------------------------------------

  ALTER TABLE "YUSUNGHO"."POST_FILE" ADD CONSTRAINT "엔터티2_PK2" PRIMARY KEY ("POST_NUM", "POST_FILE_NUM")
  USING INDEX PCTFREE 10 INITRANS 2 MAXTRANS 255 COMPUTE STATISTICS 
  STORAGE(INITIAL 65536 NEXT 1048576 MINEXTENTS 1 MAXEXTENTS 2147483645
  PCTINCREASE 0 FREELISTS 1 FREELIST GROUPS 1 BUFFER_POOL DEFAULT FLASH_CACHE DEFAULT CELL_FLASH_CACHE DEFAULT)
  TABLESPACE "SYSTEM"  ENABLE;
  ALTER TABLE "YUSUNGHO"."POST_FILE" MODIFY ("POST_NUM" NOT NULL ENABLE);
  ALTER TABLE "YUSUNGHO"."POST_FILE" MODIFY ("POST_FILE_NUM" NOT NULL ENABLE);
--------------------------------------------------------
--  Constraints for Table PRO_CATEGORY
--------------------------------------------------------

  ALTER TABLE "YUSUNGHO"."PRO_CATEGORY" ADD CONSTRAINT "엔터티3_PK10" PRIMARY KEY ("CATEGORY_ID", "CATEGORY_NAME")
  USING INDEX PCTFREE 10 INITRANS 2 MAXTRANS 255 COMPUTE STATISTICS 
  STORAGE(INITIAL 65536 NEXT 1048576 MINEXTENTS 1 MAXEXTENTS 2147483645
  PCTINCREASE 0 FREELISTS 1 FREELIST GROUPS 1 BUFFER_POOL DEFAULT FLASH_CACHE DEFAULT CELL_FLASH_CACHE DEFAULT)
  TABLESPACE "SYSTEM"  ENABLE;
  ALTER TABLE "YUSUNGHO"."PRO_CATEGORY" MODIFY ("CATEGORY_NAME" NOT NULL ENABLE);
  ALTER TABLE "YUSUNGHO"."PRO_CATEGORY" MODIFY ("CATEGORY_ID" NOT NULL ENABLE);
--------------------------------------------------------
--  Constraints for Table PRO_CHOICE
--------------------------------------------------------

  ALTER TABLE "YUSUNGHO"."PRO_CHOICE" ADD CONSTRAINT "엔터티4_PK" PRIMARY KEY ("PRO_NUM", "CHO_NUM")
  USING INDEX PCTFREE 10 INITRANS 2 MAXTRANS 255 COMPUTE STATISTICS 
  STORAGE(INITIAL 65536 NEXT 1048576 MINEXTENTS 1 MAXEXTENTS 2147483645
  PCTINCREASE 0 FREELISTS 1 FREELIST GROUPS 1 BUFFER_POOL DEFAULT FLASH_CACHE DEFAULT CELL_FLASH_CACHE DEFAULT)
  TABLESPACE "SYSTEM"  ENABLE;
  ALTER TABLE "YUSUNGHO"."PRO_CHOICE" MODIFY ("CHO_NUM" NOT NULL ENABLE);
  ALTER TABLE "YUSUNGHO"."PRO_CHOICE" MODIFY ("PRO_NUM" NOT NULL ENABLE);
--------------------------------------------------------
--  Constraints for Table PRO_COLLECTION
--------------------------------------------------------

  ALTER TABLE "YUSUNGHO"."PRO_COLLECTION" ADD CONSTRAINT "엔터티2_PK4" PRIMARY KEY ("COL_NUM")
  USING INDEX PCTFREE 10 INITRANS 2 MAXTRANS 255 COMPUTE STATISTICS 
  STORAGE(INITIAL 65536 NEXT 1048576 MINEXTENTS 1 MAXEXTENTS 2147483645
  PCTINCREASE 0 FREELISTS 1 FREELIST GROUPS 1 BUFFER_POOL DEFAULT FLASH_CACHE DEFAULT CELL_FLASH_CACHE DEFAULT)
  TABLESPACE "SYSTEM"  ENABLE;
  ALTER TABLE "YUSUNGHO"."PRO_COLLECTION" MODIFY ("COL_NAME" NOT NULL ENABLE);
  ALTER TABLE "YUSUNGHO"."PRO_COLLECTION" MODIFY ("USER_ID" NOT NULL ENABLE);
  ALTER TABLE "YUSUNGHO"."PRO_COLLECTION" MODIFY ("COL_NUM" NOT NULL ENABLE);
--------------------------------------------------------
--  Constraints for Table PRO_EVAL
--------------------------------------------------------

  ALTER TABLE "YUSUNGHO"."PRO_EVAL" ADD CONSTRAINT "엔터티3_PK5" PRIMARY KEY ("USER_ID", "PRO_NUM")
  USING INDEX PCTFREE 10 INITRANS 2 MAXTRANS 255 COMPUTE STATISTICS 
  STORAGE(INITIAL 65536 NEXT 1048576 MINEXTENTS 1 MAXEXTENTS 2147483645
  PCTINCREASE 0 FREELISTS 1 FREELIST GROUPS 1 BUFFER_POOL DEFAULT FLASH_CACHE DEFAULT CELL_FLASH_CACHE DEFAULT)
  TABLESPACE "SYSTEM"  ENABLE;
  ALTER TABLE "YUSUNGHO"."PRO_EVAL" MODIFY ("PRO_NUM" NOT NULL ENABLE);
  ALTER TABLE "YUSUNGHO"."PRO_EVAL" MODIFY ("USER_ID" NOT NULL ENABLE);
--------------------------------------------------------
--  Constraints for Table PRO_TAG
--------------------------------------------------------

  ALTER TABLE "YUSUNGHO"."PRO_TAG" ADD CONSTRAINT "엔터티3_PK11" PRIMARY KEY ("TAG_ID", "TAG_NAME", "TAG_ISCHOICE")
  USING INDEX PCTFREE 10 INITRANS 2 MAXTRANS 255 COMPUTE STATISTICS 
  STORAGE(INITIAL 65536 NEXT 1048576 MINEXTENTS 1 MAXEXTENTS 2147483645
  PCTINCREASE 0 FREELISTS 1 FREELIST GROUPS 1 BUFFER_POOL DEFAULT FLASH_CACHE DEFAULT CELL_FLASH_CACHE DEFAULT)
  TABLESPACE "SYSTEM"  ENABLE;
  ALTER TABLE "YUSUNGHO"."PRO_TAG" MODIFY ("TAG_ISCHOICE" NOT NULL ENABLE);
  ALTER TABLE "YUSUNGHO"."PRO_TAG" MODIFY ("TAG_NAME" NOT NULL ENABLE);
  ALTER TABLE "YUSUNGHO"."PRO_TAG" MODIFY ("TAG_ID" NOT NULL ENABLE);
  ALTER TABLE "YUSUNGHO"."PRO_TAG" MODIFY ("CATEGORY_NAME" NOT NULL ENABLE);
  ALTER TABLE "YUSUNGHO"."PRO_TAG" MODIFY ("CATEGORY_ID" NOT NULL ENABLE);
--------------------------------------------------------
--  Constraints for Table PROBLEM
--------------------------------------------------------

  ALTER TABLE "YUSUNGHO"."PROBLEM" MODIFY ("USER_ID" NOT NULL ENABLE);
  ALTER TABLE "YUSUNGHO"."PROBLEM" ADD CONSTRAINT "엔터티1_PK" PRIMARY KEY ("PRO_NUM")
  USING INDEX PCTFREE 10 INITRANS 2 MAXTRANS 255 COMPUTE STATISTICS 
  STORAGE(INITIAL 65536 NEXT 1048576 MINEXTENTS 1 MAXEXTENTS 2147483645
  PCTINCREASE 0 FREELISTS 1 FREELIST GROUPS 1 BUFFER_POOL DEFAULT FLASH_CACHE DEFAULT CELL_FLASH_CACHE DEFAULT)
  TABLESPACE "SYSTEM"  ENABLE;
  ALTER TABLE "YUSUNGHO"."PROBLEM" MODIFY ("CATEGORY_NAME" NOT NULL ENABLE);
  ALTER TABLE "YUSUNGHO"."PROBLEM" MODIFY ("CATEGORY_ID" NOT NULL ENABLE);
  ALTER TABLE "YUSUNGHO"."PROBLEM" MODIFY ("PRO_NUM" NOT NULL ENABLE);
--------------------------------------------------------
--  Constraints for Table SCORE
--------------------------------------------------------

  ALTER TABLE "YUSUNGHO"."SCORE" MODIFY ("SCORE_DATE" NOT NULL ENABLE);
  ALTER TABLE "YUSUNGHO"."SCORE" ADD CONSTRAINT "엔터티3_PK7" PRIMARY KEY ("USER_ID", "SCORE_DATE")
  USING INDEX PCTFREE 10 INITRANS 2 MAXTRANS 255 COMPUTE STATISTICS 
  STORAGE(INITIAL 65536 NEXT 1048576 MINEXTENTS 1 MAXEXTENTS 2147483645
  PCTINCREASE 0 FREELISTS 1 FREELIST GROUPS 1 BUFFER_POOL DEFAULT FLASH_CACHE DEFAULT CELL_FLASH_CACHE DEFAULT)
  TABLESPACE "SYSTEM"  ENABLE;
  ALTER TABLE "YUSUNGHO"."SCORE" MODIFY ("USER_ID" NOT NULL ENABLE);
--------------------------------------------------------
--  Constraints for Table STUDENT
--------------------------------------------------------

  ALTER TABLE "YUSUNGHO"."STUDENT" ADD CONSTRAINT "엔터티2_PK3" PRIMARY KEY ("LECTURE_ID", "USER_ID")
  USING INDEX PCTFREE 10 INITRANS 2 MAXTRANS 255 COMPUTE STATISTICS 
  STORAGE(INITIAL 65536 NEXT 1048576 MINEXTENTS 1 MAXEXTENTS 2147483645
  PCTINCREASE 0 FREELISTS 1 FREELIST GROUPS 1 BUFFER_POOL DEFAULT FLASH_CACHE DEFAULT CELL_FLASH_CACHE DEFAULT)
  TABLESPACE "SYSTEM"  ENABLE;
  ALTER TABLE "YUSUNGHO"."STUDENT" MODIFY ("USER_ID" NOT NULL ENABLE);
  ALTER TABLE "YUSUNGHO"."STUDENT" MODIFY ("LECTURE_ID" NOT NULL ENABLE);
--------------------------------------------------------
--  Constraints for Table USER_PRO_HISTORY
--------------------------------------------------------

  ALTER TABLE "YUSUNGHO"."USER_PRO_HISTORY" ADD CONSTRAINT "엔터티1_PK9" PRIMARY KEY ("USER_ID", "PRO_NUM", "HISTORY_DATE")
  USING INDEX PCTFREE 10 INITRANS 2 MAXTRANS 255 COMPUTE STATISTICS 
  STORAGE(INITIAL 65536 NEXT 1048576 MINEXTENTS 1 MAXEXTENTS 2147483645
  PCTINCREASE 0 FREELISTS 1 FREELIST GROUPS 1 BUFFER_POOL DEFAULT FLASH_CACHE DEFAULT CELL_FLASH_CACHE DEFAULT)
  TABLESPACE "SYSTEM"  ENABLE;
  ALTER TABLE "YUSUNGHO"."USER_PRO_HISTORY" MODIFY ("HISTORY_DATE" NOT NULL ENABLE);
  ALTER TABLE "YUSUNGHO"."USER_PRO_HISTORY" MODIFY ("PRO_NUM" NOT NULL ENABLE);
  ALTER TABLE "YUSUNGHO"."USER_PRO_HISTORY" MODIFY ("USER_ID" NOT NULL ENABLE);
--------------------------------------------------------
--  Constraints for Table USER_PRO_LIST
--------------------------------------------------------

  ALTER TABLE "YUSUNGHO"."USER_PRO_LIST" ADD CONSTRAINT "엔터티1_PK7" PRIMARY KEY ("USER_ID", "PRO_NUM")
  USING INDEX PCTFREE 10 INITRANS 2 MAXTRANS 255 COMPUTE STATISTICS 
  STORAGE(INITIAL 65536 NEXT 1048576 MINEXTENTS 1 MAXEXTENTS 2147483645
  PCTINCREASE 0 FREELISTS 1 FREELIST GROUPS 1 BUFFER_POOL DEFAULT FLASH_CACHE DEFAULT CELL_FLASH_CACHE DEFAULT)
  TABLESPACE "SYSTEM"  ENABLE;
  ALTER TABLE "YUSUNGHO"."USER_PRO_LIST" MODIFY ("PRO_NUM" NOT NULL ENABLE);
  ALTER TABLE "YUSUNGHO"."USER_PRO_LIST" MODIFY ("USER_ID" NOT NULL ENABLE);
--------------------------------------------------------
--  Constraints for Table USER_TABLE
--------------------------------------------------------

  ALTER TABLE "YUSUNGHO"."USER_TABLE" ADD CONSTRAINT "엔터티2_PK" PRIMARY KEY ("USER_ID")
  USING INDEX PCTFREE 10 INITRANS 2 MAXTRANS 255 COMPUTE STATISTICS 
  STORAGE(INITIAL 65536 NEXT 1048576 MINEXTENTS 1 MAXEXTENTS 2147483645
  PCTINCREASE 0 FREELISTS 1 FREELIST GROUPS 1 BUFFER_POOL DEFAULT FLASH_CACHE DEFAULT CELL_FLASH_CACHE DEFAULT)
  TABLESPACE "SYSTEM"  ENABLE;
  ALTER TABLE "YUSUNGHO"."USER_TABLE" MODIFY ("USER_ID" NOT NULL ENABLE);
